ISO-10303-21;
HEADER;
FILE_DESCRIPTION(('KiCad electronic assembly'),'2;1');
FILE_NAME('batteriedeckel.step','2025-09-24T10:04:37',('Pcbnew'),(
    'Kicad'),'Open CASCADE STEP processor 7.6','KiCad to STEP converter'
  ,'Unknown');
FILE_SCHEMA(('AUTOMOTIVE_DESIGN { 1 0 10303 214 1 1 1 1 }'));
ENDSEC;
DATA;
#1 = APPLICATION_PROTOCOL_DEFINITION('international standard',
  'automotive_design',2000,#2);
#2 = APPLICATION_CONTEXT(
  'core data for automotive mechanical design processes');
#3 = SHAPE_DEFINITION_REPRESENTATION(#4,#10);
#4 = PRODUCT_DEFINITION_SHAPE('','',#5);
#5 = PRODUCT_DEFINITION('design','',#6,#9);
#6 = PRODUCT_DEFINITION_FORMATION('','',#7);
#7 = PRODUCT('batteriedeckel 1','batteriedeckel 1','',(#8));
#8 = PRODUCT_CONTEXT('',#2,'mechanical');
#9 = PRODUCT_DEFINITION_CONTEXT('part definition',#2,'design');
#10 = SHAPE_REPRESENTATION('',(#11,#15,#19),#23);
#11 = AXIS2_PLACEMENT_3D('',#12,#13,#14);
#12 = CARTESIAN_POINT('',(0.,0.,0.));
#13 = DIRECTION('',(0.,0.,1.));
#14 = DIRECTION('',(1.,0.,-0.));
#15 = AXIS2_PLACEMENT_3D('',#16,#17,#18);
#16 = CARTESIAN_POINT('',(100.,-100.,1.65));
#17 = DIRECTION('',(0.,0.,1.));
#18 = DIRECTION('',(-1.,1.224646799147E-16,0.));
#19 = AXIS2_PLACEMENT_3D('',#20,#21,#22);
#20 = CARTESIAN_POINT('',(0.,0.,0.));
#21 = DIRECTION('',(0.,0.,1.));
#22 = DIRECTION('',(1.,0.,-0.));
#23 = ( GEOMETRIC_REPRESENTATION_CONTEXT(3) 
GLOBAL_UNCERTAINTY_ASSIGNED_CONTEXT((#27)) GLOBAL_UNIT_ASSIGNED_CONTEXT(
(#24,#25,#26)) REPRESENTATION_CONTEXT('Context #1',
  '3D Context with UNIT and UNCERTAINTY') );
#24 = ( LENGTH_UNIT() NAMED_UNIT(*) SI_UNIT(.MILLI.,.METRE.) );
#25 = ( NAMED_UNIT(*) PLANE_ANGLE_UNIT() SI_UNIT($,.RADIAN.) );
#26 = ( NAMED_UNIT(*) SI_UNIT($,.STERADIAN.) SOLID_ANGLE_UNIT() );
#27 = UNCERTAINTY_MEASURE_WITH_UNIT(LENGTH_MEASURE(5.E-06),#24,
  'distance_accuracy_value','confusion accuracy');
#28 = PRODUCT_RELATED_PRODUCT_CATEGORY('part',$,(#7));
#29 = SHAPE_DEFINITION_REPRESENTATION(#30,#36);
#30 = PRODUCT_DEFINITION_SHAPE('','',#31);
#31 = PRODUCT_DEFINITION('design','',#32,#35);
#32 = PRODUCT_DEFINITION_FORMATION('','',#33);
#33 = PRODUCT('PinSocket_2x03_P2.00mm_Vertical_SMD',
  'PinSocket_2x03_P2.00mm_Vertical_SMD','',(#34));
#34 = PRODUCT_CONTEXT('',#2,'mechanical');
#35 = PRODUCT_DEFINITION_CONTEXT('part definition',#2,'design');
#36 = SHAPE_REPRESENTATION('',(#11,#37),#41);
#37 = AXIS2_PLACEMENT_3D('',#38,#39,#40);
#38 = CARTESIAN_POINT('',(0.,0.,0.));
#39 = DIRECTION('',(0.,0.,1.));
#40 = DIRECTION('',(1.,0.,-0.));
#41 = ( GEOMETRIC_REPRESENTATION_CONTEXT(3) 
GLOBAL_UNCERTAINTY_ASSIGNED_CONTEXT((#45)) GLOBAL_UNIT_ASSIGNED_CONTEXT(
(#42,#43,#44)) REPRESENTATION_CONTEXT('Context #1',
  '3D Context with UNIT and UNCERTAINTY') );
#42 = ( LENGTH_UNIT() NAMED_UNIT(*) SI_UNIT(.MILLI.,.METRE.) );
#43 = ( NAMED_UNIT(*) PLANE_ANGLE_UNIT() SI_UNIT($,.RADIAN.) );
#44 = ( NAMED_UNIT(*) SI_UNIT($,.STERADIAN.) SOLID_ANGLE_UNIT() );
#45 = UNCERTAINTY_MEASURE_WITH_UNIT(LENGTH_MEASURE(1.E-07),#42,
  'distance_accuracy_value','confusion accuracy');
#46 = CONTEXT_DEPENDENT_SHAPE_REPRESENTATION(#47,#49);
#47 = ( REPRESENTATION_RELATIONSHIP('','',#36,#10) 
REPRESENTATION_RELATIONSHIP_WITH_TRANSFORMATION(#48) 
SHAPE_REPRESENTATION_RELATIONSHIP() );
#48 = ITEM_DEFINED_TRANSFORMATION('','',#11,#15);
#49 = PRODUCT_DEFINITION_SHAPE('Placement','Placement of an item',#50);
#50 = NEXT_ASSEMBLY_USAGE_OCCURRENCE('2','J1','',#5,#31,$);
#51 = PRODUCT_RELATED_PRODUCT_CATEGORY('part',$,(#33));
#52 = SHAPE_DEFINITION_REPRESENTATION(#53,#59);
#53 = PRODUCT_DEFINITION_SHAPE('','',#54);
#54 = PRODUCT_DEFINITION('design','',#55,#58);
#55 = PRODUCT_DEFINITION_FORMATION('','',#56);
#56 = PRODUCT('PinSocket_2x03_P2.00mm_Vertical_SMD',
  'PinSocket_2x03_P2.00mm_Vertical_SMD','',(#57));
#57 = PRODUCT_CONTEXT('',#2,'mechanical');
#58 = PRODUCT_DEFINITION_CONTEXT('part definition',#2,'design');
#59 = ADVANCED_BREP_SHAPE_REPRESENTATION('',(#11,#60),#5610);
#60 = MANIFOLD_SOLID_BREP('',#61);
#61 = CLOSED_SHELL('',(#62,#102,#165,#228,#245,#466,#488,#505,#918,#930,
    #942,#973,#997,#1021,#1038,#1069,#1093,#1117,#1134,#1165,#1189,#1213
    ,#1230,#1261,#1285,#1309,#1326,#1357,#1381,#1405,#1422,#1453,#1477,
    #1501,#1518,#1535,#1566,#1583,#1614,#1631,#1662,#1679,#1710,#1727,
    #1758,#1775,#1806,#1823,#1854,#1871,#1902,#1919,#1950,#1967,#1998,
    #2015,#2046,#2063,#2094,#2125,#2181,#2205,#2254,#2285,#2341,#2365,
    #2414,#2445,#2501,#2525,#2574,#2605,#2661,#2685,#2734,#2765,#2821,
    #2845,#2894,#2925,#2981,#3005,#3054,#3089,#3114,#3141,#3158,#3193,
    #3218,#3245,#3262,#3297,#3322,#3349,#3366,#3401,#3426,#3453,#3470,
    #3505,#3530,#3557,#3574,#3609,#3634,#3661,#3678,#3695,#3712,#3761,
    #3785,#3827,#3844,#3861,#3878,#3927,#3951,#3993,#4010,#4027,#4044,
    #4093,#4117,#4159,#4176,#4193,#4210,#4259,#4283,#4325,#4342,#4359,
    #4376,#4425,#4449,#4491,#4508,#4525,#4542,#4591,#4615,#4657,#4674,
    #4705,#4730,#4754,#4772,#4803,#4828,#4852,#4870,#4901,#4926,#4950,
    #4968,#4999,#5024,#5048,#5066,#5097,#5122,#5146,#5164,#5195,#5220,
    #5244,#5262,#5279,#5296,#5308,#5325,#5342,#5354,#5371,#5388,#5400,
    #5417,#5434,#5446,#5463,#5480,#5492,#5509,#5526,#5538,#5550,#5562,
    #5574,#5586,#5598));
#62 = ADVANCED_FACE('',(#63),#97,.F.);
#63 = FACE_BOUND('',#64,.F.);
#64 = EDGE_LOOP('',(#65,#75,#83,#91));
#65 = ORIENTED_EDGE('',*,*,#66,.T.);
#66 = EDGE_CURVE('',#67,#69,#71,.T.);
#67 = VERTEX_POINT('',#68);
#68 = CARTESIAN_POINT('',(2.,-3.,0.25));
#69 = VERTEX_POINT('',#70);
#70 = CARTESIAN_POINT('',(2.,-3.,4.55));
#71 = LINE('',#72,#73);
#72 = CARTESIAN_POINT('',(2.,-3.,0.25));
#73 = VECTOR('',#74,1.);
#74 = DIRECTION('',(0.,0.,1.));
#75 = ORIENTED_EDGE('',*,*,#76,.T.);
#76 = EDGE_CURVE('',#69,#77,#79,.T.);
#77 = VERTEX_POINT('',#78);
#78 = CARTESIAN_POINT('',(2.,3.,4.55));
#79 = LINE('',#80,#81);
#80 = CARTESIAN_POINT('',(2.,-3.,4.55));
#81 = VECTOR('',#82,1.);
#82 = DIRECTION('',(1.110223024625E-16,1.,0.));
#83 = ORIENTED_EDGE('',*,*,#84,.F.);
#84 = EDGE_CURVE('',#85,#77,#87,.T.);
#85 = VERTEX_POINT('',#86);
#86 = CARTESIAN_POINT('',(2.,3.,0.25));
#87 = LINE('',#88,#89);
#88 = CARTESIAN_POINT('',(2.,3.,0.25));
#89 = VECTOR('',#90,1.);
#90 = DIRECTION('',(0.,0.,1.));
#91 = ORIENTED_EDGE('',*,*,#92,.F.);
#92 = EDGE_CURVE('',#67,#85,#93,.T.);
#93 = LINE('',#94,#95);
#94 = CARTESIAN_POINT('',(2.,-3.,0.25));
#95 = VECTOR('',#96,1.);
#96 = DIRECTION('',(1.110223024625E-16,1.,0.));
#97 = PLANE('',#98);
#98 = AXIS2_PLACEMENT_3D('',#99,#100,#101);
#99 = CARTESIAN_POINT('',(2.,-3.,0.25));
#100 = DIRECTION('',(-1.,1.110223024625E-16,0.));
#101 = DIRECTION('',(1.110223024625E-16,1.,0.));
#102 = ADVANCED_FACE('',(#103),#160,.F.);
#103 = FACE_BOUND('',#104,.F.);
#104 = EDGE_LOOP('',(#105,#115,#123,#129,#130,#138,#146,#154));
#105 = ORIENTED_EDGE('',*,*,#106,.F.);
#106 = EDGE_CURVE('',#107,#109,#111,.T.);
#107 = VERTEX_POINT('',#108);
#108 = CARTESIAN_POINT('',(-2.,-3.,0.25));
#109 = VERTEX_POINT('',#110);
#110 = CARTESIAN_POINT('',(-1.333333333333,-3.,0.25));
#111 = LINE('',#112,#113);
#112 = CARTESIAN_POINT('',(-2.,-3.,0.25));
#113 = VECTOR('',#114,1.);
#114 = DIRECTION('',(1.,-1.110223024625E-16,0.));
#115 = ORIENTED_EDGE('',*,*,#116,.T.);
#116 = EDGE_CURVE('',#107,#117,#119,.T.);
#117 = VERTEX_POINT('',#118);
#118 = CARTESIAN_POINT('',(-2.,-3.,4.55));
#119 = LINE('',#120,#121);
#120 = CARTESIAN_POINT('',(-2.,-3.,0.25));
#121 = VECTOR('',#122,1.);
#122 = DIRECTION('',(0.,0.,1.));
#123 = ORIENTED_EDGE('',*,*,#124,.T.);
#124 = EDGE_CURVE('',#117,#69,#125,.T.);
#125 = LINE('',#126,#127);
#126 = CARTESIAN_POINT('',(-2.,-3.,4.55));
#127 = VECTOR('',#128,1.);
#128 = DIRECTION('',(1.,-1.110223024625E-16,0.));
#129 = ORIENTED_EDGE('',*,*,#66,.F.);
#130 = ORIENTED_EDGE('',*,*,#131,.F.);
#131 = EDGE_CURVE('',#132,#67,#134,.T.);
#132 = VERTEX_POINT('',#133);
#133 = CARTESIAN_POINT('',(1.333333333333,-3.,0.25));
#134 = LINE('',#135,#136);
#135 = CARTESIAN_POINT('',(-2.,-3.,0.25));
#136 = VECTOR('',#137,1.);
#137 = DIRECTION('',(1.,-1.110223024625E-16,0.));
#138 = ORIENTED_EDGE('',*,*,#139,.T.);
#139 = EDGE_CURVE('',#132,#140,#142,.T.);
#140 = VERTEX_POINT('',#141);
#141 = CARTESIAN_POINT('',(1.333333333333,-3.,0.45));
#142 = LINE('',#143,#144);
#143 = CARTESIAN_POINT('',(1.333333333333,-3.,0.25));
#144 = VECTOR('',#145,1.);
#145 = DIRECTION('',(0.,0.,1.));
#146 = ORIENTED_EDGE('',*,*,#147,.F.);
#147 = EDGE_CURVE('',#148,#140,#150,.T.);
#148 = VERTEX_POINT('',#149);
#149 = CARTESIAN_POINT('',(-1.333333333333,-3.,0.45));
#150 = LINE('',#151,#152);
#151 = CARTESIAN_POINT('',(-1.333333333333,-3.,0.45));
#152 = VECTOR('',#153,1.);
#153 = DIRECTION('',(1.,-1.110223024625E-16,0.));
#154 = ORIENTED_EDGE('',*,*,#155,.F.);
#155 = EDGE_CURVE('',#109,#148,#156,.T.);
#156 = LINE('',#157,#158);
#157 = CARTESIAN_POINT('',(-1.333333333333,-3.,0.25));
#158 = VECTOR('',#159,1.);
#159 = DIRECTION('',(0.,0.,1.));
#160 = PLANE('',#161);
#161 = AXIS2_PLACEMENT_3D('',#162,#163,#164);
#162 = CARTESIAN_POINT('',(-2.,-3.,0.25));
#163 = DIRECTION('',(1.110223024625E-16,1.,0.));
#164 = DIRECTION('',(1.,-1.110223024625E-16,0.));
#165 = ADVANCED_FACE('',(#166),#223,.F.);
#166 = FACE_BOUND('',#167,.F.);
#167 = EDGE_LOOP('',(#168,#176,#177,#185,#193,#201,#209,#217));
#168 = ORIENTED_EDGE('',*,*,#169,.F.);
#169 = EDGE_CURVE('',#85,#170,#172,.T.);
#170 = VERTEX_POINT('',#171);
#171 = CARTESIAN_POINT('',(1.333333333333,3.,0.25));
#172 = LINE('',#173,#174);
#173 = CARTESIAN_POINT('',(2.,3.,0.25));
#174 = VECTOR('',#175,1.);
#175 = DIRECTION('',(-1.,1.110223024625E-16,0.));
#176 = ORIENTED_EDGE('',*,*,#84,.T.);
#177 = ORIENTED_EDGE('',*,*,#178,.T.);
#178 = EDGE_CURVE('',#77,#179,#181,.T.);
#179 = VERTEX_POINT('',#180);
#180 = CARTESIAN_POINT('',(-2.,3.,4.55));
#181 = LINE('',#182,#183);
#182 = CARTESIAN_POINT('',(2.,3.,4.55));
#183 = VECTOR('',#184,1.);
#184 = DIRECTION('',(-1.,1.110223024625E-16,0.));
#185 = ORIENTED_EDGE('',*,*,#186,.F.);
#186 = EDGE_CURVE('',#187,#179,#189,.T.);
#187 = VERTEX_POINT('',#188);
#188 = CARTESIAN_POINT('',(-2.,3.,0.25));
#189 = LINE('',#190,#191);
#190 = CARTESIAN_POINT('',(-2.,3.,0.25));
#191 = VECTOR('',#192,1.);
#192 = DIRECTION('',(0.,0.,1.));
#193 = ORIENTED_EDGE('',*,*,#194,.F.);
#194 = EDGE_CURVE('',#195,#187,#197,.T.);
#195 = VERTEX_POINT('',#196);
#196 = CARTESIAN_POINT('',(-1.333333333333,3.,0.25));
#197 = LINE('',#198,#199);
#198 = CARTESIAN_POINT('',(2.,3.,0.25));
#199 = VECTOR('',#200,1.);
#200 = DIRECTION('',(-1.,1.110223024625E-16,0.));
#201 = ORIENTED_EDGE('',*,*,#202,.T.);
#202 = EDGE_CURVE('',#195,#203,#205,.T.);
#203 = VERTEX_POINT('',#204);
#204 = CARTESIAN_POINT('',(-1.333333333333,3.,0.45));
#205 = LINE('',#206,#207);
#206 = CARTESIAN_POINT('',(-1.333333333333,3.,0.25));
#207 = VECTOR('',#208,1.);
#208 = DIRECTION('',(0.,0.,1.));
#209 = ORIENTED_EDGE('',*,*,#210,.F.);
#210 = EDGE_CURVE('',#211,#203,#213,.T.);
#211 = VERTEX_POINT('',#212);
#212 = CARTESIAN_POINT('',(1.333333333333,3.,0.45));
#213 = LINE('',#214,#215);
#214 = CARTESIAN_POINT('',(1.333333333333,3.,0.45));
#215 = VECTOR('',#216,1.);
#216 = DIRECTION('',(-1.,1.110223024625E-16,0.));
#217 = ORIENTED_EDGE('',*,*,#218,.F.);
#218 = EDGE_CURVE('',#170,#211,#219,.T.);
#219 = LINE('',#220,#221);
#220 = CARTESIAN_POINT('',(1.333333333333,3.,0.25));
#221 = VECTOR('',#222,1.);
#222 = DIRECTION('',(0.,0.,1.));
#223 = PLANE('',#224);
#224 = AXIS2_PLACEMENT_3D('',#225,#226,#227);
#225 = CARTESIAN_POINT('',(2.,3.,0.25));
#226 = DIRECTION('',(-1.110223024625E-16,-1.,0.));
#227 = DIRECTION('',(-1.,1.110223024625E-16,0.));
#228 = ADVANCED_FACE('',(#229),#240,.F.);
#229 = FACE_BOUND('',#230,.F.);
#230 = EDGE_LOOP('',(#231,#232,#233,#234));
#231 = ORIENTED_EDGE('',*,*,#131,.T.);
#232 = ORIENTED_EDGE('',*,*,#92,.T.);
#233 = ORIENTED_EDGE('',*,*,#169,.T.);
#234 = ORIENTED_EDGE('',*,*,#235,.F.);
#235 = EDGE_CURVE('',#132,#170,#236,.T.);
#236 = LINE('',#237,#238);
#237 = CARTESIAN_POINT('',(1.333333333333,-3.,0.25));
#238 = VECTOR('',#239,1.);
#239 = DIRECTION('',(1.110223024625E-16,1.,0.));
#240 = PLANE('',#241);
#241 = AXIS2_PLACEMENT_3D('',#242,#243,#244);
#242 = CARTESIAN_POINT('',(0.,0.,0.25));
#243 = DIRECTION('',(0.,0.,1.));
#244 = DIRECTION('',(1.110223024625E-16,1.,-0.));
#245 = ADVANCED_FACE('',(#246,#257,#291,#325,#359,#393,#427),#461,.T.);
#246 = FACE_BOUND('',#247,.T.);
#247 = EDGE_LOOP('',(#248,#249,#250,#256));
#248 = ORIENTED_EDGE('',*,*,#76,.T.);
#249 = ORIENTED_EDGE('',*,*,#178,.T.);
#250 = ORIENTED_EDGE('',*,*,#251,.T.);
#251 = EDGE_CURVE('',#179,#117,#252,.T.);
#252 = LINE('',#253,#254);
#253 = CARTESIAN_POINT('',(-2.,3.,4.55));
#254 = VECTOR('',#255,1.);
#255 = DIRECTION('',(-1.110223024625E-16,-1.,0.));
#256 = ORIENTED_EDGE('',*,*,#124,.T.);
#257 = FACE_BOUND('',#258,.T.);
#258 = EDGE_LOOP('',(#259,#269,#277,#285));
#259 = ORIENTED_EDGE('',*,*,#260,.F.);
#260 = EDGE_CURVE('',#261,#263,#265,.T.);
#261 = VERTEX_POINT('',#262);
#262 = CARTESIAN_POINT('',(0.5,-1.5,4.55));
#263 = VERTEX_POINT('',#264);
#264 = CARTESIAN_POINT('',(0.5,-2.5,4.55));
#265 = LINE('',#266,#267);
#266 = CARTESIAN_POINT('',(0.5,-1.5,4.55));
#267 = VECTOR('',#268,1.);
#268 = DIRECTION('',(-2.334869823773E-16,-1.,0.));
#269 = ORIENTED_EDGE('',*,*,#270,.F.);
#270 = EDGE_CURVE('',#271,#261,#273,.T.);
#271 = VERTEX_POINT('',#272);
#272 = CARTESIAN_POINT('',(1.5,-1.5,4.55));
#273 = LINE('',#274,#275);
#274 = CARTESIAN_POINT('',(1.5,-1.5,4.55));
#275 = VECTOR('',#276,1.);
#276 = DIRECTION('',(-1.,2.334869823773E-16,0.));
#277 = ORIENTED_EDGE('',*,*,#278,.F.);
#278 = EDGE_CURVE('',#279,#271,#281,.T.);
#279 = VERTEX_POINT('',#280);
#280 = CARTESIAN_POINT('',(1.5,-2.5,4.55));
#281 = LINE('',#282,#283);
#282 = CARTESIAN_POINT('',(1.5,-2.5,4.55));
#283 = VECTOR('',#284,1.);
#284 = DIRECTION('',(2.334869823773E-16,1.,0.));
#285 = ORIENTED_EDGE('',*,*,#286,.F.);
#286 = EDGE_CURVE('',#263,#279,#287,.T.);
#287 = LINE('',#288,#289);
#288 = CARTESIAN_POINT('',(0.5,-2.5,4.55));
#289 = VECTOR('',#290,1.);
#290 = DIRECTION('',(1.,-2.334869823773E-16,0.));
#291 = FACE_BOUND('',#292,.T.);
#292 = EDGE_LOOP('',(#293,#303,#311,#319));
#293 = ORIENTED_EDGE('',*,*,#294,.F.);
#294 = EDGE_CURVE('',#295,#297,#299,.T.);
#295 = VERTEX_POINT('',#296);
#296 = CARTESIAN_POINT('',(0.5,0.5,4.55));
#297 = VERTEX_POINT('',#298);
#298 = CARTESIAN_POINT('',(0.5,-0.5,4.55));
#299 = LINE('',#300,#301);
#300 = CARTESIAN_POINT('',(0.5,0.5,4.55));
#301 = VECTOR('',#302,1.);
#302 = DIRECTION('',(-2.334869823773E-16,-1.,0.));
#303 = ORIENTED_EDGE('',*,*,#304,.F.);
#304 = EDGE_CURVE('',#305,#295,#307,.T.);
#305 = VERTEX_POINT('',#306);
#306 = CARTESIAN_POINT('',(1.5,0.5,4.55));
#307 = LINE('',#308,#309);
#308 = CARTESIAN_POINT('',(1.5,0.5,4.55));
#309 = VECTOR('',#310,1.);
#310 = DIRECTION('',(-1.,2.334869823773E-16,0.));
#311 = ORIENTED_EDGE('',*,*,#312,.F.);
#312 = EDGE_CURVE('',#313,#305,#315,.T.);
#313 = VERTEX_POINT('',#314);
#314 = CARTESIAN_POINT('',(1.5,-0.5,4.55));
#315 = LINE('',#316,#317);
#316 = CARTESIAN_POINT('',(1.5,-0.5,4.55));
#317 = VECTOR('',#318,1.);
#318 = DIRECTION('',(2.334869823773E-16,1.,0.));
#319 = ORIENTED_EDGE('',*,*,#320,.F.);
#320 = EDGE_CURVE('',#297,#313,#321,.T.);
#321 = LINE('',#322,#323);
#322 = CARTESIAN_POINT('',(0.5,-0.5,4.55));
#323 = VECTOR('',#324,1.);
#324 = DIRECTION('',(1.,-2.334869823773E-16,0.));
#325 = FACE_BOUND('',#326,.T.);
#326 = EDGE_LOOP('',(#327,#337,#345,#353));
#327 = ORIENTED_EDGE('',*,*,#328,.F.);
#328 = EDGE_CURVE('',#329,#331,#333,.T.);
#329 = VERTEX_POINT('',#330);
#330 = CARTESIAN_POINT('',(0.5,2.5,4.55));
#331 = VERTEX_POINT('',#332);
#332 = CARTESIAN_POINT('',(0.5,1.5,4.55));
#333 = LINE('',#334,#335);
#334 = CARTESIAN_POINT('',(0.5,2.5,4.55));
#335 = VECTOR('',#336,1.);
#336 = DIRECTION('',(-2.334869823773E-16,-1.,0.));
#337 = ORIENTED_EDGE('',*,*,#338,.F.);
#338 = EDGE_CURVE('',#339,#329,#341,.T.);
#339 = VERTEX_POINT('',#340);
#340 = CARTESIAN_POINT('',(1.5,2.5,4.55));
#341 = LINE('',#342,#343);
#342 = CARTESIAN_POINT('',(1.5,2.5,4.55));
#343 = VECTOR('',#344,1.);
#344 = DIRECTION('',(-1.,2.334869823773E-16,0.));
#345 = ORIENTED_EDGE('',*,*,#346,.F.);
#346 = EDGE_CURVE('',#347,#339,#349,.T.);
#347 = VERTEX_POINT('',#348);
#348 = CARTESIAN_POINT('',(1.5,1.5,4.55));
#349 = LINE('',#350,#351);
#350 = CARTESIAN_POINT('',(1.5,1.5,4.55));
#351 = VECTOR('',#352,1.);
#352 = DIRECTION('',(2.334869823773E-16,1.,0.));
#353 = ORIENTED_EDGE('',*,*,#354,.F.);
#354 = EDGE_CURVE('',#331,#347,#355,.T.);
#355 = LINE('',#356,#357);
#356 = CARTESIAN_POINT('',(0.5,1.5,4.55));
#357 = VECTOR('',#358,1.);
#358 = DIRECTION('',(1.,-2.334869823773E-16,0.));
#359 = FACE_BOUND('',#360,.T.);
#360 = EDGE_LOOP('',(#361,#371,#379,#387));
#361 = ORIENTED_EDGE('',*,*,#362,.F.);
#362 = EDGE_CURVE('',#363,#365,#367,.T.);
#363 = VERTEX_POINT('',#364);
#364 = CARTESIAN_POINT('',(-0.5,-2.5,4.55));
#365 = VERTEX_POINT('',#366);
#366 = CARTESIAN_POINT('',(-0.5,-1.5,4.55));
#367 = LINE('',#368,#369);
#368 = CARTESIAN_POINT('',(-0.5,-2.5,4.55));
#369 = VECTOR('',#370,1.);
#370 = DIRECTION('',(1.110223024625E-16,1.,0.));
#371 = ORIENTED_EDGE('',*,*,#372,.F.);
#372 = EDGE_CURVE('',#373,#363,#375,.T.);
#373 = VERTEX_POINT('',#374);
#374 = CARTESIAN_POINT('',(-1.5,-2.5,4.55));
#375 = LINE('',#376,#377);
#376 = CARTESIAN_POINT('',(-1.5,-2.5,4.55));
#377 = VECTOR('',#378,1.);
#378 = DIRECTION('',(1.,-1.110223024625E-16,0.));
#379 = ORIENTED_EDGE('',*,*,#380,.F.);
#380 = EDGE_CURVE('',#381,#373,#383,.T.);
#381 = VERTEX_POINT('',#382);
#382 = CARTESIAN_POINT('',(-1.5,-1.5,4.55));
#383 = LINE('',#384,#385);
#384 = CARTESIAN_POINT('',(-1.5,-1.5,4.55));
#385 = VECTOR('',#386,1.);
#386 = DIRECTION('',(-1.110223024625E-16,-1.,0.));
#387 = ORIENTED_EDGE('',*,*,#388,.F.);
#388 = EDGE_CURVE('',#365,#381,#389,.T.);
#389 = LINE('',#390,#391);
#390 = CARTESIAN_POINT('',(-0.5,-1.5,4.55));
#391 = VECTOR('',#392,1.);
#392 = DIRECTION('',(-1.,1.110223024625E-16,0.));
#393 = FACE_BOUND('',#394,.T.);
#394 = EDGE_LOOP('',(#395,#405,#413,#421));
#395 = ORIENTED_EDGE('',*,*,#396,.F.);
#396 = EDGE_CURVE('',#397,#399,#401,.T.);
#397 = VERTEX_POINT('',#398);
#398 = CARTESIAN_POINT('',(-0.5,-0.5,4.55));
#399 = VERTEX_POINT('',#400);
#400 = CARTESIAN_POINT('',(-0.5,0.5,4.55));
#401 = LINE('',#402,#403);
#402 = CARTESIAN_POINT('',(-0.5,-0.5,4.55));
#403 = VECTOR('',#404,1.);
#404 = DIRECTION('',(1.110223024625E-16,1.,0.));
#405 = ORIENTED_EDGE('',*,*,#406,.F.);
#406 = EDGE_CURVE('',#407,#397,#409,.T.);
#407 = VERTEX_POINT('',#408);
#408 = CARTESIAN_POINT('',(-1.5,-0.5,4.55));
#409 = LINE('',#410,#411);
#410 = CARTESIAN_POINT('',(-1.5,-0.5,4.55));
#411 = VECTOR('',#412,1.);
#412 = DIRECTION('',(1.,-1.110223024625E-16,0.));
#413 = ORIENTED_EDGE('',*,*,#414,.F.);
#414 = EDGE_CURVE('',#415,#407,#417,.T.);
#415 = VERTEX_POINT('',#416);
#416 = CARTESIAN_POINT('',(-1.5,0.5,4.55));
#417 = LINE('',#418,#419);
#418 = CARTESIAN_POINT('',(-1.5,0.5,4.55));
#419 = VECTOR('',#420,1.);
#420 = DIRECTION('',(-1.110223024625E-16,-1.,0.));
#421 = ORIENTED_EDGE('',*,*,#422,.F.);
#422 = EDGE_CURVE('',#399,#415,#423,.T.);
#423 = LINE('',#424,#425);
#424 = CARTESIAN_POINT('',(-0.5,0.5,4.55));
#425 = VECTOR('',#426,1.);
#426 = DIRECTION('',(-1.,1.110223024625E-16,0.));
#427 = FACE_BOUND('',#428,.T.);
#428 = EDGE_LOOP('',(#429,#439,#447,#455));
#429 = ORIENTED_EDGE('',*,*,#430,.F.);
#430 = EDGE_CURVE('',#431,#433,#435,.T.);
#431 = VERTEX_POINT('',#432);
#432 = CARTESIAN_POINT('',(-0.5,1.5,4.55));
#433 = VERTEX_POINT('',#434);
#434 = CARTESIAN_POINT('',(-0.5,2.5,4.55));
#435 = LINE('',#436,#437);
#436 = CARTESIAN_POINT('',(-0.5,1.5,4.55));
#437 = VECTOR('',#438,1.);
#438 = DIRECTION('',(1.110223024625E-16,1.,0.));
#439 = ORIENTED_EDGE('',*,*,#440,.F.);
#440 = EDGE_CURVE('',#441,#431,#443,.T.);
#441 = VERTEX_POINT('',#442);
#442 = CARTESIAN_POINT('',(-1.5,1.5,4.55));
#443 = LINE('',#444,#445);
#444 = CARTESIAN_POINT('',(-1.5,1.5,4.55));
#445 = VECTOR('',#446,1.);
#446 = DIRECTION('',(1.,-1.110223024625E-16,0.));
#447 = ORIENTED_EDGE('',*,*,#448,.F.);
#448 = EDGE_CURVE('',#449,#441,#451,.T.);
#449 = VERTEX_POINT('',#450);
#450 = CARTESIAN_POINT('',(-1.5,2.5,4.55));
#451 = LINE('',#452,#453);
#452 = CARTESIAN_POINT('',(-1.5,2.5,4.55));
#453 = VECTOR('',#454,1.);
#454 = DIRECTION('',(-1.110223024625E-16,-1.,0.));
#455 = ORIENTED_EDGE('',*,*,#456,.F.);
#456 = EDGE_CURVE('',#433,#449,#457,.T.);
#457 = LINE('',#458,#459);
#458 = CARTESIAN_POINT('',(-0.5,2.5,4.55));
#459 = VECTOR('',#460,1.);
#460 = DIRECTION('',(-1.,1.110223024625E-16,0.));
#461 = PLANE('',#462);
#462 = AXIS2_PLACEMENT_3D('',#463,#464,#465);
#463 = CARTESIAN_POINT('',(0.,0.,4.55));
#464 = DIRECTION('',(0.,0.,1.));
#465 = DIRECTION('',(1.110223024625E-16,1.,-0.));
#466 = ADVANCED_FACE('',(#467),#483,.F.);
#467 = FACE_BOUND('',#468,.F.);
#468 = EDGE_LOOP('',(#469,#470,#476,#477));
#469 = ORIENTED_EDGE('',*,*,#106,.T.);
#470 = ORIENTED_EDGE('',*,*,#471,.F.);
#471 = EDGE_CURVE('',#195,#109,#472,.T.);
#472 = LINE('',#473,#474);
#473 = CARTESIAN_POINT('',(-1.333333333333,3.,0.25));
#474 = VECTOR('',#475,1.);
#475 = DIRECTION('',(-1.110223024625E-16,-1.,0.));
#476 = ORIENTED_EDGE('',*,*,#194,.T.);
#477 = ORIENTED_EDGE('',*,*,#478,.T.);
#478 = EDGE_CURVE('',#187,#107,#479,.T.);
#479 = LINE('',#480,#481);
#480 = CARTESIAN_POINT('',(-2.,3.,0.25));
#481 = VECTOR('',#482,1.);
#482 = DIRECTION('',(-1.110223024625E-16,-1.,0.));
#483 = PLANE('',#484);
#484 = AXIS2_PLACEMENT_3D('',#485,#486,#487);
#485 = CARTESIAN_POINT('',(0.,0.,0.25));
#486 = DIRECTION('',(0.,0.,1.));
#487 = DIRECTION('',(1.110223024625E-16,1.,-0.));
#488 = ADVANCED_FACE('',(#489),#500,.T.);
#489 = FACE_BOUND('',#490,.T.);
#490 = EDGE_LOOP('',(#491,#492,#498,#499));
#491 = ORIENTED_EDGE('',*,*,#202,.T.);
#492 = ORIENTED_EDGE('',*,*,#493,.T.);
#493 = EDGE_CURVE('',#203,#148,#494,.T.);
#494 = LINE('',#495,#496);
#495 = CARTESIAN_POINT('',(-1.333333333333,3.,0.45));
#496 = VECTOR('',#497,1.);
#497 = DIRECTION('',(-1.110223024625E-16,-1.,0.));
#498 = ORIENTED_EDGE('',*,*,#155,.F.);
#499 = ORIENTED_EDGE('',*,*,#471,.F.);
#500 = PLANE('',#501);
#501 = AXIS2_PLACEMENT_3D('',#502,#503,#504);
#502 = CARTESIAN_POINT('',(-1.333333333333,3.,0.25));
#503 = DIRECTION('',(1.,-1.110223024625E-16,0.));
#504 = DIRECTION('',(-1.110223024625E-16,-1.,0.));
#505 = ADVANCED_FACE('',(#506,#517,#583,#649,#715,#781,#847),#913,.F.);
#506 = FACE_BOUND('',#507,.F.);
#507 = EDGE_LOOP('',(#508,#514,#515,#516));
#508 = ORIENTED_EDGE('',*,*,#509,.T.);
#509 = EDGE_CURVE('',#140,#211,#510,.T.);
#510 = LINE('',#511,#512);
#511 = CARTESIAN_POINT('',(1.333333333333,-3.,0.45));
#512 = VECTOR('',#513,1.);
#513 = DIRECTION('',(1.110223024625E-16,1.,0.));
#514 = ORIENTED_EDGE('',*,*,#210,.T.);
#515 = ORIENTED_EDGE('',*,*,#493,.T.);
#516 = ORIENTED_EDGE('',*,*,#147,.T.);
#517 = FACE_BOUND('',#518,.F.);
#518 = EDGE_LOOP('',(#519,#529,#537,#545,#553,#561,#569,#577));
#519 = ORIENTED_EDGE('',*,*,#520,.F.);
#520 = EDGE_CURVE('',#521,#523,#525,.T.);
#521 = VERTEX_POINT('',#522);
#522 = CARTESIAN_POINT('',(1.1,-1.625,0.45));
#523 = VERTEX_POINT('',#524);
#524 = CARTESIAN_POINT('',(0.9,-1.625,0.45));
#525 = LINE('',#526,#527);
#526 = CARTESIAN_POINT('',(1.1,-1.625,0.45));
#527 = VECTOR('',#528,1.);
#528 = DIRECTION('',(-1.,2.334869823773E-16,0.));
#529 = ORIENTED_EDGE('',*,*,#530,.T.);
#530 = EDGE_CURVE('',#521,#531,#533,.T.);
#531 = VERTEX_POINT('',#532);
#532 = CARTESIAN_POINT('',(1.1,-1.75,0.45));
#533 = LINE('',#534,#535);
#534 = CARTESIAN_POINT('',(1.1,-1.625,0.45));
#535 = VECTOR('',#536,1.);
#536 = DIRECTION('',(-2.334869823773E-16,-1.,0.));
#537 = ORIENTED_EDGE('',*,*,#538,.F.);
#538 = EDGE_CURVE('',#539,#531,#541,.T.);
#539 = VERTEX_POINT('',#540);
#540 = CARTESIAN_POINT('',(1.1,-2.25,0.45));
#541 = LINE('',#542,#543);
#542 = CARTESIAN_POINT('',(1.1,-1.,0.45));
#543 = VECTOR('',#544,1.);
#544 = DIRECTION('',(2.334869823773E-16,1.,-0.));
#545 = ORIENTED_EDGE('',*,*,#546,.T.);
#546 = EDGE_CURVE('',#539,#547,#549,.T.);
#547 = VERTEX_POINT('',#548);
#548 = CARTESIAN_POINT('',(1.1,-2.375,0.45));
#549 = LINE('',#550,#551);
#550 = CARTESIAN_POINT('',(1.1,-1.625,0.45));
#551 = VECTOR('',#552,1.);
#552 = DIRECTION('',(-2.334869823773E-16,-1.,0.));
#553 = ORIENTED_EDGE('',*,*,#554,.T.);
#554 = EDGE_CURVE('',#547,#555,#557,.T.);
#555 = VERTEX_POINT('',#556);
#556 = CARTESIAN_POINT('',(0.9,-2.375,0.45));
#557 = LINE('',#558,#559);
#558 = CARTESIAN_POINT('',(1.1,-2.375,0.45));
#559 = VECTOR('',#560,1.);
#560 = DIRECTION('',(-1.,2.334869823773E-16,0.));
#561 = ORIENTED_EDGE('',*,*,#562,.T.);
#562 = EDGE_CURVE('',#555,#563,#565,.T.);
#563 = VERTEX_POINT('',#564);
#564 = CARTESIAN_POINT('',(0.9,-2.25,0.45));
#565 = LINE('',#566,#567);
#566 = CARTESIAN_POINT('',(0.9,-2.375,0.45));
#567 = VECTOR('',#568,1.);
#568 = DIRECTION('',(2.334869823773E-16,1.,0.));
#569 = ORIENTED_EDGE('',*,*,#570,.T.);
#570 = EDGE_CURVE('',#563,#571,#573,.T.);
#571 = VERTEX_POINT('',#572);
#572 = CARTESIAN_POINT('',(0.9,-1.75,0.45));
#573 = LINE('',#574,#575);
#574 = CARTESIAN_POINT('',(0.9,-1.,0.45));
#575 = VECTOR('',#576,1.);
#576 = DIRECTION('',(2.334869823773E-16,1.,-0.));
#577 = ORIENTED_EDGE('',*,*,#578,.T.);
#578 = EDGE_CURVE('',#571,#523,#579,.T.);
#579 = LINE('',#580,#581);
#580 = CARTESIAN_POINT('',(0.9,-2.375,0.45));
#581 = VECTOR('',#582,1.);
#582 = DIRECTION('',(2.334869823773E-16,1.,0.));
#583 = FACE_BOUND('',#584,.F.);
#584 = EDGE_LOOP('',(#585,#595,#603,#611,#619,#627,#635,#643));
#585 = ORIENTED_EDGE('',*,*,#586,.F.);
#586 = EDGE_CURVE('',#587,#589,#591,.T.);
#587 = VERTEX_POINT('',#588);
#588 = CARTESIAN_POINT('',(1.1,0.375,0.45));
#589 = VERTEX_POINT('',#590);
#590 = CARTESIAN_POINT('',(0.9,0.375,0.45));
#591 = LINE('',#592,#593);
#592 = CARTESIAN_POINT('',(1.1,0.375,0.45));
#593 = VECTOR('',#594,1.);
#594 = DIRECTION('',(-1.,2.334869823773E-16,0.));
#595 = ORIENTED_EDGE('',*,*,#596,.T.);
#596 = EDGE_CURVE('',#587,#597,#599,.T.);
#597 = VERTEX_POINT('',#598);
#598 = CARTESIAN_POINT('',(1.1,0.25,0.45));
#599 = LINE('',#600,#601);
#600 = CARTESIAN_POINT('',(1.1,0.375,0.45));
#601 = VECTOR('',#602,1.);
#602 = DIRECTION('',(-2.334869823773E-16,-1.,0.));
#603 = ORIENTED_EDGE('',*,*,#604,.F.);
#604 = EDGE_CURVE('',#605,#597,#607,.T.);
#605 = VERTEX_POINT('',#606);
#606 = CARTESIAN_POINT('',(1.1,-0.25,0.45));
#607 = LINE('',#608,#609);
#608 = CARTESIAN_POINT('',(1.1,-2.56835680615E-16,0.45));
#609 = VECTOR('',#610,1.);
#610 = DIRECTION('',(2.334869823773E-16,1.,-0.));
#611 = ORIENTED_EDGE('',*,*,#612,.T.);
#612 = EDGE_CURVE('',#605,#613,#615,.T.);
#613 = VERTEX_POINT('',#614);
#614 = CARTESIAN_POINT('',(1.1,-0.375,0.45));
#615 = LINE('',#616,#617);
#616 = CARTESIAN_POINT('',(1.1,0.375,0.45));
#617 = VECTOR('',#618,1.);
#618 = DIRECTION('',(-2.334869823773E-16,-1.,0.));
#619 = ORIENTED_EDGE('',*,*,#620,.T.);
#620 = EDGE_CURVE('',#613,#621,#623,.T.);
#621 = VERTEX_POINT('',#622);
#622 = CARTESIAN_POINT('',(0.9,-0.375,0.45));
#623 = LINE('',#624,#625);
#624 = CARTESIAN_POINT('',(1.1,-0.375,0.45));
#625 = VECTOR('',#626,1.);
#626 = DIRECTION('',(-1.,2.334869823773E-16,0.));
#627 = ORIENTED_EDGE('',*,*,#628,.T.);
#628 = EDGE_CURVE('',#621,#629,#631,.T.);
#629 = VERTEX_POINT('',#630);
#630 = CARTESIAN_POINT('',(0.9,-0.25,0.45));
#631 = LINE('',#632,#633);
#632 = CARTESIAN_POINT('',(0.9,-0.375,0.45));
#633 = VECTOR('',#634,1.);
#634 = DIRECTION('',(2.334869823773E-16,1.,0.));
#635 = ORIENTED_EDGE('',*,*,#636,.T.);
#636 = EDGE_CURVE('',#629,#637,#639,.T.);
#637 = VERTEX_POINT('',#638);
#638 = CARTESIAN_POINT('',(0.9,0.25,0.45));
#639 = LINE('',#640,#641);
#640 = CARTESIAN_POINT('',(0.9,-2.101382841395E-16,0.45));
#641 = VECTOR('',#642,1.);
#642 = DIRECTION('',(2.334869823773E-16,1.,-0.));
#643 = ORIENTED_EDGE('',*,*,#644,.T.);
#644 = EDGE_CURVE('',#637,#589,#645,.T.);
#645 = LINE('',#646,#647);
#646 = CARTESIAN_POINT('',(0.9,-0.375,0.45));
#647 = VECTOR('',#648,1.);
#648 = DIRECTION('',(2.334869823773E-16,1.,0.));
#649 = FACE_BOUND('',#650,.F.);
#650 = EDGE_LOOP('',(#651,#661,#669,#677,#685,#693,#701,#709));
#651 = ORIENTED_EDGE('',*,*,#652,.F.);
#652 = EDGE_CURVE('',#653,#655,#657,.T.);
#653 = VERTEX_POINT('',#654);
#654 = CARTESIAN_POINT('',(1.1,2.375,0.45));
#655 = VERTEX_POINT('',#656);
#656 = CARTESIAN_POINT('',(0.9,2.375,0.45));
#657 = LINE('',#658,#659);
#658 = CARTESIAN_POINT('',(1.1,2.375,0.45));
#659 = VECTOR('',#660,1.);
#660 = DIRECTION('',(-1.,2.334869823773E-16,0.));
#661 = ORIENTED_EDGE('',*,*,#662,.T.);
#662 = EDGE_CURVE('',#653,#663,#665,.T.);
#663 = VERTEX_POINT('',#664);
#664 = CARTESIAN_POINT('',(1.1,2.25,0.45));
#665 = LINE('',#666,#667);
#666 = CARTESIAN_POINT('',(1.1,2.375,0.45));
#667 = VECTOR('',#668,1.);
#668 = DIRECTION('',(-2.334869823773E-16,-1.,0.));
#669 = ORIENTED_EDGE('',*,*,#670,.F.);
#670 = EDGE_CURVE('',#671,#663,#673,.T.);
#671 = VERTEX_POINT('',#672);
#672 = CARTESIAN_POINT('',(1.1,1.75,0.45));
#673 = LINE('',#674,#675);
#674 = CARTESIAN_POINT('',(1.1,1.,0.45));
#675 = VECTOR('',#676,1.);
#676 = DIRECTION('',(2.334869823773E-16,1.,-0.));
#677 = ORIENTED_EDGE('',*,*,#678,.T.);
#678 = EDGE_CURVE('',#671,#679,#681,.T.);
#679 = VERTEX_POINT('',#680);
#680 = CARTESIAN_POINT('',(1.1,1.625,0.45));
#681 = LINE('',#682,#683);
#682 = CARTESIAN_POINT('',(1.1,2.375,0.45));
#683 = VECTOR('',#684,1.);
#684 = DIRECTION('',(-2.334869823773E-16,-1.,0.));
#685 = ORIENTED_EDGE('',*,*,#686,.T.);
#686 = EDGE_CURVE('',#679,#687,#689,.T.);
#687 = VERTEX_POINT('',#688);
#688 = CARTESIAN_POINT('',(0.9,1.625,0.45));
#689 = LINE('',#690,#691);
#690 = CARTESIAN_POINT('',(1.1,1.625,0.45));
#691 = VECTOR('',#692,1.);
#692 = DIRECTION('',(-1.,2.334869823773E-16,0.));
#693 = ORIENTED_EDGE('',*,*,#694,.T.);
#694 = EDGE_CURVE('',#687,#695,#697,.T.);
#695 = VERTEX_POINT('',#696);
#696 = CARTESIAN_POINT('',(0.9,1.75,0.45));
#697 = LINE('',#698,#699);
#698 = CARTESIAN_POINT('',(0.9,1.625,0.45));
#699 = VECTOR('',#700,1.);
#700 = DIRECTION('',(2.334869823773E-16,1.,0.));
#701 = ORIENTED_EDGE('',*,*,#702,.T.);
#702 = EDGE_CURVE('',#695,#703,#705,.T.);
#703 = VERTEX_POINT('',#704);
#704 = CARTESIAN_POINT('',(0.9,2.25,0.45));
#705 = LINE('',#706,#707);
#706 = CARTESIAN_POINT('',(0.9,1.,0.45));
#707 = VECTOR('',#708,1.);
#708 = DIRECTION('',(2.334869823773E-16,1.,-0.));
#709 = ORIENTED_EDGE('',*,*,#710,.T.);
#710 = EDGE_CURVE('',#703,#655,#711,.T.);
#711 = LINE('',#712,#713);
#712 = CARTESIAN_POINT('',(0.9,1.625,0.45));
#713 = VECTOR('',#714,1.);
#714 = DIRECTION('',(2.334869823773E-16,1.,0.));
#715 = FACE_BOUND('',#716,.F.);
#716 = EDGE_LOOP('',(#717,#727,#735,#743,#751,#759,#767,#775));
#717 = ORIENTED_EDGE('',*,*,#718,.F.);
#718 = EDGE_CURVE('',#719,#721,#723,.T.);
#719 = VERTEX_POINT('',#720);
#720 = CARTESIAN_POINT('',(-1.1,-2.375,0.45));
#721 = VERTEX_POINT('',#722);
#722 = CARTESIAN_POINT('',(-0.9,-2.375,0.45));
#723 = LINE('',#724,#725);
#724 = CARTESIAN_POINT('',(-1.1,-2.375,0.45));
#725 = VECTOR('',#726,1.);
#726 = DIRECTION('',(1.,-1.110223024625E-16,0.));
#727 = ORIENTED_EDGE('',*,*,#728,.T.);
#728 = EDGE_CURVE('',#719,#729,#731,.T.);
#729 = VERTEX_POINT('',#730);
#730 = CARTESIAN_POINT('',(-1.1,-2.25,0.45));
#731 = LINE('',#732,#733);
#732 = CARTESIAN_POINT('',(-1.1,-2.375,0.45));
#733 = VECTOR('',#734,1.);
#734 = DIRECTION('',(1.110223024625E-16,1.,0.));
#735 = ORIENTED_EDGE('',*,*,#736,.F.);
#736 = EDGE_CURVE('',#737,#729,#739,.T.);
#737 = VERTEX_POINT('',#738);
#738 = CARTESIAN_POINT('',(-1.1,-1.75,0.45));
#739 = LINE('',#740,#741);
#740 = CARTESIAN_POINT('',(-1.1,-1.,0.45));
#741 = VECTOR('',#742,1.);
#742 = DIRECTION('',(-1.110223024625E-16,-1.,0.));
#743 = ORIENTED_EDGE('',*,*,#744,.T.);
#744 = EDGE_CURVE('',#737,#745,#747,.T.);
#745 = VERTEX_POINT('',#746);
#746 = CARTESIAN_POINT('',(-1.1,-1.625,0.45));
#747 = LINE('',#748,#749);
#748 = CARTESIAN_POINT('',(-1.1,-2.375,0.45));
#749 = VECTOR('',#750,1.);
#750 = DIRECTION('',(1.110223024625E-16,1.,0.));
#751 = ORIENTED_EDGE('',*,*,#752,.T.);
#752 = EDGE_CURVE('',#745,#753,#755,.T.);
#753 = VERTEX_POINT('',#754);
#754 = CARTESIAN_POINT('',(-0.9,-1.625,0.45));
#755 = LINE('',#756,#757);
#756 = CARTESIAN_POINT('',(-1.1,-1.625,0.45));
#757 = VECTOR('',#758,1.);
#758 = DIRECTION('',(1.,-1.110223024625E-16,0.));
#759 = ORIENTED_EDGE('',*,*,#760,.T.);
#760 = EDGE_CURVE('',#753,#761,#763,.T.);
#761 = VERTEX_POINT('',#762);
#762 = CARTESIAN_POINT('',(-0.9,-1.75,0.45));
#763 = LINE('',#764,#765);
#764 = CARTESIAN_POINT('',(-0.9,-1.625,0.45));
#765 = VECTOR('',#766,1.);
#766 = DIRECTION('',(-1.110223024625E-16,-1.,0.));
#767 = ORIENTED_EDGE('',*,*,#768,.T.);
#768 = EDGE_CURVE('',#761,#769,#771,.T.);
#769 = VERTEX_POINT('',#770);
#770 = CARTESIAN_POINT('',(-0.9,-2.25,0.45));
#771 = LINE('',#772,#773);
#772 = CARTESIAN_POINT('',(-0.9,-1.,0.45));
#773 = VECTOR('',#774,1.);
#774 = DIRECTION('',(-1.110223024625E-16,-1.,0.));
#775 = ORIENTED_EDGE('',*,*,#776,.T.);
#776 = EDGE_CURVE('',#769,#721,#777,.T.);
#777 = LINE('',#778,#779);
#778 = CARTESIAN_POINT('',(-0.9,-1.625,0.45));
#779 = VECTOR('',#780,1.);
#780 = DIRECTION('',(-1.110223024625E-16,-1.,0.));
#781 = FACE_BOUND('',#782,.F.);
#782 = EDGE_LOOP('',(#783,#793,#801,#809,#817,#825,#833,#841));
#783 = ORIENTED_EDGE('',*,*,#784,.F.);
#784 = EDGE_CURVE('',#785,#787,#789,.T.);
#785 = VERTEX_POINT('',#786);
#786 = CARTESIAN_POINT('',(-1.1,-0.375,0.45));
#787 = VERTEX_POINT('',#788);
#788 = CARTESIAN_POINT('',(-0.9,-0.375,0.45));
#789 = LINE('',#790,#791);
#790 = CARTESIAN_POINT('',(-1.1,-0.375,0.45));
#791 = VECTOR('',#792,1.);
#792 = DIRECTION('',(1.,-1.110223024625E-16,0.));
#793 = ORIENTED_EDGE('',*,*,#794,.T.);
#794 = EDGE_CURVE('',#785,#795,#797,.T.);
#795 = VERTEX_POINT('',#796);
#796 = CARTESIAN_POINT('',(-1.1,-0.25,0.45));
#797 = LINE('',#798,#799);
#798 = CARTESIAN_POINT('',(-1.1,-0.375,0.45));
#799 = VECTOR('',#800,1.);
#800 = DIRECTION('',(1.110223024625E-16,1.,0.));
#801 = ORIENTED_EDGE('',*,*,#802,.F.);
#802 = EDGE_CURVE('',#803,#795,#805,.T.);
#803 = VERTEX_POINT('',#804);
#804 = CARTESIAN_POINT('',(-1.1,0.25,0.45));
#805 = LINE('',#806,#807);
#806 = CARTESIAN_POINT('',(-1.1,1.221245327088E-16,0.45));
#807 = VECTOR('',#808,1.);
#808 = DIRECTION('',(-1.110223024625E-16,-1.,0.));
#809 = ORIENTED_EDGE('',*,*,#810,.T.);
#810 = EDGE_CURVE('',#803,#811,#813,.T.);
#811 = VERTEX_POINT('',#812);
#812 = CARTESIAN_POINT('',(-1.1,0.375,0.45));
#813 = LINE('',#814,#815);
#814 = CARTESIAN_POINT('',(-1.1,-0.375,0.45));
#815 = VECTOR('',#816,1.);
#816 = DIRECTION('',(1.110223024625E-16,1.,0.));
#817 = ORIENTED_EDGE('',*,*,#818,.T.);
#818 = EDGE_CURVE('',#811,#819,#821,.T.);
#819 = VERTEX_POINT('',#820);
#820 = CARTESIAN_POINT('',(-0.9,0.375,0.45));
#821 = LINE('',#822,#823);
#822 = CARTESIAN_POINT('',(-1.1,0.375,0.45));
#823 = VECTOR('',#824,1.);
#824 = DIRECTION('',(1.,-1.110223024625E-16,0.));
#825 = ORIENTED_EDGE('',*,*,#826,.T.);
#826 = EDGE_CURVE('',#819,#827,#829,.T.);
#827 = VERTEX_POINT('',#828);
#828 = CARTESIAN_POINT('',(-0.9,0.25,0.45));
#829 = LINE('',#830,#831);
#830 = CARTESIAN_POINT('',(-0.9,0.375,0.45));
#831 = VECTOR('',#832,1.);
#832 = DIRECTION('',(-1.110223024625E-16,-1.,0.));
#833 = ORIENTED_EDGE('',*,*,#834,.T.);
#834 = EDGE_CURVE('',#827,#835,#837,.T.);
#835 = VERTEX_POINT('',#836);
#836 = CARTESIAN_POINT('',(-0.9,-0.25,0.45));
#837 = LINE('',#838,#839);
#838 = CARTESIAN_POINT('',(-0.9,9.992007221626E-17,0.45));
#839 = VECTOR('',#840,1.);
#840 = DIRECTION('',(-1.110223024625E-16,-1.,0.));
#841 = ORIENTED_EDGE('',*,*,#842,.T.);
#842 = EDGE_CURVE('',#835,#787,#843,.T.);
#843 = LINE('',#844,#845);
#844 = CARTESIAN_POINT('',(-0.9,0.375,0.45));
#845 = VECTOR('',#846,1.);
#846 = DIRECTION('',(-1.110223024625E-16,-1.,0.));
#847 = FACE_BOUND('',#848,.F.);
#848 = EDGE_LOOP('',(#849,#859,#867,#875,#883,#891,#899,#907));
#849 = ORIENTED_EDGE('',*,*,#850,.F.);
#850 = EDGE_CURVE('',#851,#853,#855,.T.);
#851 = VERTEX_POINT('',#852);
#852 = CARTESIAN_POINT('',(-1.1,1.625,0.45));
#853 = VERTEX_POINT('',#854);
#854 = CARTESIAN_POINT('',(-0.9,1.625,0.45));
#855 = LINE('',#856,#857);
#856 = CARTESIAN_POINT('',(-1.1,1.625,0.45));
#857 = VECTOR('',#858,1.);
#858 = DIRECTION('',(1.,-1.110223024625E-16,0.));
#859 = ORIENTED_EDGE('',*,*,#860,.T.);
#860 = EDGE_CURVE('',#851,#861,#863,.T.);
#861 = VERTEX_POINT('',#862);
#862 = CARTESIAN_POINT('',(-1.1,1.75,0.45));
#863 = LINE('',#864,#865);
#864 = CARTESIAN_POINT('',(-1.1,1.625,0.45));
#865 = VECTOR('',#866,1.);
#866 = DIRECTION('',(1.110223024625E-16,1.,0.));
#867 = ORIENTED_EDGE('',*,*,#868,.F.);
#868 = EDGE_CURVE('',#869,#861,#871,.T.);
#869 = VERTEX_POINT('',#870);
#870 = CARTESIAN_POINT('',(-1.1,2.25,0.45));
#871 = LINE('',#872,#873);
#872 = CARTESIAN_POINT('',(-1.1,1.,0.45));
#873 = VECTOR('',#874,1.);
#874 = DIRECTION('',(-1.110223024625E-16,-1.,0.));
#875 = ORIENTED_EDGE('',*,*,#876,.T.);
#876 = EDGE_CURVE('',#869,#877,#879,.T.);
#877 = VERTEX_POINT('',#878);
#878 = CARTESIAN_POINT('',(-1.1,2.375,0.45));
#879 = LINE('',#880,#881);
#880 = CARTESIAN_POINT('',(-1.1,1.625,0.45));
#881 = VECTOR('',#882,1.);
#882 = DIRECTION('',(1.110223024625E-16,1.,0.));
#883 = ORIENTED_EDGE('',*,*,#884,.T.);
#884 = EDGE_CURVE('',#877,#885,#887,.T.);
#885 = VERTEX_POINT('',#886);
#886 = CARTESIAN_POINT('',(-0.9,2.375,0.45));
#887 = LINE('',#888,#889);
#888 = CARTESIAN_POINT('',(-1.1,2.375,0.45));
#889 = VECTOR('',#890,1.);
#890 = DIRECTION('',(1.,-1.110223024625E-16,0.));
#891 = ORIENTED_EDGE('',*,*,#892,.T.);
#892 = EDGE_CURVE('',#885,#893,#895,.T.);
#893 = VERTEX_POINT('',#894);
#894 = CARTESIAN_POINT('',(-0.9,2.25,0.45));
#895 = LINE('',#896,#897);
#896 = CARTESIAN_POINT('',(-0.9,2.375,0.45));
#897 = VECTOR('',#898,1.);
#898 = DIRECTION('',(-1.110223024625E-16,-1.,0.));
#899 = ORIENTED_EDGE('',*,*,#900,.T.);
#900 = EDGE_CURVE('',#893,#901,#903,.T.);
#901 = VERTEX_POINT('',#902);
#902 = CARTESIAN_POINT('',(-0.9,1.75,0.45));
#903 = LINE('',#904,#905);
#904 = CARTESIAN_POINT('',(-0.9,1.,0.45));
#905 = VECTOR('',#906,1.);
#906 = DIRECTION('',(-1.110223024625E-16,-1.,0.));
#907 = ORIENTED_EDGE('',*,*,#908,.T.);
#908 = EDGE_CURVE('',#901,#853,#909,.T.);
#909 = LINE('',#910,#911);
#910 = CARTESIAN_POINT('',(-0.9,2.375,0.45));
#911 = VECTOR('',#912,1.);
#912 = DIRECTION('',(-1.110223024625E-16,-1.,0.));
#913 = PLANE('',#914);
#914 = AXIS2_PLACEMENT_3D('',#915,#916,#917);
#915 = CARTESIAN_POINT('',(0.,0.,0.45));
#916 = DIRECTION('',(0.,0.,1.));
#917 = DIRECTION('',(1.110223024625E-16,1.,-0.));
#918 = ADVANCED_FACE('',(#919),#925,.T.);
#919 = FACE_BOUND('',#920,.T.);
#920 = EDGE_LOOP('',(#921,#922,#923,#924));
#921 = ORIENTED_EDGE('',*,*,#139,.T.);
#922 = ORIENTED_EDGE('',*,*,#509,.T.);
#923 = ORIENTED_EDGE('',*,*,#218,.F.);
#924 = ORIENTED_EDGE('',*,*,#235,.F.);
#925 = PLANE('',#926);
#926 = AXIS2_PLACEMENT_3D('',#927,#928,#929);
#927 = CARTESIAN_POINT('',(1.333333333333,-3.,0.25));
#928 = DIRECTION('',(-1.,1.110223024625E-16,0.));
#929 = DIRECTION('',(1.110223024625E-16,1.,0.));
#930 = ADVANCED_FACE('',(#931),#937,.F.);
#931 = FACE_BOUND('',#932,.F.);
#932 = EDGE_LOOP('',(#933,#934,#935,#936));
#933 = ORIENTED_EDGE('',*,*,#186,.T.);
#934 = ORIENTED_EDGE('',*,*,#251,.T.);
#935 = ORIENTED_EDGE('',*,*,#116,.F.);
#936 = ORIENTED_EDGE('',*,*,#478,.F.);
#937 = PLANE('',#938);
#938 = AXIS2_PLACEMENT_3D('',#939,#940,#941);
#939 = CARTESIAN_POINT('',(-2.,3.,0.25));
#940 = DIRECTION('',(1.,-1.110223024625E-16,0.));
#941 = DIRECTION('',(-1.110223024625E-16,-1.,0.));
#942 = ADVANCED_FACE('',(#943),#968,.T.);
#943 = FACE_BOUND('',#944,.T.);
#944 = EDGE_LOOP('',(#945,#953,#954,#962));
#945 = ORIENTED_EDGE('',*,*,#946,.F.);
#946 = EDGE_CURVE('',#261,#947,#949,.T.);
#947 = VERTEX_POINT('',#948);
#948 = CARTESIAN_POINT('',(0.75,-1.75,4.3));
#949 = LINE('',#950,#951);
#950 = CARTESIAN_POINT('',(0.75,-1.75,4.3));
#951 = VECTOR('',#952,1.);
#952 = DIRECTION('',(0.57735026919,-0.57735026919,-0.57735026919));
#953 = ORIENTED_EDGE('',*,*,#260,.T.);
#954 = ORIENTED_EDGE('',*,*,#955,.T.);
#955 = EDGE_CURVE('',#263,#956,#958,.T.);
#956 = VERTEX_POINT('',#957);
#957 = CARTESIAN_POINT('',(0.75,-2.25,4.3));
#958 = LINE('',#959,#960);
#959 = CARTESIAN_POINT('',(0.75,-2.25,4.3));
#960 = VECTOR('',#961,1.);
#961 = DIRECTION('',(0.57735026919,0.57735026919,-0.57735026919));
#962 = ORIENTED_EDGE('',*,*,#963,.F.);
#963 = EDGE_CURVE('',#947,#956,#964,.T.);
#964 = LINE('',#965,#966);
#965 = CARTESIAN_POINT('',(0.75,-1.5,4.3));
#966 = VECTOR('',#967,1.);
#967 = DIRECTION('',(-2.334869823773E-16,-1.,0.));
#968 = PLANE('',#969);
#969 = AXIS2_PLACEMENT_3D('',#970,#971,#972);
#970 = CARTESIAN_POINT('',(0.625,-1.5,4.425));
#971 = DIRECTION('',(0.707106781187,-1.651002285576E-16,0.707106781187)
  );
#972 = DIRECTION('',(-2.334869823772E-16,-1.,1.261191372222E-28));
#973 = ADVANCED_FACE('',(#974),#992,.T.);
#974 = FACE_BOUND('',#975,.T.);
#975 = EDGE_LOOP('',(#976,#977,#978,#986));
#976 = ORIENTED_EDGE('',*,*,#955,.F.);
#977 = ORIENTED_EDGE('',*,*,#286,.T.);
#978 = ORIENTED_EDGE('',*,*,#979,.T.);
#979 = EDGE_CURVE('',#279,#980,#982,.T.);
#980 = VERTEX_POINT('',#981);
#981 = CARTESIAN_POINT('',(1.25,-2.25,4.3));
#982 = LINE('',#983,#984);
#983 = CARTESIAN_POINT('',(1.25,-2.25,4.3));
#984 = VECTOR('',#985,1.);
#985 = DIRECTION('',(-0.57735026919,0.57735026919,-0.57735026919));
#986 = ORIENTED_EDGE('',*,*,#987,.F.);
#987 = EDGE_CURVE('',#956,#980,#988,.T.);
#988 = LINE('',#989,#990);
#989 = CARTESIAN_POINT('',(0.5,-2.25,4.3));
#990 = VECTOR('',#991,1.);
#991 = DIRECTION('',(1.,-2.334869823773E-16,0.));
#992 = PLANE('',#993);
#993 = AXIS2_PLACEMENT_3D('',#994,#995,#996);
#994 = CARTESIAN_POINT('',(0.5,-2.375,4.425));
#995 = DIRECTION('',(1.651002285576E-16,0.707106781187,0.707106781187));
#996 = DIRECTION('',(1.,-2.334869823772E-16,1.261191372222E-28));
#997 = ADVANCED_FACE('',(#998),#1016,.T.);
#998 = FACE_BOUND('',#999,.T.);
#999 = EDGE_LOOP('',(#1000,#1001,#1002,#1010));
#1000 = ORIENTED_EDGE('',*,*,#979,.F.);
#1001 = ORIENTED_EDGE('',*,*,#278,.T.);
#1002 = ORIENTED_EDGE('',*,*,#1003,.T.);
#1003 = EDGE_CURVE('',#271,#1004,#1006,.T.);
#1004 = VERTEX_POINT('',#1005);
#1005 = CARTESIAN_POINT('',(1.25,-1.75,4.3));
#1006 = LINE('',#1007,#1008);
#1007 = CARTESIAN_POINT('',(1.25,-1.75,4.3));
#1008 = VECTOR('',#1009,1.);
#1009 = DIRECTION('',(-0.57735026919,-0.57735026919,-0.57735026919));
#1010 = ORIENTED_EDGE('',*,*,#1011,.F.);
#1011 = EDGE_CURVE('',#980,#1004,#1012,.T.);
#1012 = LINE('',#1013,#1014);
#1013 = CARTESIAN_POINT('',(1.25,-2.5,4.3));
#1014 = VECTOR('',#1015,1.);
#1015 = DIRECTION('',(2.334869823773E-16,1.,0.));
#1016 = PLANE('',#1017);
#1017 = AXIS2_PLACEMENT_3D('',#1018,#1019,#1020);
#1018 = CARTESIAN_POINT('',(1.375,-2.5,4.425));
#1019 = DIRECTION('',(-0.707106781187,1.651002285576E-16,0.707106781187)
  );
#1020 = DIRECTION('',(2.334869823772E-16,1.,1.261191372222E-28));
#1021 = ADVANCED_FACE('',(#1022),#1033,.T.);
#1022 = FACE_BOUND('',#1023,.T.);
#1023 = EDGE_LOOP('',(#1024,#1025,#1026,#1027));
#1024 = ORIENTED_EDGE('',*,*,#1003,.F.);
#1025 = ORIENTED_EDGE('',*,*,#270,.T.);
#1026 = ORIENTED_EDGE('',*,*,#946,.T.);
#1027 = ORIENTED_EDGE('',*,*,#1028,.F.);
#1028 = EDGE_CURVE('',#1004,#947,#1029,.T.);
#1029 = LINE('',#1030,#1031);
#1030 = CARTESIAN_POINT('',(1.5,-1.75,4.3));
#1031 = VECTOR('',#1032,1.);
#1032 = DIRECTION('',(-1.,2.334869823773E-16,0.));
#1033 = PLANE('',#1034);
#1034 = AXIS2_PLACEMENT_3D('',#1035,#1036,#1037);
#1035 = CARTESIAN_POINT('',(1.5,-1.625,4.425));
#1036 = DIRECTION('',(-1.651002285576E-16,-0.707106781187,0.707106781187
    ));
#1037 = DIRECTION('',(-1.,2.334869823772E-16,1.261191372222E-28));
#1038 = ADVANCED_FACE('',(#1039),#1064,.T.);
#1039 = FACE_BOUND('',#1040,.T.);
#1040 = EDGE_LOOP('',(#1041,#1049,#1050,#1058));
#1041 = ORIENTED_EDGE('',*,*,#1042,.F.);
#1042 = EDGE_CURVE('',#295,#1043,#1045,.T.);
#1043 = VERTEX_POINT('',#1044);
#1044 = CARTESIAN_POINT('',(0.75,0.25,4.3));
#1045 = LINE('',#1046,#1047);
#1046 = CARTESIAN_POINT('',(0.75,0.25,4.3));
#1047 = VECTOR('',#1048,1.);
#1048 = DIRECTION('',(0.57735026919,-0.57735026919,-0.57735026919));
#1049 = ORIENTED_EDGE('',*,*,#294,.T.);
#1050 = ORIENTED_EDGE('',*,*,#1051,.T.);
#1051 = EDGE_CURVE('',#297,#1052,#1054,.T.);
#1052 = VERTEX_POINT('',#1053);
#1053 = CARTESIAN_POINT('',(0.75,-0.25,4.3));
#1054 = LINE('',#1055,#1056);
#1055 = CARTESIAN_POINT('',(0.75,-0.25,4.3));
#1056 = VECTOR('',#1057,1.);
#1057 = DIRECTION('',(0.57735026919,0.57735026919,-0.57735026919));
#1058 = ORIENTED_EDGE('',*,*,#1059,.F.);
#1059 = EDGE_CURVE('',#1043,#1052,#1060,.T.);
#1060 = LINE('',#1061,#1062);
#1061 = CARTESIAN_POINT('',(0.75,0.5,4.3));
#1062 = VECTOR('',#1063,1.);
#1063 = DIRECTION('',(-2.334869823773E-16,-1.,0.));
#1064 = PLANE('',#1065);
#1065 = AXIS2_PLACEMENT_3D('',#1066,#1067,#1068);
#1066 = CARTESIAN_POINT('',(0.625,0.5,4.425));
#1067 = DIRECTION('',(0.707106781187,-1.651002285576E-16,0.707106781187)
  );
#1068 = DIRECTION('',(-2.334869823772E-16,-1.,1.261191372222E-28));
#1069 = ADVANCED_FACE('',(#1070),#1088,.T.);
#1070 = FACE_BOUND('',#1071,.T.);
#1071 = EDGE_LOOP('',(#1072,#1073,#1074,#1082));
#1072 = ORIENTED_EDGE('',*,*,#1051,.F.);
#1073 = ORIENTED_EDGE('',*,*,#320,.T.);
#1074 = ORIENTED_EDGE('',*,*,#1075,.T.);
#1075 = EDGE_CURVE('',#313,#1076,#1078,.T.);
#1076 = VERTEX_POINT('',#1077);
#1077 = CARTESIAN_POINT('',(1.25,-0.25,4.3));
#1078 = LINE('',#1079,#1080);
#1079 = CARTESIAN_POINT('',(1.25,-0.25,4.3));
#1080 = VECTOR('',#1081,1.);
#1081 = DIRECTION('',(-0.57735026919,0.57735026919,-0.57735026919));
#1082 = ORIENTED_EDGE('',*,*,#1083,.F.);
#1083 = EDGE_CURVE('',#1052,#1076,#1084,.T.);
#1084 = LINE('',#1085,#1086);
#1085 = CARTESIAN_POINT('',(0.5,-0.25,4.3));
#1086 = VECTOR('',#1087,1.);
#1087 = DIRECTION('',(1.,-2.334869823773E-16,0.));
#1088 = PLANE('',#1089);
#1089 = AXIS2_PLACEMENT_3D('',#1090,#1091,#1092);
#1090 = CARTESIAN_POINT('',(0.5,-0.375,4.425));
#1091 = DIRECTION('',(1.651002285576E-16,0.707106781187,0.707106781187)
  );
#1092 = DIRECTION('',(1.,-2.334869823772E-16,1.261191372222E-28));
#1093 = ADVANCED_FACE('',(#1094),#1112,.T.);
#1094 = FACE_BOUND('',#1095,.T.);
#1095 = EDGE_LOOP('',(#1096,#1097,#1098,#1106));
#1096 = ORIENTED_EDGE('',*,*,#1075,.F.);
#1097 = ORIENTED_EDGE('',*,*,#312,.T.);
#1098 = ORIENTED_EDGE('',*,*,#1099,.T.);
#1099 = EDGE_CURVE('',#305,#1100,#1102,.T.);
#1100 = VERTEX_POINT('',#1101);
#1101 = CARTESIAN_POINT('',(1.25,0.25,4.3));
#1102 = LINE('',#1103,#1104);
#1103 = CARTESIAN_POINT('',(1.25,0.25,4.3));
#1104 = VECTOR('',#1105,1.);
#1105 = DIRECTION('',(-0.57735026919,-0.57735026919,-0.57735026919));
#1106 = ORIENTED_EDGE('',*,*,#1107,.F.);
#1107 = EDGE_CURVE('',#1076,#1100,#1108,.T.);
#1108 = LINE('',#1109,#1110);
#1109 = CARTESIAN_POINT('',(1.25,-0.5,4.3));
#1110 = VECTOR('',#1111,1.);
#1111 = DIRECTION('',(2.334869823773E-16,1.,0.));
#1112 = PLANE('',#1113);
#1113 = AXIS2_PLACEMENT_3D('',#1114,#1115,#1116);
#1114 = CARTESIAN_POINT('',(1.375,-0.5,4.425));
#1115 = DIRECTION('',(-0.707106781187,1.651002285576E-16,0.707106781187)
  );
#1116 = DIRECTION('',(2.334869823772E-16,1.,1.261191372222E-28));
#1117 = ADVANCED_FACE('',(#1118),#1129,.T.);
#1118 = FACE_BOUND('',#1119,.T.);
#1119 = EDGE_LOOP('',(#1120,#1121,#1122,#1123));
#1120 = ORIENTED_EDGE('',*,*,#1099,.F.);
#1121 = ORIENTED_EDGE('',*,*,#304,.T.);
#1122 = ORIENTED_EDGE('',*,*,#1042,.T.);
#1123 = ORIENTED_EDGE('',*,*,#1124,.F.);
#1124 = EDGE_CURVE('',#1100,#1043,#1125,.T.);
#1125 = LINE('',#1126,#1127);
#1126 = CARTESIAN_POINT('',(1.5,0.25,4.3));
#1127 = VECTOR('',#1128,1.);
#1128 = DIRECTION('',(-1.,2.334869823773E-16,0.));
#1129 = PLANE('',#1130);
#1130 = AXIS2_PLACEMENT_3D('',#1131,#1132,#1133);
#1131 = CARTESIAN_POINT('',(1.5,0.375,4.425));
#1132 = DIRECTION('',(-1.651002285576E-16,-0.707106781187,0.707106781187
    ));
#1133 = DIRECTION('',(-1.,2.334869823772E-16,1.261191372222E-28));
#1134 = ADVANCED_FACE('',(#1135),#1160,.T.);
#1135 = FACE_BOUND('',#1136,.T.);
#1136 = EDGE_LOOP('',(#1137,#1145,#1146,#1154));
#1137 = ORIENTED_EDGE('',*,*,#1138,.F.);
#1138 = EDGE_CURVE('',#329,#1139,#1141,.T.);
#1139 = VERTEX_POINT('',#1140);
#1140 = CARTESIAN_POINT('',(0.75,2.25,4.3));
#1141 = LINE('',#1142,#1143);
#1142 = CARTESIAN_POINT('',(0.75,2.25,4.3));
#1143 = VECTOR('',#1144,1.);
#1144 = DIRECTION('',(0.57735026919,-0.57735026919,-0.57735026919));
#1145 = ORIENTED_EDGE('',*,*,#328,.T.);
#1146 = ORIENTED_EDGE('',*,*,#1147,.T.);
#1147 = EDGE_CURVE('',#331,#1148,#1150,.T.);
#1148 = VERTEX_POINT('',#1149);
#1149 = CARTESIAN_POINT('',(0.75,1.75,4.3));
#1150 = LINE('',#1151,#1152);
#1151 = CARTESIAN_POINT('',(0.75,1.75,4.3));
#1152 = VECTOR('',#1153,1.);
#1153 = DIRECTION('',(0.57735026919,0.57735026919,-0.57735026919));
#1154 = ORIENTED_EDGE('',*,*,#1155,.F.);
#1155 = EDGE_CURVE('',#1139,#1148,#1156,.T.);
#1156 = LINE('',#1157,#1158);
#1157 = CARTESIAN_POINT('',(0.75,2.5,4.3));
#1158 = VECTOR('',#1159,1.);
#1159 = DIRECTION('',(-2.334869823773E-16,-1.,0.));
#1160 = PLANE('',#1161);
#1161 = AXIS2_PLACEMENT_3D('',#1162,#1163,#1164);
#1162 = CARTESIAN_POINT('',(0.625,2.5,4.425));
#1163 = DIRECTION('',(0.707106781187,-1.651002285576E-16,0.707106781187)
  );
#1164 = DIRECTION('',(-2.334869823772E-16,-1.,1.261191372222E-28));
#1165 = ADVANCED_FACE('',(#1166),#1184,.T.);
#1166 = FACE_BOUND('',#1167,.T.);
#1167 = EDGE_LOOP('',(#1168,#1169,#1170,#1178));
#1168 = ORIENTED_EDGE('',*,*,#1147,.F.);
#1169 = ORIENTED_EDGE('',*,*,#354,.T.);
#1170 = ORIENTED_EDGE('',*,*,#1171,.T.);
#1171 = EDGE_CURVE('',#347,#1172,#1174,.T.);
#1172 = VERTEX_POINT('',#1173);
#1173 = CARTESIAN_POINT('',(1.25,1.75,4.3));
#1174 = LINE('',#1175,#1176);
#1175 = CARTESIAN_POINT('',(1.25,1.75,4.3));
#1176 = VECTOR('',#1177,1.);
#1177 = DIRECTION('',(-0.57735026919,0.57735026919,-0.57735026919));
#1178 = ORIENTED_EDGE('',*,*,#1179,.F.);
#1179 = EDGE_CURVE('',#1148,#1172,#1180,.T.);
#1180 = LINE('',#1181,#1182);
#1181 = CARTESIAN_POINT('',(0.5,1.75,4.3));
#1182 = VECTOR('',#1183,1.);
#1183 = DIRECTION('',(1.,-2.334869823773E-16,0.));
#1184 = PLANE('',#1185);
#1185 = AXIS2_PLACEMENT_3D('',#1186,#1187,#1188);
#1186 = CARTESIAN_POINT('',(0.5,1.625,4.425));
#1187 = DIRECTION('',(1.651002285576E-16,0.707106781187,0.707106781187)
  );
#1188 = DIRECTION('',(1.,-2.334869823772E-16,1.261191372222E-28));
#1189 = ADVANCED_FACE('',(#1190),#1208,.T.);
#1190 = FACE_BOUND('',#1191,.T.);
#1191 = EDGE_LOOP('',(#1192,#1193,#1194,#1202));
#1192 = ORIENTED_EDGE('',*,*,#1171,.F.);
#1193 = ORIENTED_EDGE('',*,*,#346,.T.);
#1194 = ORIENTED_EDGE('',*,*,#1195,.T.);
#1195 = EDGE_CURVE('',#339,#1196,#1198,.T.);
#1196 = VERTEX_POINT('',#1197);
#1197 = CARTESIAN_POINT('',(1.25,2.25,4.3));
#1198 = LINE('',#1199,#1200);
#1199 = CARTESIAN_POINT('',(1.25,2.25,4.3));
#1200 = VECTOR('',#1201,1.);
#1201 = DIRECTION('',(-0.57735026919,-0.57735026919,-0.57735026919));
#1202 = ORIENTED_EDGE('',*,*,#1203,.F.);
#1203 = EDGE_CURVE('',#1172,#1196,#1204,.T.);
#1204 = LINE('',#1205,#1206);
#1205 = CARTESIAN_POINT('',(1.25,1.5,4.3));
#1206 = VECTOR('',#1207,1.);
#1207 = DIRECTION('',(2.334869823773E-16,1.,0.));
#1208 = PLANE('',#1209);
#1209 = AXIS2_PLACEMENT_3D('',#1210,#1211,#1212);
#1210 = CARTESIAN_POINT('',(1.375,1.5,4.425));
#1211 = DIRECTION('',(-0.707106781187,1.651002285576E-16,0.707106781187)
  );
#1212 = DIRECTION('',(2.334869823772E-16,1.,1.261191372222E-28));
#1213 = ADVANCED_FACE('',(#1214),#1225,.T.);
#1214 = FACE_BOUND('',#1215,.T.);
#1215 = EDGE_LOOP('',(#1216,#1217,#1218,#1219));
#1216 = ORIENTED_EDGE('',*,*,#1195,.F.);
#1217 = ORIENTED_EDGE('',*,*,#338,.T.);
#1218 = ORIENTED_EDGE('',*,*,#1138,.T.);
#1219 = ORIENTED_EDGE('',*,*,#1220,.F.);
#1220 = EDGE_CURVE('',#1196,#1139,#1221,.T.);
#1221 = LINE('',#1222,#1223);
#1222 = CARTESIAN_POINT('',(1.5,2.25,4.3));
#1223 = VECTOR('',#1224,1.);
#1224 = DIRECTION('',(-1.,2.334869823773E-16,0.));
#1225 = PLANE('',#1226);
#1226 = AXIS2_PLACEMENT_3D('',#1227,#1228,#1229);
#1227 = CARTESIAN_POINT('',(1.5,2.375,4.425));
#1228 = DIRECTION('',(-1.651002285576E-16,-0.707106781187,0.707106781187
    ));
#1229 = DIRECTION('',(-1.,2.334869823772E-16,1.261191372222E-28));
#1230 = ADVANCED_FACE('',(#1231),#1256,.T.);
#1231 = FACE_BOUND('',#1232,.T.);
#1232 = EDGE_LOOP('',(#1233,#1241,#1242,#1250));
#1233 = ORIENTED_EDGE('',*,*,#1234,.F.);
#1234 = EDGE_CURVE('',#363,#1235,#1237,.T.);
#1235 = VERTEX_POINT('',#1236);
#1236 = CARTESIAN_POINT('',(-0.75,-2.25,4.3));
#1237 = LINE('',#1238,#1239);
#1238 = CARTESIAN_POINT('',(-0.75,-2.25,4.3));
#1239 = VECTOR('',#1240,1.);
#1240 = DIRECTION('',(-0.57735026919,0.57735026919,-0.57735026919));
#1241 = ORIENTED_EDGE('',*,*,#362,.T.);
#1242 = ORIENTED_EDGE('',*,*,#1243,.T.);
#1243 = EDGE_CURVE('',#365,#1244,#1246,.T.);
#1244 = VERTEX_POINT('',#1245);
#1245 = CARTESIAN_POINT('',(-0.75,-1.75,4.3));
#1246 = LINE('',#1247,#1248);
#1247 = CARTESIAN_POINT('',(-0.75,-1.75,4.3));
#1248 = VECTOR('',#1249,1.);
#1249 = DIRECTION('',(-0.57735026919,-0.57735026919,-0.57735026919));
#1250 = ORIENTED_EDGE('',*,*,#1251,.F.);
#1251 = EDGE_CURVE('',#1235,#1244,#1252,.T.);
#1252 = LINE('',#1253,#1254);
#1253 = CARTESIAN_POINT('',(-0.75,-2.5,4.3));
#1254 = VECTOR('',#1255,1.);
#1255 = DIRECTION('',(1.110223024625E-16,1.,0.));
#1256 = PLANE('',#1257);
#1257 = AXIS2_PLACEMENT_3D('',#1258,#1259,#1260);
#1258 = CARTESIAN_POINT('',(-0.625,-2.5,4.425));
#1259 = DIRECTION('',(-0.707106781187,7.850462293414E-17,0.707106781187)
  );
#1260 = DIRECTION('',(1.110223024625E-16,1.,2.680278185005E-29));
#1261 = ADVANCED_FACE('',(#1262),#1280,.T.);
#1262 = FACE_BOUND('',#1263,.T.);
#1263 = EDGE_LOOP('',(#1264,#1265,#1266,#1274));
#1264 = ORIENTED_EDGE('',*,*,#1243,.F.);
#1265 = ORIENTED_EDGE('',*,*,#388,.T.);
#1266 = ORIENTED_EDGE('',*,*,#1267,.T.);
#1267 = EDGE_CURVE('',#381,#1268,#1270,.T.);
#1268 = VERTEX_POINT('',#1269);
#1269 = CARTESIAN_POINT('',(-1.25,-1.75,4.3));
#1270 = LINE('',#1271,#1272);
#1271 = CARTESIAN_POINT('',(-1.25,-1.75,4.3));
#1272 = VECTOR('',#1273,1.);
#1273 = DIRECTION('',(0.57735026919,-0.57735026919,-0.57735026919));
#1274 = ORIENTED_EDGE('',*,*,#1275,.F.);
#1275 = EDGE_CURVE('',#1244,#1268,#1276,.T.);
#1276 = LINE('',#1277,#1278);
#1277 = CARTESIAN_POINT('',(-0.5,-1.75,4.3));
#1278 = VECTOR('',#1279,1.);
#1279 = DIRECTION('',(-1.,1.110223024625E-16,0.));
#1280 = PLANE('',#1281);
#1281 = AXIS2_PLACEMENT_3D('',#1282,#1283,#1284);
#1282 = CARTESIAN_POINT('',(-0.5,-1.625,4.425));
#1283 = DIRECTION('',(-7.850462293414E-17,-0.707106781187,0.707106781187
    ));
#1284 = DIRECTION('',(-1.,1.110223024625E-16,2.680278185005E-29));
#1285 = ADVANCED_FACE('',(#1286),#1304,.T.);
#1286 = FACE_BOUND('',#1287,.T.);
#1287 = EDGE_LOOP('',(#1288,#1289,#1290,#1298));
#1288 = ORIENTED_EDGE('',*,*,#1267,.F.);
#1289 = ORIENTED_EDGE('',*,*,#380,.T.);
#1290 = ORIENTED_EDGE('',*,*,#1291,.T.);
#1291 = EDGE_CURVE('',#373,#1292,#1294,.T.);
#1292 = VERTEX_POINT('',#1293);
#1293 = CARTESIAN_POINT('',(-1.25,-2.25,4.3));
#1294 = LINE('',#1295,#1296);
#1295 = CARTESIAN_POINT('',(-1.25,-2.25,4.3));
#1296 = VECTOR('',#1297,1.);
#1297 = DIRECTION('',(0.57735026919,0.57735026919,-0.57735026919));
#1298 = ORIENTED_EDGE('',*,*,#1299,.F.);
#1299 = EDGE_CURVE('',#1268,#1292,#1300,.T.);
#1300 = LINE('',#1301,#1302);
#1301 = CARTESIAN_POINT('',(-1.25,-1.5,4.3));
#1302 = VECTOR('',#1303,1.);
#1303 = DIRECTION('',(-1.110223024625E-16,-1.,0.));
#1304 = PLANE('',#1305);
#1305 = AXIS2_PLACEMENT_3D('',#1306,#1307,#1308);
#1306 = CARTESIAN_POINT('',(-1.375,-1.5,4.425));
#1307 = DIRECTION('',(0.707106781187,-7.850462293414E-17,0.707106781187)
  );
#1308 = DIRECTION('',(-1.110223024625E-16,-1.,2.680278185005E-29));
#1309 = ADVANCED_FACE('',(#1310),#1321,.T.);
#1310 = FACE_BOUND('',#1311,.T.);
#1311 = EDGE_LOOP('',(#1312,#1313,#1314,#1315));
#1312 = ORIENTED_EDGE('',*,*,#1291,.F.);
#1313 = ORIENTED_EDGE('',*,*,#372,.T.);
#1314 = ORIENTED_EDGE('',*,*,#1234,.T.);
#1315 = ORIENTED_EDGE('',*,*,#1316,.F.);
#1316 = EDGE_CURVE('',#1292,#1235,#1317,.T.);
#1317 = LINE('',#1318,#1319);
#1318 = CARTESIAN_POINT('',(-1.5,-2.25,4.3));
#1319 = VECTOR('',#1320,1.);
#1320 = DIRECTION('',(1.,-1.110223024625E-16,0.));
#1321 = PLANE('',#1322);
#1322 = AXIS2_PLACEMENT_3D('',#1323,#1324,#1325);
#1323 = CARTESIAN_POINT('',(-1.5,-2.375,4.425));
#1324 = DIRECTION('',(7.850462293414E-17,0.707106781187,0.707106781187)
  );
#1325 = DIRECTION('',(1.,-1.110223024625E-16,2.680278185005E-29));
#1326 = ADVANCED_FACE('',(#1327),#1352,.T.);
#1327 = FACE_BOUND('',#1328,.T.);
#1328 = EDGE_LOOP('',(#1329,#1337,#1338,#1346));
#1329 = ORIENTED_EDGE('',*,*,#1330,.F.);
#1330 = EDGE_CURVE('',#397,#1331,#1333,.T.);
#1331 = VERTEX_POINT('',#1332);
#1332 = CARTESIAN_POINT('',(-0.75,-0.25,4.3));
#1333 = LINE('',#1334,#1335);
#1334 = CARTESIAN_POINT('',(-0.75,-0.25,4.3));
#1335 = VECTOR('',#1336,1.);
#1336 = DIRECTION('',(-0.57735026919,0.57735026919,-0.57735026919));
#1337 = ORIENTED_EDGE('',*,*,#396,.T.);
#1338 = ORIENTED_EDGE('',*,*,#1339,.T.);
#1339 = EDGE_CURVE('',#399,#1340,#1342,.T.);
#1340 = VERTEX_POINT('',#1341);
#1341 = CARTESIAN_POINT('',(-0.75,0.25,4.3));
#1342 = LINE('',#1343,#1344);
#1343 = CARTESIAN_POINT('',(-0.75,0.25,4.3));
#1344 = VECTOR('',#1345,1.);
#1345 = DIRECTION('',(-0.57735026919,-0.57735026919,-0.57735026919));
#1346 = ORIENTED_EDGE('',*,*,#1347,.F.);
#1347 = EDGE_CURVE('',#1331,#1340,#1348,.T.);
#1348 = LINE('',#1349,#1350);
#1349 = CARTESIAN_POINT('',(-0.75,-0.5,4.3));
#1350 = VECTOR('',#1351,1.);
#1351 = DIRECTION('',(1.110223024625E-16,1.,0.));
#1352 = PLANE('',#1353);
#1353 = AXIS2_PLACEMENT_3D('',#1354,#1355,#1356);
#1354 = CARTESIAN_POINT('',(-0.625,-0.5,4.425));
#1355 = DIRECTION('',(-0.707106781187,7.850462293414E-17,0.707106781187)
  );
#1356 = DIRECTION('',(1.110223024625E-16,1.,2.680278185005E-29));
#1357 = ADVANCED_FACE('',(#1358),#1376,.T.);
#1358 = FACE_BOUND('',#1359,.T.);
#1359 = EDGE_LOOP('',(#1360,#1361,#1362,#1370));
#1360 = ORIENTED_EDGE('',*,*,#1339,.F.);
#1361 = ORIENTED_EDGE('',*,*,#422,.T.);
#1362 = ORIENTED_EDGE('',*,*,#1363,.T.);
#1363 = EDGE_CURVE('',#415,#1364,#1366,.T.);
#1364 = VERTEX_POINT('',#1365);
#1365 = CARTESIAN_POINT('',(-1.25,0.25,4.3));
#1366 = LINE('',#1367,#1368);
#1367 = CARTESIAN_POINT('',(-1.25,0.25,4.3));
#1368 = VECTOR('',#1369,1.);
#1369 = DIRECTION('',(0.57735026919,-0.57735026919,-0.57735026919));
#1370 = ORIENTED_EDGE('',*,*,#1371,.F.);
#1371 = EDGE_CURVE('',#1340,#1364,#1372,.T.);
#1372 = LINE('',#1373,#1374);
#1373 = CARTESIAN_POINT('',(-0.5,0.25,4.3));
#1374 = VECTOR('',#1375,1.);
#1375 = DIRECTION('',(-1.,1.110223024625E-16,0.));
#1376 = PLANE('',#1377);
#1377 = AXIS2_PLACEMENT_3D('',#1378,#1379,#1380);
#1378 = CARTESIAN_POINT('',(-0.5,0.375,4.425));
#1379 = DIRECTION('',(-7.850462293414E-17,-0.707106781187,0.707106781187
    ));
#1380 = DIRECTION('',(-1.,1.110223024625E-16,2.680278185005E-29));
#1381 = ADVANCED_FACE('',(#1382),#1400,.T.);
#1382 = FACE_BOUND('',#1383,.T.);
#1383 = EDGE_LOOP('',(#1384,#1385,#1386,#1394));
#1384 = ORIENTED_EDGE('',*,*,#1363,.F.);
#1385 = ORIENTED_EDGE('',*,*,#414,.T.);
#1386 = ORIENTED_EDGE('',*,*,#1387,.T.);
#1387 = EDGE_CURVE('',#407,#1388,#1390,.T.);
#1388 = VERTEX_POINT('',#1389);
#1389 = CARTESIAN_POINT('',(-1.25,-0.25,4.3));
#1390 = LINE('',#1391,#1392);
#1391 = CARTESIAN_POINT('',(-1.25,-0.25,4.3));
#1392 = VECTOR('',#1393,1.);
#1393 = DIRECTION('',(0.57735026919,0.57735026919,-0.57735026919));
#1394 = ORIENTED_EDGE('',*,*,#1395,.F.);
#1395 = EDGE_CURVE('',#1364,#1388,#1396,.T.);
#1396 = LINE('',#1397,#1398);
#1397 = CARTESIAN_POINT('',(-1.25,0.5,4.3));
#1398 = VECTOR('',#1399,1.);
#1399 = DIRECTION('',(-1.110223024625E-16,-1.,0.));
#1400 = PLANE('',#1401);
#1401 = AXIS2_PLACEMENT_3D('',#1402,#1403,#1404);
#1402 = CARTESIAN_POINT('',(-1.375,0.5,4.425));
#1403 = DIRECTION('',(0.707106781187,-7.850462293414E-17,0.707106781187)
  );
#1404 = DIRECTION('',(-1.110223024625E-16,-1.,2.680278185005E-29));
#1405 = ADVANCED_FACE('',(#1406),#1417,.T.);
#1406 = FACE_BOUND('',#1407,.T.);
#1407 = EDGE_LOOP('',(#1408,#1409,#1410,#1411));
#1408 = ORIENTED_EDGE('',*,*,#1387,.F.);
#1409 = ORIENTED_EDGE('',*,*,#406,.T.);
#1410 = ORIENTED_EDGE('',*,*,#1330,.T.);
#1411 = ORIENTED_EDGE('',*,*,#1412,.F.);
#1412 = EDGE_CURVE('',#1388,#1331,#1413,.T.);
#1413 = LINE('',#1414,#1415);
#1414 = CARTESIAN_POINT('',(-1.5,-0.25,4.3));
#1415 = VECTOR('',#1416,1.);
#1416 = DIRECTION('',(1.,-1.110223024625E-16,0.));
#1417 = PLANE('',#1418);
#1418 = AXIS2_PLACEMENT_3D('',#1419,#1420,#1421);
#1419 = CARTESIAN_POINT('',(-1.5,-0.375,4.425));
#1420 = DIRECTION('',(7.850462293414E-17,0.707106781187,0.707106781187)
  );
#1421 = DIRECTION('',(1.,-1.110223024625E-16,2.680278185005E-29));
#1422 = ADVANCED_FACE('',(#1423),#1448,.T.);
#1423 = FACE_BOUND('',#1424,.T.);
#1424 = EDGE_LOOP('',(#1425,#1433,#1434,#1442));
#1425 = ORIENTED_EDGE('',*,*,#1426,.F.);
#1426 = EDGE_CURVE('',#431,#1427,#1429,.T.);
#1427 = VERTEX_POINT('',#1428);
#1428 = CARTESIAN_POINT('',(-0.75,1.75,4.3));
#1429 = LINE('',#1430,#1431);
#1430 = CARTESIAN_POINT('',(-0.75,1.75,4.3));
#1431 = VECTOR('',#1432,1.);
#1432 = DIRECTION('',(-0.57735026919,0.57735026919,-0.57735026919));
#1433 = ORIENTED_EDGE('',*,*,#430,.T.);
#1434 = ORIENTED_EDGE('',*,*,#1435,.T.);
#1435 = EDGE_CURVE('',#433,#1436,#1438,.T.);
#1436 = VERTEX_POINT('',#1437);
#1437 = CARTESIAN_POINT('',(-0.75,2.25,4.3));
#1438 = LINE('',#1439,#1440);
#1439 = CARTESIAN_POINT('',(-0.75,2.25,4.3));
#1440 = VECTOR('',#1441,1.);
#1441 = DIRECTION('',(-0.57735026919,-0.57735026919,-0.57735026919));
#1442 = ORIENTED_EDGE('',*,*,#1443,.F.);
#1443 = EDGE_CURVE('',#1427,#1436,#1444,.T.);
#1444 = LINE('',#1445,#1446);
#1445 = CARTESIAN_POINT('',(-0.75,1.5,4.3));
#1446 = VECTOR('',#1447,1.);
#1447 = DIRECTION('',(1.110223024625E-16,1.,0.));
#1448 = PLANE('',#1449);
#1449 = AXIS2_PLACEMENT_3D('',#1450,#1451,#1452);
#1450 = CARTESIAN_POINT('',(-0.625,1.5,4.425));
#1451 = DIRECTION('',(-0.707106781187,7.850462293414E-17,0.707106781187)
  );
#1452 = DIRECTION('',(1.110223024625E-16,1.,2.680278185005E-29));
#1453 = ADVANCED_FACE('',(#1454),#1472,.T.);
#1454 = FACE_BOUND('',#1455,.T.);
#1455 = EDGE_LOOP('',(#1456,#1457,#1458,#1466));
#1456 = ORIENTED_EDGE('',*,*,#1435,.F.);
#1457 = ORIENTED_EDGE('',*,*,#456,.T.);
#1458 = ORIENTED_EDGE('',*,*,#1459,.T.);
#1459 = EDGE_CURVE('',#449,#1460,#1462,.T.);
#1460 = VERTEX_POINT('',#1461);
#1461 = CARTESIAN_POINT('',(-1.25,2.25,4.3));
#1462 = LINE('',#1463,#1464);
#1463 = CARTESIAN_POINT('',(-1.25,2.25,4.3));
#1464 = VECTOR('',#1465,1.);
#1465 = DIRECTION('',(0.57735026919,-0.57735026919,-0.57735026919));
#1466 = ORIENTED_EDGE('',*,*,#1467,.F.);
#1467 = EDGE_CURVE('',#1436,#1460,#1468,.T.);
#1468 = LINE('',#1469,#1470);
#1469 = CARTESIAN_POINT('',(-0.5,2.25,4.3));
#1470 = VECTOR('',#1471,1.);
#1471 = DIRECTION('',(-1.,1.110223024625E-16,0.));
#1472 = PLANE('',#1473);
#1473 = AXIS2_PLACEMENT_3D('',#1474,#1475,#1476);
#1474 = CARTESIAN_POINT('',(-0.5,2.375,4.425));
#1475 = DIRECTION('',(-7.850462293414E-17,-0.707106781187,0.707106781187
    ));
#1476 = DIRECTION('',(-1.,1.110223024625E-16,2.680278185005E-29));
#1477 = ADVANCED_FACE('',(#1478),#1496,.T.);
#1478 = FACE_BOUND('',#1479,.T.);
#1479 = EDGE_LOOP('',(#1480,#1481,#1482,#1490));
#1480 = ORIENTED_EDGE('',*,*,#1459,.F.);
#1481 = ORIENTED_EDGE('',*,*,#448,.T.);
#1482 = ORIENTED_EDGE('',*,*,#1483,.T.);
#1483 = EDGE_CURVE('',#441,#1484,#1486,.T.);
#1484 = VERTEX_POINT('',#1485);
#1485 = CARTESIAN_POINT('',(-1.25,1.75,4.3));
#1486 = LINE('',#1487,#1488);
#1487 = CARTESIAN_POINT('',(-1.25,1.75,4.3));
#1488 = VECTOR('',#1489,1.);
#1489 = DIRECTION('',(0.57735026919,0.57735026919,-0.57735026919));
#1490 = ORIENTED_EDGE('',*,*,#1491,.F.);
#1491 = EDGE_CURVE('',#1460,#1484,#1492,.T.);
#1492 = LINE('',#1493,#1494);
#1493 = CARTESIAN_POINT('',(-1.25,2.5,4.3));
#1494 = VECTOR('',#1495,1.);
#1495 = DIRECTION('',(-1.110223024625E-16,-1.,0.));
#1496 = PLANE('',#1497);
#1497 = AXIS2_PLACEMENT_3D('',#1498,#1499,#1500);
#1498 = CARTESIAN_POINT('',(-1.375,2.5,4.425));
#1499 = DIRECTION('',(0.707106781187,-7.850462293414E-17,0.707106781187)
  );
#1500 = DIRECTION('',(-1.110223024625E-16,-1.,2.680278185005E-29));
#1501 = ADVANCED_FACE('',(#1502),#1513,.T.);
#1502 = FACE_BOUND('',#1503,.T.);
#1503 = EDGE_LOOP('',(#1504,#1505,#1506,#1507));
#1504 = ORIENTED_EDGE('',*,*,#1483,.F.);
#1505 = ORIENTED_EDGE('',*,*,#440,.T.);
#1506 = ORIENTED_EDGE('',*,*,#1426,.T.);
#1507 = ORIENTED_EDGE('',*,*,#1508,.F.);
#1508 = EDGE_CURVE('',#1484,#1427,#1509,.T.);
#1509 = LINE('',#1510,#1511);
#1510 = CARTESIAN_POINT('',(-1.5,1.75,4.3));
#1511 = VECTOR('',#1512,1.);
#1512 = DIRECTION('',(1.,-1.110223024625E-16,0.));
#1513 = PLANE('',#1514);
#1514 = AXIS2_PLACEMENT_3D('',#1515,#1516,#1517);
#1515 = CARTESIAN_POINT('',(-1.5,1.625,4.425));
#1516 = DIRECTION('',(7.850462293414E-17,0.707106781187,0.707106781187)
  );
#1517 = DIRECTION('',(1.,-1.110223024625E-16,2.680278185005E-29));
#1518 = ADVANCED_FACE('',(#1519),#1530,.T.);
#1519 = FACE_BOUND('',#1520,.T.);
#1520 = EDGE_LOOP('',(#1521,#1522,#1523,#1529));
#1521 = ORIENTED_EDGE('',*,*,#520,.F.);
#1522 = ORIENTED_EDGE('',*,*,#530,.T.);
#1523 = ORIENTED_EDGE('',*,*,#1524,.T.);
#1524 = EDGE_CURVE('',#531,#571,#1525,.T.);
#1525 = LINE('',#1526,#1527);
#1526 = CARTESIAN_POINT('',(1.1,-1.75,0.45));
#1527 = VECTOR('',#1528,1.);
#1528 = DIRECTION('',(-1.,2.334869823773E-16,0.));
#1529 = ORIENTED_EDGE('',*,*,#578,.T.);
#1530 = PLANE('',#1531);
#1531 = AXIS2_PLACEMENT_3D('',#1532,#1533,#1534);
#1532 = CARTESIAN_POINT('',(1.1,-1.75,0.45));
#1533 = DIRECTION('',(0.,0.,-1.));
#1534 = DIRECTION('',(2.334869823773E-16,1.,0.));
#1535 = ADVANCED_FACE('',(#1536),#1561,.F.);
#1536 = FACE_BOUND('',#1537,.F.);
#1537 = EDGE_LOOP('',(#1538,#1546,#1547,#1555));
#1538 = ORIENTED_EDGE('',*,*,#1539,.F.);
#1539 = EDGE_CURVE('',#571,#1540,#1542,.T.);
#1540 = VERTEX_POINT('',#1541);
#1541 = CARTESIAN_POINT('',(0.9,-1.75,0.25));
#1542 = LINE('',#1543,#1544);
#1543 = CARTESIAN_POINT('',(0.9,-1.75,0.45));
#1544 = VECTOR('',#1545,1.);
#1545 = DIRECTION('',(-0.,0.,-1.));
#1546 = ORIENTED_EDGE('',*,*,#570,.F.);
#1547 = ORIENTED_EDGE('',*,*,#1548,.F.);
#1548 = EDGE_CURVE('',#1549,#563,#1551,.T.);
#1549 = VERTEX_POINT('',#1550);
#1550 = CARTESIAN_POINT('',(0.9,-2.25,0.25));
#1551 = LINE('',#1552,#1553);
#1552 = CARTESIAN_POINT('',(0.9,-2.25,0.25));
#1553 = VECTOR('',#1554,1.);
#1554 = DIRECTION('',(0.,0.,1.));
#1555 = ORIENTED_EDGE('',*,*,#1556,.F.);
#1556 = EDGE_CURVE('',#1540,#1549,#1557,.T.);
#1557 = LINE('',#1558,#1559);
#1558 = CARTESIAN_POINT('',(0.9,-1.75,0.25));
#1559 = VECTOR('',#1560,1.);
#1560 = DIRECTION('',(-2.334869823773E-16,-1.,0.));
#1561 = PLANE('',#1562);
#1562 = AXIS2_PLACEMENT_3D('',#1563,#1564,#1565);
#1563 = CARTESIAN_POINT('',(0.9,-2.,2.126222487971));
#1564 = DIRECTION('',(1.,-2.334869823773E-16,0.));
#1565 = DIRECTION('',(0.,0.,1.));
#1566 = ADVANCED_FACE('',(#1567),#1578,.T.);
#1567 = FACE_BOUND('',#1568,.T.);
#1568 = EDGE_LOOP('',(#1569,#1575,#1576,#1577));
#1569 = ORIENTED_EDGE('',*,*,#1570,.F.);
#1570 = EDGE_CURVE('',#539,#563,#1571,.T.);
#1571 = LINE('',#1572,#1573);
#1572 = CARTESIAN_POINT('',(1.1,-2.25,0.45));
#1573 = VECTOR('',#1574,1.);
#1574 = DIRECTION('',(-1.,2.334869823773E-16,0.));
#1575 = ORIENTED_EDGE('',*,*,#546,.T.);
#1576 = ORIENTED_EDGE('',*,*,#554,.T.);
#1577 = ORIENTED_EDGE('',*,*,#562,.T.);
#1578 = PLANE('',#1579);
#1579 = AXIS2_PLACEMENT_3D('',#1580,#1581,#1582);
#1580 = CARTESIAN_POINT('',(1.1,-1.75,0.45));
#1581 = DIRECTION('',(0.,0.,-1.));
#1582 = DIRECTION('',(2.334869823773E-16,1.,0.));
#1583 = ADVANCED_FACE('',(#1584),#1609,.T.);
#1584 = FACE_BOUND('',#1585,.T.);
#1585 = EDGE_LOOP('',(#1586,#1594,#1595,#1603));
#1586 = ORIENTED_EDGE('',*,*,#1587,.F.);
#1587 = EDGE_CURVE('',#531,#1588,#1590,.T.);
#1588 = VERTEX_POINT('',#1589);
#1589 = CARTESIAN_POINT('',(1.1,-1.75,0.25));
#1590 = LINE('',#1591,#1592);
#1591 = CARTESIAN_POINT('',(1.1,-1.75,0.45));
#1592 = VECTOR('',#1593,1.);
#1593 = DIRECTION('',(-0.,0.,-1.));
#1594 = ORIENTED_EDGE('',*,*,#538,.F.);
#1595 = ORIENTED_EDGE('',*,*,#1596,.F.);
#1596 = EDGE_CURVE('',#1597,#539,#1599,.T.);
#1597 = VERTEX_POINT('',#1598);
#1598 = CARTESIAN_POINT('',(1.1,-2.25,0.25));
#1599 = LINE('',#1600,#1601);
#1600 = CARTESIAN_POINT('',(1.1,-2.25,0.25));
#1601 = VECTOR('',#1602,1.);
#1602 = DIRECTION('',(0.,0.,1.));
#1603 = ORIENTED_EDGE('',*,*,#1604,.F.);
#1604 = EDGE_CURVE('',#1588,#1597,#1605,.T.);
#1605 = LINE('',#1606,#1607);
#1606 = CARTESIAN_POINT('',(1.1,-1.75,0.25));
#1607 = VECTOR('',#1608,1.);
#1608 = DIRECTION('',(-2.334869823773E-16,-1.,0.));
#1609 = PLANE('',#1610);
#1610 = AXIS2_PLACEMENT_3D('',#1611,#1612,#1613);
#1611 = CARTESIAN_POINT('',(1.1,-2.,2.126222487971));
#1612 = DIRECTION('',(1.,-2.334869823773E-16,0.));
#1613 = DIRECTION('',(0.,0.,1.));
#1614 = ADVANCED_FACE('',(#1615),#1626,.T.);
#1615 = FACE_BOUND('',#1616,.T.);
#1616 = EDGE_LOOP('',(#1617,#1618,#1619,#1625));
#1617 = ORIENTED_EDGE('',*,*,#586,.F.);
#1618 = ORIENTED_EDGE('',*,*,#596,.T.);
#1619 = ORIENTED_EDGE('',*,*,#1620,.T.);
#1620 = EDGE_CURVE('',#597,#637,#1621,.T.);
#1621 = LINE('',#1622,#1623);
#1622 = CARTESIAN_POINT('',(1.1,0.25,0.45));
#1623 = VECTOR('',#1624,1.);
#1624 = DIRECTION('',(-1.,2.334869823773E-16,0.));
#1625 = ORIENTED_EDGE('',*,*,#644,.T.);
#1626 = PLANE('',#1627);
#1627 = AXIS2_PLACEMENT_3D('',#1628,#1629,#1630);
#1628 = CARTESIAN_POINT('',(1.1,0.25,0.45));
#1629 = DIRECTION('',(0.,0.,-1.));
#1630 = DIRECTION('',(2.334869823773E-16,1.,0.));
#1631 = ADVANCED_FACE('',(#1632),#1657,.F.);
#1632 = FACE_BOUND('',#1633,.F.);
#1633 = EDGE_LOOP('',(#1634,#1642,#1643,#1651));
#1634 = ORIENTED_EDGE('',*,*,#1635,.F.);
#1635 = EDGE_CURVE('',#637,#1636,#1638,.T.);
#1636 = VERTEX_POINT('',#1637);
#1637 = CARTESIAN_POINT('',(0.9,0.25,0.25));
#1638 = LINE('',#1639,#1640);
#1639 = CARTESIAN_POINT('',(0.9,0.25,0.45));
#1640 = VECTOR('',#1641,1.);
#1641 = DIRECTION('',(-0.,0.,-1.));
#1642 = ORIENTED_EDGE('',*,*,#636,.F.);
#1643 = ORIENTED_EDGE('',*,*,#1644,.F.);
#1644 = EDGE_CURVE('',#1645,#629,#1647,.T.);
#1645 = VERTEX_POINT('',#1646);
#1646 = CARTESIAN_POINT('',(0.9,-0.25,0.25));
#1647 = LINE('',#1648,#1649);
#1648 = CARTESIAN_POINT('',(0.9,-0.25,0.25));
#1649 = VECTOR('',#1650,1.);
#1650 = DIRECTION('',(0.,0.,1.));
#1651 = ORIENTED_EDGE('',*,*,#1652,.F.);
#1652 = EDGE_CURVE('',#1636,#1645,#1653,.T.);
#1653 = LINE('',#1654,#1655);
#1654 = CARTESIAN_POINT('',(0.9,0.25,0.25));
#1655 = VECTOR('',#1656,1.);
#1656 = DIRECTION('',(-2.334869823773E-16,-1.,0.));
#1657 = PLANE('',#1658);
#1658 = AXIS2_PLACEMENT_3D('',#1659,#1660,#1661);
#1659 = CARTESIAN_POINT('',(0.9,-2.101382841395E-16,2.126222487971));
#1660 = DIRECTION('',(1.,-2.334869823773E-16,0.));
#1661 = DIRECTION('',(0.,0.,1.));
#1662 = ADVANCED_FACE('',(#1663),#1674,.T.);
#1663 = FACE_BOUND('',#1664,.T.);
#1664 = EDGE_LOOP('',(#1665,#1671,#1672,#1673));
#1665 = ORIENTED_EDGE('',*,*,#1666,.F.);
#1666 = EDGE_CURVE('',#605,#629,#1667,.T.);
#1667 = LINE('',#1668,#1669);
#1668 = CARTESIAN_POINT('',(1.1,-0.25,0.45));
#1669 = VECTOR('',#1670,1.);
#1670 = DIRECTION('',(-1.,2.334869823773E-16,0.));
#1671 = ORIENTED_EDGE('',*,*,#612,.T.);
#1672 = ORIENTED_EDGE('',*,*,#620,.T.);
#1673 = ORIENTED_EDGE('',*,*,#628,.T.);
#1674 = PLANE('',#1675);
#1675 = AXIS2_PLACEMENT_3D('',#1676,#1677,#1678);
#1676 = CARTESIAN_POINT('',(1.1,0.25,0.45));
#1677 = DIRECTION('',(0.,0.,-1.));
#1678 = DIRECTION('',(2.334869823773E-16,1.,0.));
#1679 = ADVANCED_FACE('',(#1680),#1705,.T.);
#1680 = FACE_BOUND('',#1681,.T.);
#1681 = EDGE_LOOP('',(#1682,#1690,#1691,#1699));
#1682 = ORIENTED_EDGE('',*,*,#1683,.F.);
#1683 = EDGE_CURVE('',#597,#1684,#1686,.T.);
#1684 = VERTEX_POINT('',#1685);
#1685 = CARTESIAN_POINT('',(1.1,0.25,0.25));
#1686 = LINE('',#1687,#1688);
#1687 = CARTESIAN_POINT('',(1.1,0.25,0.45));
#1688 = VECTOR('',#1689,1.);
#1689 = DIRECTION('',(-0.,0.,-1.));
#1690 = ORIENTED_EDGE('',*,*,#604,.F.);
#1691 = ORIENTED_EDGE('',*,*,#1692,.F.);
#1692 = EDGE_CURVE('',#1693,#605,#1695,.T.);
#1693 = VERTEX_POINT('',#1694);
#1694 = CARTESIAN_POINT('',(1.1,-0.25,0.25));
#1695 = LINE('',#1696,#1697);
#1696 = CARTESIAN_POINT('',(1.1,-0.25,0.25));
#1697 = VECTOR('',#1698,1.);
#1698 = DIRECTION('',(0.,0.,1.));
#1699 = ORIENTED_EDGE('',*,*,#1700,.F.);
#1700 = EDGE_CURVE('',#1684,#1693,#1701,.T.);
#1701 = LINE('',#1702,#1703);
#1702 = CARTESIAN_POINT('',(1.1,0.25,0.25));
#1703 = VECTOR('',#1704,1.);
#1704 = DIRECTION('',(-2.334869823773E-16,-1.,0.));
#1705 = PLANE('',#1706);
#1706 = AXIS2_PLACEMENT_3D('',#1707,#1708,#1709);
#1707 = CARTESIAN_POINT('',(1.1,-2.56835680615E-16,2.126222487971));
#1708 = DIRECTION('',(1.,-2.334869823773E-16,0.));
#1709 = DIRECTION('',(0.,0.,1.));
#1710 = ADVANCED_FACE('',(#1711),#1722,.T.);
#1711 = FACE_BOUND('',#1712,.T.);
#1712 = EDGE_LOOP('',(#1713,#1714,#1715,#1721));
#1713 = ORIENTED_EDGE('',*,*,#652,.F.);
#1714 = ORIENTED_EDGE('',*,*,#662,.T.);
#1715 = ORIENTED_EDGE('',*,*,#1716,.T.);
#1716 = EDGE_CURVE('',#663,#703,#1717,.T.);
#1717 = LINE('',#1718,#1719);
#1718 = CARTESIAN_POINT('',(1.1,2.25,0.45));
#1719 = VECTOR('',#1720,1.);
#1720 = DIRECTION('',(-1.,2.334869823773E-16,0.));
#1721 = ORIENTED_EDGE('',*,*,#710,.T.);
#1722 = PLANE('',#1723);
#1723 = AXIS2_PLACEMENT_3D('',#1724,#1725,#1726);
#1724 = CARTESIAN_POINT('',(1.1,2.25,0.45));
#1725 = DIRECTION('',(0.,0.,-1.));
#1726 = DIRECTION('',(2.334869823773E-16,1.,0.));
#1727 = ADVANCED_FACE('',(#1728),#1753,.F.);
#1728 = FACE_BOUND('',#1729,.F.);
#1729 = EDGE_LOOP('',(#1730,#1738,#1739,#1747));
#1730 = ORIENTED_EDGE('',*,*,#1731,.F.);
#1731 = EDGE_CURVE('',#703,#1732,#1734,.T.);
#1732 = VERTEX_POINT('',#1733);
#1733 = CARTESIAN_POINT('',(0.9,2.25,0.25));
#1734 = LINE('',#1735,#1736);
#1735 = CARTESIAN_POINT('',(0.9,2.25,0.45));
#1736 = VECTOR('',#1737,1.);
#1737 = DIRECTION('',(-0.,0.,-1.));
#1738 = ORIENTED_EDGE('',*,*,#702,.F.);
#1739 = ORIENTED_EDGE('',*,*,#1740,.F.);
#1740 = EDGE_CURVE('',#1741,#695,#1743,.T.);
#1741 = VERTEX_POINT('',#1742);
#1742 = CARTESIAN_POINT('',(0.9,1.75,0.25));
#1743 = LINE('',#1744,#1745);
#1744 = CARTESIAN_POINT('',(0.9,1.75,0.25));
#1745 = VECTOR('',#1746,1.);
#1746 = DIRECTION('',(0.,0.,1.));
#1747 = ORIENTED_EDGE('',*,*,#1748,.F.);
#1748 = EDGE_CURVE('',#1732,#1741,#1749,.T.);
#1749 = LINE('',#1750,#1751);
#1750 = CARTESIAN_POINT('',(0.9,2.25,0.25));
#1751 = VECTOR('',#1752,1.);
#1752 = DIRECTION('',(-2.334869823773E-16,-1.,0.));
#1753 = PLANE('',#1754);
#1754 = AXIS2_PLACEMENT_3D('',#1755,#1756,#1757);
#1755 = CARTESIAN_POINT('',(0.9,2.,2.126222487971));
#1756 = DIRECTION('',(1.,-2.334869823773E-16,0.));
#1757 = DIRECTION('',(0.,0.,1.));
#1758 = ADVANCED_FACE('',(#1759),#1770,.T.);
#1759 = FACE_BOUND('',#1760,.T.);
#1760 = EDGE_LOOP('',(#1761,#1767,#1768,#1769));
#1761 = ORIENTED_EDGE('',*,*,#1762,.F.);
#1762 = EDGE_CURVE('',#671,#695,#1763,.T.);
#1763 = LINE('',#1764,#1765);
#1764 = CARTESIAN_POINT('',(1.1,1.75,0.45));
#1765 = VECTOR('',#1766,1.);
#1766 = DIRECTION('',(-1.,2.334869823773E-16,0.));
#1767 = ORIENTED_EDGE('',*,*,#678,.T.);
#1768 = ORIENTED_EDGE('',*,*,#686,.T.);
#1769 = ORIENTED_EDGE('',*,*,#694,.T.);
#1770 = PLANE('',#1771);
#1771 = AXIS2_PLACEMENT_3D('',#1772,#1773,#1774);
#1772 = CARTESIAN_POINT('',(1.1,2.25,0.45));
#1773 = DIRECTION('',(0.,0.,-1.));
#1774 = DIRECTION('',(2.334869823773E-16,1.,0.));
#1775 = ADVANCED_FACE('',(#1776),#1801,.T.);
#1776 = FACE_BOUND('',#1777,.T.);
#1777 = EDGE_LOOP('',(#1778,#1786,#1787,#1795));
#1778 = ORIENTED_EDGE('',*,*,#1779,.F.);
#1779 = EDGE_CURVE('',#663,#1780,#1782,.T.);
#1780 = VERTEX_POINT('',#1781);
#1781 = CARTESIAN_POINT('',(1.1,2.25,0.25));
#1782 = LINE('',#1783,#1784);
#1783 = CARTESIAN_POINT('',(1.1,2.25,0.45));
#1784 = VECTOR('',#1785,1.);
#1785 = DIRECTION('',(-0.,0.,-1.));
#1786 = ORIENTED_EDGE('',*,*,#670,.F.);
#1787 = ORIENTED_EDGE('',*,*,#1788,.F.);
#1788 = EDGE_CURVE('',#1789,#671,#1791,.T.);
#1789 = VERTEX_POINT('',#1790);
#1790 = CARTESIAN_POINT('',(1.1,1.75,0.25));
#1791 = LINE('',#1792,#1793);
#1792 = CARTESIAN_POINT('',(1.1,1.75,0.25));
#1793 = VECTOR('',#1794,1.);
#1794 = DIRECTION('',(0.,0.,1.));
#1795 = ORIENTED_EDGE('',*,*,#1796,.F.);
#1796 = EDGE_CURVE('',#1780,#1789,#1797,.T.);
#1797 = LINE('',#1798,#1799);
#1798 = CARTESIAN_POINT('',(1.1,2.25,0.25));
#1799 = VECTOR('',#1800,1.);
#1800 = DIRECTION('',(-2.334869823773E-16,-1.,0.));
#1801 = PLANE('',#1802);
#1802 = AXIS2_PLACEMENT_3D('',#1803,#1804,#1805);
#1803 = CARTESIAN_POINT('',(1.1,2.,2.126222487971));
#1804 = DIRECTION('',(1.,-2.334869823773E-16,0.));
#1805 = DIRECTION('',(0.,0.,1.));
#1806 = ADVANCED_FACE('',(#1807),#1818,.T.);
#1807 = FACE_BOUND('',#1808,.T.);
#1808 = EDGE_LOOP('',(#1809,#1810,#1811,#1817));
#1809 = ORIENTED_EDGE('',*,*,#718,.F.);
#1810 = ORIENTED_EDGE('',*,*,#728,.T.);
#1811 = ORIENTED_EDGE('',*,*,#1812,.T.);
#1812 = EDGE_CURVE('',#729,#769,#1813,.T.);
#1813 = LINE('',#1814,#1815);
#1814 = CARTESIAN_POINT('',(-1.1,-2.25,0.45));
#1815 = VECTOR('',#1816,1.);
#1816 = DIRECTION('',(1.,-1.110223024625E-16,0.));
#1817 = ORIENTED_EDGE('',*,*,#776,.T.);
#1818 = PLANE('',#1819);
#1819 = AXIS2_PLACEMENT_3D('',#1820,#1821,#1822);
#1820 = CARTESIAN_POINT('',(-1.1,-2.25,0.45));
#1821 = DIRECTION('',(0.,-0.,-1.));
#1822 = DIRECTION('',(-1.110223024625E-16,-1.,0.));
#1823 = ADVANCED_FACE('',(#1824),#1849,.F.);
#1824 = FACE_BOUND('',#1825,.F.);
#1825 = EDGE_LOOP('',(#1826,#1834,#1835,#1843));
#1826 = ORIENTED_EDGE('',*,*,#1827,.F.);
#1827 = EDGE_CURVE('',#769,#1828,#1830,.T.);
#1828 = VERTEX_POINT('',#1829);
#1829 = CARTESIAN_POINT('',(-0.9,-2.25,0.25));
#1830 = LINE('',#1831,#1832);
#1831 = CARTESIAN_POINT('',(-0.9,-2.25,0.45));
#1832 = VECTOR('',#1833,1.);
#1833 = DIRECTION('',(0.,0.,-1.));
#1834 = ORIENTED_EDGE('',*,*,#768,.F.);
#1835 = ORIENTED_EDGE('',*,*,#1836,.F.);
#1836 = EDGE_CURVE('',#1837,#761,#1839,.T.);
#1837 = VERTEX_POINT('',#1838);
#1838 = CARTESIAN_POINT('',(-0.9,-1.75,0.25));
#1839 = LINE('',#1840,#1841);
#1840 = CARTESIAN_POINT('',(-0.9,-1.75,0.25));
#1841 = VECTOR('',#1842,1.);
#1842 = DIRECTION('',(0.,0.,1.));
#1843 = ORIENTED_EDGE('',*,*,#1844,.F.);
#1844 = EDGE_CURVE('',#1828,#1837,#1845,.T.);
#1845 = LINE('',#1846,#1847);
#1846 = CARTESIAN_POINT('',(-0.9,-2.25,0.25));
#1847 = VECTOR('',#1848,1.);
#1848 = DIRECTION('',(1.110223024625E-16,1.,0.));
#1849 = PLANE('',#1850);
#1850 = AXIS2_PLACEMENT_3D('',#1851,#1852,#1853);
#1851 = CARTESIAN_POINT('',(-0.9,-2.,2.126222487971));
#1852 = DIRECTION('',(-1.,1.110223024625E-16,0.));
#1853 = DIRECTION('',(0.,0.,1.));
#1854 = ADVANCED_FACE('',(#1855),#1866,.T.);
#1855 = FACE_BOUND('',#1856,.T.);
#1856 = EDGE_LOOP('',(#1857,#1863,#1864,#1865));
#1857 = ORIENTED_EDGE('',*,*,#1858,.F.);
#1858 = EDGE_CURVE('',#737,#761,#1859,.T.);
#1859 = LINE('',#1860,#1861);
#1860 = CARTESIAN_POINT('',(-1.1,-1.75,0.45));
#1861 = VECTOR('',#1862,1.);
#1862 = DIRECTION('',(1.,-1.110223024625E-16,0.));
#1863 = ORIENTED_EDGE('',*,*,#744,.T.);
#1864 = ORIENTED_EDGE('',*,*,#752,.T.);
#1865 = ORIENTED_EDGE('',*,*,#760,.T.);
#1866 = PLANE('',#1867);
#1867 = AXIS2_PLACEMENT_3D('',#1868,#1869,#1870);
#1868 = CARTESIAN_POINT('',(-1.1,-2.25,0.45));
#1869 = DIRECTION('',(0.,-0.,-1.));
#1870 = DIRECTION('',(-1.110223024625E-16,-1.,0.));
#1871 = ADVANCED_FACE('',(#1872),#1897,.T.);
#1872 = FACE_BOUND('',#1873,.T.);
#1873 = EDGE_LOOP('',(#1874,#1882,#1883,#1891));
#1874 = ORIENTED_EDGE('',*,*,#1875,.F.);
#1875 = EDGE_CURVE('',#729,#1876,#1878,.T.);
#1876 = VERTEX_POINT('',#1877);
#1877 = CARTESIAN_POINT('',(-1.1,-2.25,0.25));
#1878 = LINE('',#1879,#1880);
#1879 = CARTESIAN_POINT('',(-1.1,-2.25,0.45));
#1880 = VECTOR('',#1881,1.);
#1881 = DIRECTION('',(0.,0.,-1.));
#1882 = ORIENTED_EDGE('',*,*,#736,.F.);
#1883 = ORIENTED_EDGE('',*,*,#1884,.F.);
#1884 = EDGE_CURVE('',#1885,#737,#1887,.T.);
#1885 = VERTEX_POINT('',#1886);
#1886 = CARTESIAN_POINT('',(-1.1,-1.75,0.25));
#1887 = LINE('',#1888,#1889);
#1888 = CARTESIAN_POINT('',(-1.1,-1.75,0.25));
#1889 = VECTOR('',#1890,1.);
#1890 = DIRECTION('',(0.,0.,1.));
#1891 = ORIENTED_EDGE('',*,*,#1892,.F.);
#1892 = EDGE_CURVE('',#1876,#1885,#1893,.T.);
#1893 = LINE('',#1894,#1895);
#1894 = CARTESIAN_POINT('',(-1.1,-2.25,0.25));
#1895 = VECTOR('',#1896,1.);
#1896 = DIRECTION('',(1.110223024625E-16,1.,0.));
#1897 = PLANE('',#1898);
#1898 = AXIS2_PLACEMENT_3D('',#1899,#1900,#1901);
#1899 = CARTESIAN_POINT('',(-1.1,-2.,2.126222487971));
#1900 = DIRECTION('',(-1.,1.110223024625E-16,0.));
#1901 = DIRECTION('',(0.,0.,1.));
#1902 = ADVANCED_FACE('',(#1903),#1914,.T.);
#1903 = FACE_BOUND('',#1904,.T.);
#1904 = EDGE_LOOP('',(#1905,#1906,#1907,#1913));
#1905 = ORIENTED_EDGE('',*,*,#784,.F.);
#1906 = ORIENTED_EDGE('',*,*,#794,.T.);
#1907 = ORIENTED_EDGE('',*,*,#1908,.T.);
#1908 = EDGE_CURVE('',#795,#835,#1909,.T.);
#1909 = LINE('',#1910,#1911);
#1910 = CARTESIAN_POINT('',(-1.1,-0.25,0.45));
#1911 = VECTOR('',#1912,1.);
#1912 = DIRECTION('',(1.,-1.110223024625E-16,0.));
#1913 = ORIENTED_EDGE('',*,*,#842,.T.);
#1914 = PLANE('',#1915);
#1915 = AXIS2_PLACEMENT_3D('',#1916,#1917,#1918);
#1916 = CARTESIAN_POINT('',(-1.1,-0.25,0.45));
#1917 = DIRECTION('',(0.,-0.,-1.));
#1918 = DIRECTION('',(-1.110223024625E-16,-1.,0.));
#1919 = ADVANCED_FACE('',(#1920),#1945,.F.);
#1920 = FACE_BOUND('',#1921,.F.);
#1921 = EDGE_LOOP('',(#1922,#1930,#1931,#1939));
#1922 = ORIENTED_EDGE('',*,*,#1923,.F.);
#1923 = EDGE_CURVE('',#835,#1924,#1926,.T.);
#1924 = VERTEX_POINT('',#1925);
#1925 = CARTESIAN_POINT('',(-0.9,-0.25,0.25));
#1926 = LINE('',#1927,#1928);
#1927 = CARTESIAN_POINT('',(-0.9,-0.25,0.45));
#1928 = VECTOR('',#1929,1.);
#1929 = DIRECTION('',(0.,0.,-1.));
#1930 = ORIENTED_EDGE('',*,*,#834,.F.);
#1931 = ORIENTED_EDGE('',*,*,#1932,.F.);
#1932 = EDGE_CURVE('',#1933,#827,#1935,.T.);
#1933 = VERTEX_POINT('',#1934);
#1934 = CARTESIAN_POINT('',(-0.9,0.25,0.25));
#1935 = LINE('',#1936,#1937);
#1936 = CARTESIAN_POINT('',(-0.9,0.25,0.25));
#1937 = VECTOR('',#1938,1.);
#1938 = DIRECTION('',(0.,0.,1.));
#1939 = ORIENTED_EDGE('',*,*,#1940,.F.);
#1940 = EDGE_CURVE('',#1924,#1933,#1941,.T.);
#1941 = LINE('',#1942,#1943);
#1942 = CARTESIAN_POINT('',(-0.9,-0.25,0.25));
#1943 = VECTOR('',#1944,1.);
#1944 = DIRECTION('',(1.110223024625E-16,1.,0.));
#1945 = PLANE('',#1946);
#1946 = AXIS2_PLACEMENT_3D('',#1947,#1948,#1949);
#1947 = CARTESIAN_POINT('',(-0.9,9.992007221626E-17,2.126222487971));
#1948 = DIRECTION('',(-1.,1.110223024625E-16,0.));
#1949 = DIRECTION('',(0.,0.,1.));
#1950 = ADVANCED_FACE('',(#1951),#1962,.T.);
#1951 = FACE_BOUND('',#1952,.T.);
#1952 = EDGE_LOOP('',(#1953,#1959,#1960,#1961));
#1953 = ORIENTED_EDGE('',*,*,#1954,.F.);
#1954 = EDGE_CURVE('',#803,#827,#1955,.T.);
#1955 = LINE('',#1956,#1957);
#1956 = CARTESIAN_POINT('',(-1.1,0.25,0.45));
#1957 = VECTOR('',#1958,1.);
#1958 = DIRECTION('',(1.,-1.110223024625E-16,0.));
#1959 = ORIENTED_EDGE('',*,*,#810,.T.);
#1960 = ORIENTED_EDGE('',*,*,#818,.T.);
#1961 = ORIENTED_EDGE('',*,*,#826,.T.);
#1962 = PLANE('',#1963);
#1963 = AXIS2_PLACEMENT_3D('',#1964,#1965,#1966);
#1964 = CARTESIAN_POINT('',(-1.1,-0.25,0.45));
#1965 = DIRECTION('',(0.,-0.,-1.));
#1966 = DIRECTION('',(-1.110223024625E-16,-1.,0.));
#1967 = ADVANCED_FACE('',(#1968),#1993,.T.);
#1968 = FACE_BOUND('',#1969,.T.);
#1969 = EDGE_LOOP('',(#1970,#1978,#1979,#1987));
#1970 = ORIENTED_EDGE('',*,*,#1971,.F.);
#1971 = EDGE_CURVE('',#795,#1972,#1974,.T.);
#1972 = VERTEX_POINT('',#1973);
#1973 = CARTESIAN_POINT('',(-1.1,-0.25,0.25));
#1974 = LINE('',#1975,#1976);
#1975 = CARTESIAN_POINT('',(-1.1,-0.25,0.45));
#1976 = VECTOR('',#1977,1.);
#1977 = DIRECTION('',(0.,0.,-1.));
#1978 = ORIENTED_EDGE('',*,*,#802,.F.);
#1979 = ORIENTED_EDGE('',*,*,#1980,.F.);
#1980 = EDGE_CURVE('',#1981,#803,#1983,.T.);
#1981 = VERTEX_POINT('',#1982);
#1982 = CARTESIAN_POINT('',(-1.1,0.25,0.25));
#1983 = LINE('',#1984,#1985);
#1984 = CARTESIAN_POINT('',(-1.1,0.25,0.25));
#1985 = VECTOR('',#1986,1.);
#1986 = DIRECTION('',(0.,0.,1.));
#1987 = ORIENTED_EDGE('',*,*,#1988,.F.);
#1988 = EDGE_CURVE('',#1972,#1981,#1989,.T.);
#1989 = LINE('',#1990,#1991);
#1990 = CARTESIAN_POINT('',(-1.1,-0.25,0.25));
#1991 = VECTOR('',#1992,1.);
#1992 = DIRECTION('',(1.110223024625E-16,1.,0.));
#1993 = PLANE('',#1994);
#1994 = AXIS2_PLACEMENT_3D('',#1995,#1996,#1997);
#1995 = CARTESIAN_POINT('',(-1.1,1.221245327088E-16,2.126222487971));
#1996 = DIRECTION('',(-1.,1.110223024625E-16,0.));
#1997 = DIRECTION('',(0.,0.,1.));
#1998 = ADVANCED_FACE('',(#1999),#2010,.T.);
#1999 = FACE_BOUND('',#2000,.T.);
#2000 = EDGE_LOOP('',(#2001,#2002,#2003,#2009));
#2001 = ORIENTED_EDGE('',*,*,#850,.F.);
#2002 = ORIENTED_EDGE('',*,*,#860,.T.);
#2003 = ORIENTED_EDGE('',*,*,#2004,.T.);
#2004 = EDGE_CURVE('',#861,#901,#2005,.T.);
#2005 = LINE('',#2006,#2007);
#2006 = CARTESIAN_POINT('',(-1.1,1.75,0.45));
#2007 = VECTOR('',#2008,1.);
#2008 = DIRECTION('',(1.,-1.110223024625E-16,0.));
#2009 = ORIENTED_EDGE('',*,*,#908,.T.);
#2010 = PLANE('',#2011);
#2011 = AXIS2_PLACEMENT_3D('',#2012,#2013,#2014);
#2012 = CARTESIAN_POINT('',(-1.1,1.75,0.45));
#2013 = DIRECTION('',(0.,-0.,-1.));
#2014 = DIRECTION('',(-1.110223024625E-16,-1.,0.));
#2015 = ADVANCED_FACE('',(#2016),#2041,.F.);
#2016 = FACE_BOUND('',#2017,.F.);
#2017 = EDGE_LOOP('',(#2018,#2026,#2027,#2035));
#2018 = ORIENTED_EDGE('',*,*,#2019,.F.);
#2019 = EDGE_CURVE('',#901,#2020,#2022,.T.);
#2020 = VERTEX_POINT('',#2021);
#2021 = CARTESIAN_POINT('',(-0.9,1.75,0.25));
#2022 = LINE('',#2023,#2024);
#2023 = CARTESIAN_POINT('',(-0.9,1.75,0.45));
#2024 = VECTOR('',#2025,1.);
#2025 = DIRECTION('',(0.,0.,-1.));
#2026 = ORIENTED_EDGE('',*,*,#900,.F.);
#2027 = ORIENTED_EDGE('',*,*,#2028,.F.);
#2028 = EDGE_CURVE('',#2029,#893,#2031,.T.);
#2029 = VERTEX_POINT('',#2030);
#2030 = CARTESIAN_POINT('',(-0.9,2.25,0.25));
#2031 = LINE('',#2032,#2033);
#2032 = CARTESIAN_POINT('',(-0.9,2.25,0.25));
#2033 = VECTOR('',#2034,1.);
#2034 = DIRECTION('',(0.,0.,1.));
#2035 = ORIENTED_EDGE('',*,*,#2036,.F.);
#2036 = EDGE_CURVE('',#2020,#2029,#2037,.T.);
#2037 = LINE('',#2038,#2039);
#2038 = CARTESIAN_POINT('',(-0.9,1.75,0.25));
#2039 = VECTOR('',#2040,1.);
#2040 = DIRECTION('',(1.110223024625E-16,1.,0.));
#2041 = PLANE('',#2042);
#2042 = AXIS2_PLACEMENT_3D('',#2043,#2044,#2045);
#2043 = CARTESIAN_POINT('',(-0.9,2.,2.126222487971));
#2044 = DIRECTION('',(-1.,1.110223024625E-16,0.));
#2045 = DIRECTION('',(0.,0.,1.));
#2046 = ADVANCED_FACE('',(#2047),#2058,.T.);
#2047 = FACE_BOUND('',#2048,.T.);
#2048 = EDGE_LOOP('',(#2049,#2055,#2056,#2057));
#2049 = ORIENTED_EDGE('',*,*,#2050,.F.);
#2050 = EDGE_CURVE('',#869,#893,#2051,.T.);
#2051 = LINE('',#2052,#2053);
#2052 = CARTESIAN_POINT('',(-1.1,2.25,0.45));
#2053 = VECTOR('',#2054,1.);
#2054 = DIRECTION('',(1.,-1.110223024625E-16,0.));
#2055 = ORIENTED_EDGE('',*,*,#876,.T.);
#2056 = ORIENTED_EDGE('',*,*,#884,.T.);
#2057 = ORIENTED_EDGE('',*,*,#892,.T.);
#2058 = PLANE('',#2059);
#2059 = AXIS2_PLACEMENT_3D('',#2060,#2061,#2062);
#2060 = CARTESIAN_POINT('',(-1.1,1.75,0.45));
#2061 = DIRECTION('',(0.,-0.,-1.));
#2062 = DIRECTION('',(-1.110223024625E-16,-1.,0.));
#2063 = ADVANCED_FACE('',(#2064),#2089,.T.);
#2064 = FACE_BOUND('',#2065,.T.);
#2065 = EDGE_LOOP('',(#2066,#2074,#2075,#2083));
#2066 = ORIENTED_EDGE('',*,*,#2067,.F.);
#2067 = EDGE_CURVE('',#861,#2068,#2070,.T.);
#2068 = VERTEX_POINT('',#2069);
#2069 = CARTESIAN_POINT('',(-1.1,1.75,0.25));
#2070 = LINE('',#2071,#2072);
#2071 = CARTESIAN_POINT('',(-1.1,1.75,0.45));
#2072 = VECTOR('',#2073,1.);
#2073 = DIRECTION('',(0.,0.,-1.));
#2074 = ORIENTED_EDGE('',*,*,#868,.F.);
#2075 = ORIENTED_EDGE('',*,*,#2076,.F.);
#2076 = EDGE_CURVE('',#2077,#869,#2079,.T.);
#2077 = VERTEX_POINT('',#2078);
#2078 = CARTESIAN_POINT('',(-1.1,2.25,0.25));
#2079 = LINE('',#2080,#2081);
#2080 = CARTESIAN_POINT('',(-1.1,2.25,0.25));
#2081 = VECTOR('',#2082,1.);
#2082 = DIRECTION('',(0.,0.,1.));
#2083 = ORIENTED_EDGE('',*,*,#2084,.F.);
#2084 = EDGE_CURVE('',#2068,#2077,#2085,.T.);
#2085 = LINE('',#2086,#2087);
#2086 = CARTESIAN_POINT('',(-1.1,1.75,0.25));
#2087 = VECTOR('',#2088,1.);
#2088 = DIRECTION('',(1.110223024625E-16,1.,0.));
#2089 = PLANE('',#2090);
#2090 = AXIS2_PLACEMENT_3D('',#2091,#2092,#2093);
#2091 = CARTESIAN_POINT('',(-1.1,2.,2.126222487971));
#2092 = DIRECTION('',(-1.,1.110223024625E-16,0.));
#2093 = DIRECTION('',(0.,0.,1.));
#2094 = ADVANCED_FACE('',(#2095),#2120,.F.);
#2095 = FACE_BOUND('',#2096,.F.);
#2096 = EDGE_LOOP('',(#2097,#2105,#2113,#2119));
#2097 = ORIENTED_EDGE('',*,*,#2098,.T.);
#2098 = EDGE_CURVE('',#947,#2099,#2101,.T.);
#2099 = VERTEX_POINT('',#2100);
#2100 = CARTESIAN_POINT('',(0.75,-1.75,1.));
#2101 = LINE('',#2102,#2103);
#2102 = CARTESIAN_POINT('',(0.75,-1.75,4.3));
#2103 = VECTOR('',#2104,1.);
#2104 = DIRECTION('',(0.,0.,-1.));
#2105 = ORIENTED_EDGE('',*,*,#2106,.T.);
#2106 = EDGE_CURVE('',#2099,#2107,#2109,.T.);
#2107 = VERTEX_POINT('',#2108);
#2108 = CARTESIAN_POINT('',(0.75,-2.25,1.));
#2109 = LINE('',#2110,#2111);
#2110 = CARTESIAN_POINT('',(0.75,-1.75,1.));
#2111 = VECTOR('',#2112,1.);
#2112 = DIRECTION('',(-2.334869823773E-16,-1.,0.));
#2113 = ORIENTED_EDGE('',*,*,#2114,.F.);
#2114 = EDGE_CURVE('',#956,#2107,#2115,.T.);
#2115 = LINE('',#2116,#2117);
#2116 = CARTESIAN_POINT('',(0.75,-2.25,4.3));
#2117 = VECTOR('',#2118,1.);
#2118 = DIRECTION('',(0.,0.,-1.));
#2119 = ORIENTED_EDGE('',*,*,#963,.F.);
#2120 = PLANE('',#2121);
#2121 = AXIS2_PLACEMENT_3D('',#2122,#2123,#2124);
#2122 = CARTESIAN_POINT('',(0.75,-1.75,4.3));
#2123 = DIRECTION('',(-1.,2.334869823773E-16,0.));
#2124 = DIRECTION('',(-2.334869823773E-16,-1.,0.));
#2125 = ADVANCED_FACE('',(#2126),#2176,.F.);
#2126 = FACE_BOUND('',#2127,.F.);
#2127 = EDGE_LOOP('',(#2128,#2129,#2130,#2138,#2146,#2154,#2162,#2170));
#2128 = ORIENTED_EDGE('',*,*,#987,.F.);
#2129 = ORIENTED_EDGE('',*,*,#2114,.T.);
#2130 = ORIENTED_EDGE('',*,*,#2131,.T.);
#2131 = EDGE_CURVE('',#2107,#2132,#2134,.T.);
#2132 = VERTEX_POINT('',#2133);
#2133 = CARTESIAN_POINT('',(0.9,-2.25,1.));
#2134 = LINE('',#2135,#2136);
#2135 = CARTESIAN_POINT('',(0.75,-2.25,1.));
#2136 = VECTOR('',#2137,1.);
#2137 = DIRECTION('',(1.,-2.334869823773E-16,0.));
#2138 = ORIENTED_EDGE('',*,*,#2139,.T.);
#2139 = EDGE_CURVE('',#2132,#2140,#2142,.T.);
#2140 = VERTEX_POINT('',#2141);
#2141 = CARTESIAN_POINT('',(0.9,-2.25,3.65));
#2142 = LINE('',#2143,#2144);
#2143 = CARTESIAN_POINT('',(0.9,-2.25,3.213111243985));
#2144 = VECTOR('',#2145,1.);
#2145 = DIRECTION('',(0.,0.,1.));
#2146 = ORIENTED_EDGE('',*,*,#2147,.F.);
#2147 = EDGE_CURVE('',#2148,#2140,#2150,.T.);
#2148 = VERTEX_POINT('',#2149);
#2149 = CARTESIAN_POINT('',(1.1,-2.25,3.65));
#2150 = LINE('',#2151,#2152);
#2151 = CARTESIAN_POINT('',(1.1,-2.25,3.65));
#2152 = VECTOR('',#2153,1.);
#2153 = DIRECTION('',(-1.,2.334869823773E-16,0.));
#2154 = ORIENTED_EDGE('',*,*,#2155,.F.);
#2155 = EDGE_CURVE('',#2156,#2148,#2158,.T.);
#2156 = VERTEX_POINT('',#2157);
#2157 = CARTESIAN_POINT('',(1.1,-2.25,1.));
#2158 = LINE('',#2159,#2160);
#2159 = CARTESIAN_POINT('',(1.1,-2.25,3.213111243985));
#2160 = VECTOR('',#2161,1.);
#2161 = DIRECTION('',(0.,0.,1.));
#2162 = ORIENTED_EDGE('',*,*,#2163,.T.);
#2163 = EDGE_CURVE('',#2156,#2164,#2166,.T.);
#2164 = VERTEX_POINT('',#2165);
#2165 = CARTESIAN_POINT('',(1.25,-2.25,1.));
#2166 = LINE('',#2167,#2168);
#2167 = CARTESIAN_POINT('',(0.75,-2.25,1.));
#2168 = VECTOR('',#2169,1.);
#2169 = DIRECTION('',(1.,-2.334869823773E-16,0.));
#2170 = ORIENTED_EDGE('',*,*,#2171,.F.);
#2171 = EDGE_CURVE('',#980,#2164,#2172,.T.);
#2172 = LINE('',#2173,#2174);
#2173 = CARTESIAN_POINT('',(1.25,-2.25,4.3));
#2174 = VECTOR('',#2175,1.);
#2175 = DIRECTION('',(0.,0.,-1.));
#2176 = PLANE('',#2177);
#2177 = AXIS2_PLACEMENT_3D('',#2178,#2179,#2180);
#2178 = CARTESIAN_POINT('',(0.75,-2.25,4.3));
#2179 = DIRECTION('',(-2.334869823773E-16,-1.,0.));
#2180 = DIRECTION('',(1.,-2.334869823773E-16,0.));
#2181 = ADVANCED_FACE('',(#2182),#2200,.F.);
#2182 = FACE_BOUND('',#2183,.F.);
#2183 = EDGE_LOOP('',(#2184,#2185,#2193,#2199));
#2184 = ORIENTED_EDGE('',*,*,#2171,.T.);
#2185 = ORIENTED_EDGE('',*,*,#2186,.T.);
#2186 = EDGE_CURVE('',#2164,#2187,#2189,.T.);
#2187 = VERTEX_POINT('',#2188);
#2188 = CARTESIAN_POINT('',(1.25,-1.75,1.));
#2189 = LINE('',#2190,#2191);
#2190 = CARTESIAN_POINT('',(1.25,-2.25,1.));
#2191 = VECTOR('',#2192,1.);
#2192 = DIRECTION('',(2.334869823773E-16,1.,0.));
#2193 = ORIENTED_EDGE('',*,*,#2194,.F.);
#2194 = EDGE_CURVE('',#1004,#2187,#2195,.T.);
#2195 = LINE('',#2196,#2197);
#2196 = CARTESIAN_POINT('',(1.25,-1.75,4.3));
#2197 = VECTOR('',#2198,1.);
#2198 = DIRECTION('',(0.,0.,-1.));
#2199 = ORIENTED_EDGE('',*,*,#1011,.F.);
#2200 = PLANE('',#2201);
#2201 = AXIS2_PLACEMENT_3D('',#2202,#2203,#2204);
#2202 = CARTESIAN_POINT('',(1.25,-2.25,4.3));
#2203 = DIRECTION('',(1.,-2.334869823773E-16,0.));
#2204 = DIRECTION('',(2.334869823773E-16,1.,0.));
#2205 = ADVANCED_FACE('',(#2206),#2249,.F.);
#2206 = FACE_BOUND('',#2207,.F.);
#2207 = EDGE_LOOP('',(#2208,#2209,#2210,#2218,#2226,#2234,#2242,#2248));
#2208 = ORIENTED_EDGE('',*,*,#1028,.F.);
#2209 = ORIENTED_EDGE('',*,*,#2194,.T.);
#2210 = ORIENTED_EDGE('',*,*,#2211,.T.);
#2211 = EDGE_CURVE('',#2187,#2212,#2214,.T.);
#2212 = VERTEX_POINT('',#2213);
#2213 = CARTESIAN_POINT('',(1.1,-1.75,1.));
#2214 = LINE('',#2215,#2216);
#2215 = CARTESIAN_POINT('',(1.25,-1.75,1.));
#2216 = VECTOR('',#2217,1.);
#2217 = DIRECTION('',(-1.,2.334869823773E-16,0.));
#2218 = ORIENTED_EDGE('',*,*,#2219,.F.);
#2219 = EDGE_CURVE('',#2220,#2212,#2222,.T.);
#2220 = VERTEX_POINT('',#2221);
#2221 = CARTESIAN_POINT('',(1.1,-1.75,3.65));
#2222 = LINE('',#2223,#2224);
#2223 = CARTESIAN_POINT('',(1.1,-1.75,3.213111243985));
#2224 = VECTOR('',#2225,1.);
#2225 = DIRECTION('',(0.,0.,-1.));
#2226 = ORIENTED_EDGE('',*,*,#2227,.T.);
#2227 = EDGE_CURVE('',#2220,#2228,#2230,.T.);
#2228 = VERTEX_POINT('',#2229);
#2229 = CARTESIAN_POINT('',(0.9,-1.75,3.65));
#2230 = LINE('',#2231,#2232);
#2231 = CARTESIAN_POINT('',(1.1,-1.75,3.65));
#2232 = VECTOR('',#2233,1.);
#2233 = DIRECTION('',(-1.,2.334869823773E-16,0.));
#2234 = ORIENTED_EDGE('',*,*,#2235,.T.);
#2235 = EDGE_CURVE('',#2228,#2236,#2238,.T.);
#2236 = VERTEX_POINT('',#2237);
#2237 = CARTESIAN_POINT('',(0.9,-1.75,1.));
#2238 = LINE('',#2239,#2240);
#2239 = CARTESIAN_POINT('',(0.9,-1.75,3.213111243985));
#2240 = VECTOR('',#2241,1.);
#2241 = DIRECTION('',(0.,0.,-1.));
#2242 = ORIENTED_EDGE('',*,*,#2243,.T.);
#2243 = EDGE_CURVE('',#2236,#2099,#2244,.T.);
#2244 = LINE('',#2245,#2246);
#2245 = CARTESIAN_POINT('',(1.25,-1.75,1.));
#2246 = VECTOR('',#2247,1.);
#2247 = DIRECTION('',(-1.,2.334869823773E-16,0.));
#2248 = ORIENTED_EDGE('',*,*,#2098,.F.);
#2249 = PLANE('',#2250);
#2250 = AXIS2_PLACEMENT_3D('',#2251,#2252,#2253);
#2251 = CARTESIAN_POINT('',(1.25,-1.75,4.3));
#2252 = DIRECTION('',(2.334869823773E-16,1.,0.));
#2253 = DIRECTION('',(-1.,2.334869823773E-16,0.));
#2254 = ADVANCED_FACE('',(#2255),#2280,.F.);
#2255 = FACE_BOUND('',#2256,.F.);
#2256 = EDGE_LOOP('',(#2257,#2265,#2273,#2279));
#2257 = ORIENTED_EDGE('',*,*,#2258,.T.);
#2258 = EDGE_CURVE('',#1043,#2259,#2261,.T.);
#2259 = VERTEX_POINT('',#2260);
#2260 = CARTESIAN_POINT('',(0.75,0.25,1.));
#2261 = LINE('',#2262,#2263);
#2262 = CARTESIAN_POINT('',(0.75,0.25,4.3));
#2263 = VECTOR('',#2264,1.);
#2264 = DIRECTION('',(0.,0.,-1.));
#2265 = ORIENTED_EDGE('',*,*,#2266,.T.);
#2266 = EDGE_CURVE('',#2259,#2267,#2269,.T.);
#2267 = VERTEX_POINT('',#2268);
#2268 = CARTESIAN_POINT('',(0.75,-0.25,1.));
#2269 = LINE('',#2270,#2271);
#2270 = CARTESIAN_POINT('',(0.75,0.25,1.));
#2271 = VECTOR('',#2272,1.);
#2272 = DIRECTION('',(-2.334869823773E-16,-1.,0.));
#2273 = ORIENTED_EDGE('',*,*,#2274,.F.);
#2274 = EDGE_CURVE('',#1052,#2267,#2275,.T.);
#2275 = LINE('',#2276,#2277);
#2276 = CARTESIAN_POINT('',(0.75,-0.25,4.3));
#2277 = VECTOR('',#2278,1.);
#2278 = DIRECTION('',(0.,0.,-1.));
#2279 = ORIENTED_EDGE('',*,*,#1059,.F.);
#2280 = PLANE('',#2281);
#2281 = AXIS2_PLACEMENT_3D('',#2282,#2283,#2284);
#2282 = CARTESIAN_POINT('',(0.75,0.25,4.3));
#2283 = DIRECTION('',(-1.,2.334869823773E-16,0.));
#2284 = DIRECTION('',(-2.334869823773E-16,-1.,0.));
#2285 = ADVANCED_FACE('',(#2286),#2336,.F.);
#2286 = FACE_BOUND('',#2287,.F.);
#2287 = EDGE_LOOP('',(#2288,#2289,#2290,#2298,#2306,#2314,#2322,#2330));
#2288 = ORIENTED_EDGE('',*,*,#1083,.F.);
#2289 = ORIENTED_EDGE('',*,*,#2274,.T.);
#2290 = ORIENTED_EDGE('',*,*,#2291,.T.);
#2291 = EDGE_CURVE('',#2267,#2292,#2294,.T.);
#2292 = VERTEX_POINT('',#2293);
#2293 = CARTESIAN_POINT('',(0.9,-0.25,1.));
#2294 = LINE('',#2295,#2296);
#2295 = CARTESIAN_POINT('',(0.75,-0.25,1.));
#2296 = VECTOR('',#2297,1.);
#2297 = DIRECTION('',(1.,-2.334869823773E-16,0.));
#2298 = ORIENTED_EDGE('',*,*,#2299,.T.);
#2299 = EDGE_CURVE('',#2292,#2300,#2302,.T.);
#2300 = VERTEX_POINT('',#2301);
#2301 = CARTESIAN_POINT('',(0.9,-0.25,3.65));
#2302 = LINE('',#2303,#2304);
#2303 = CARTESIAN_POINT('',(0.9,-0.25,3.213111243985));
#2304 = VECTOR('',#2305,1.);
#2305 = DIRECTION('',(0.,0.,1.));
#2306 = ORIENTED_EDGE('',*,*,#2307,.F.);
#2307 = EDGE_CURVE('',#2308,#2300,#2310,.T.);
#2308 = VERTEX_POINT('',#2309);
#2309 = CARTESIAN_POINT('',(1.1,-0.25,3.65));
#2310 = LINE('',#2311,#2312);
#2311 = CARTESIAN_POINT('',(1.1,-0.25,3.65));
#2312 = VECTOR('',#2313,1.);
#2313 = DIRECTION('',(-1.,2.334869823773E-16,0.));
#2314 = ORIENTED_EDGE('',*,*,#2315,.F.);
#2315 = EDGE_CURVE('',#2316,#2308,#2318,.T.);
#2316 = VERTEX_POINT('',#2317);
#2317 = CARTESIAN_POINT('',(1.1,-0.25,1.));
#2318 = LINE('',#2319,#2320);
#2319 = CARTESIAN_POINT('',(1.1,-0.25,3.213111243985));
#2320 = VECTOR('',#2321,1.);
#2321 = DIRECTION('',(0.,0.,1.));
#2322 = ORIENTED_EDGE('',*,*,#2323,.T.);
#2323 = EDGE_CURVE('',#2316,#2324,#2326,.T.);
#2324 = VERTEX_POINT('',#2325);
#2325 = CARTESIAN_POINT('',(1.25,-0.25,1.));
#2326 = LINE('',#2327,#2328);
#2327 = CARTESIAN_POINT('',(0.75,-0.25,1.));
#2328 = VECTOR('',#2329,1.);
#2329 = DIRECTION('',(1.,-2.334869823773E-16,0.));
#2330 = ORIENTED_EDGE('',*,*,#2331,.F.);
#2331 = EDGE_CURVE('',#1076,#2324,#2332,.T.);
#2332 = LINE('',#2333,#2334);
#2333 = CARTESIAN_POINT('',(1.25,-0.25,4.3));
#2334 = VECTOR('',#2335,1.);
#2335 = DIRECTION('',(0.,0.,-1.));
#2336 = PLANE('',#2337);
#2337 = AXIS2_PLACEMENT_3D('',#2338,#2339,#2340);
#2338 = CARTESIAN_POINT('',(0.75,-0.25,4.3));
#2339 = DIRECTION('',(-2.334869823773E-16,-1.,0.));
#2340 = DIRECTION('',(1.,-2.334869823773E-16,0.));
#2341 = ADVANCED_FACE('',(#2342),#2360,.F.);
#2342 = FACE_BOUND('',#2343,.F.);
#2343 = EDGE_LOOP('',(#2344,#2345,#2353,#2359));
#2344 = ORIENTED_EDGE('',*,*,#2331,.T.);
#2345 = ORIENTED_EDGE('',*,*,#2346,.T.);
#2346 = EDGE_CURVE('',#2324,#2347,#2349,.T.);
#2347 = VERTEX_POINT('',#2348);
#2348 = CARTESIAN_POINT('',(1.25,0.25,1.));
#2349 = LINE('',#2350,#2351);
#2350 = CARTESIAN_POINT('',(1.25,-0.25,1.));
#2351 = VECTOR('',#2352,1.);
#2352 = DIRECTION('',(2.334869823773E-16,1.,0.));
#2353 = ORIENTED_EDGE('',*,*,#2354,.F.);
#2354 = EDGE_CURVE('',#1100,#2347,#2355,.T.);
#2355 = LINE('',#2356,#2357);
#2356 = CARTESIAN_POINT('',(1.25,0.25,4.3));
#2357 = VECTOR('',#2358,1.);
#2358 = DIRECTION('',(0.,0.,-1.));
#2359 = ORIENTED_EDGE('',*,*,#1107,.F.);
#2360 = PLANE('',#2361);
#2361 = AXIS2_PLACEMENT_3D('',#2362,#2363,#2364);
#2362 = CARTESIAN_POINT('',(1.25,-0.25,4.3));
#2363 = DIRECTION('',(1.,-2.334869823773E-16,0.));
#2364 = DIRECTION('',(2.334869823773E-16,1.,0.));
#2365 = ADVANCED_FACE('',(#2366),#2409,.F.);
#2366 = FACE_BOUND('',#2367,.F.);
#2367 = EDGE_LOOP('',(#2368,#2369,#2370,#2378,#2386,#2394,#2402,#2408));
#2368 = ORIENTED_EDGE('',*,*,#1124,.F.);
#2369 = ORIENTED_EDGE('',*,*,#2354,.T.);
#2370 = ORIENTED_EDGE('',*,*,#2371,.T.);
#2371 = EDGE_CURVE('',#2347,#2372,#2374,.T.);
#2372 = VERTEX_POINT('',#2373);
#2373 = CARTESIAN_POINT('',(1.1,0.25,1.));
#2374 = LINE('',#2375,#2376);
#2375 = CARTESIAN_POINT('',(1.25,0.25,1.));
#2376 = VECTOR('',#2377,1.);
#2377 = DIRECTION('',(-1.,2.334869823773E-16,0.));
#2378 = ORIENTED_EDGE('',*,*,#2379,.F.);
#2379 = EDGE_CURVE('',#2380,#2372,#2382,.T.);
#2380 = VERTEX_POINT('',#2381);
#2381 = CARTESIAN_POINT('',(1.1,0.25,3.65));
#2382 = LINE('',#2383,#2384);
#2383 = CARTESIAN_POINT('',(1.1,0.25,3.213111243985));
#2384 = VECTOR('',#2385,1.);
#2385 = DIRECTION('',(0.,0.,-1.));
#2386 = ORIENTED_EDGE('',*,*,#2387,.T.);
#2387 = EDGE_CURVE('',#2380,#2388,#2390,.T.);
#2388 = VERTEX_POINT('',#2389);
#2389 = CARTESIAN_POINT('',(0.9,0.25,3.65));
#2390 = LINE('',#2391,#2392);
#2391 = CARTESIAN_POINT('',(1.1,0.25,3.65));
#2392 = VECTOR('',#2393,1.);
#2393 = DIRECTION('',(-1.,2.334869823773E-16,0.));
#2394 = ORIENTED_EDGE('',*,*,#2395,.T.);
#2395 = EDGE_CURVE('',#2388,#2396,#2398,.T.);
#2396 = VERTEX_POINT('',#2397);
#2397 = CARTESIAN_POINT('',(0.9,0.25,1.));
#2398 = LINE('',#2399,#2400);
#2399 = CARTESIAN_POINT('',(0.9,0.25,3.213111243985));
#2400 = VECTOR('',#2401,1.);
#2401 = DIRECTION('',(0.,0.,-1.));
#2402 = ORIENTED_EDGE('',*,*,#2403,.T.);
#2403 = EDGE_CURVE('',#2396,#2259,#2404,.T.);
#2404 = LINE('',#2405,#2406);
#2405 = CARTESIAN_POINT('',(1.25,0.25,1.));
#2406 = VECTOR('',#2407,1.);
#2407 = DIRECTION('',(-1.,2.334869823773E-16,0.));
#2408 = ORIENTED_EDGE('',*,*,#2258,.F.);
#2409 = PLANE('',#2410);
#2410 = AXIS2_PLACEMENT_3D('',#2411,#2412,#2413);
#2411 = CARTESIAN_POINT('',(1.25,0.25,4.3));
#2412 = DIRECTION('',(2.334869823773E-16,1.,0.));
#2413 = DIRECTION('',(-1.,2.334869823773E-16,0.));
#2414 = ADVANCED_FACE('',(#2415),#2440,.F.);
#2415 = FACE_BOUND('',#2416,.F.);
#2416 = EDGE_LOOP('',(#2417,#2425,#2433,#2439));
#2417 = ORIENTED_EDGE('',*,*,#2418,.T.);
#2418 = EDGE_CURVE('',#1139,#2419,#2421,.T.);
#2419 = VERTEX_POINT('',#2420);
#2420 = CARTESIAN_POINT('',(0.75,2.25,1.));
#2421 = LINE('',#2422,#2423);
#2422 = CARTESIAN_POINT('',(0.75,2.25,4.3));
#2423 = VECTOR('',#2424,1.);
#2424 = DIRECTION('',(0.,0.,-1.));
#2425 = ORIENTED_EDGE('',*,*,#2426,.T.);
#2426 = EDGE_CURVE('',#2419,#2427,#2429,.T.);
#2427 = VERTEX_POINT('',#2428);
#2428 = CARTESIAN_POINT('',(0.75,1.75,1.));
#2429 = LINE('',#2430,#2431);
#2430 = CARTESIAN_POINT('',(0.75,2.25,1.));
#2431 = VECTOR('',#2432,1.);
#2432 = DIRECTION('',(-2.334869823773E-16,-1.,0.));
#2433 = ORIENTED_EDGE('',*,*,#2434,.F.);
#2434 = EDGE_CURVE('',#1148,#2427,#2435,.T.);
#2435 = LINE('',#2436,#2437);
#2436 = CARTESIAN_POINT('',(0.75,1.75,4.3));
#2437 = VECTOR('',#2438,1.);
#2438 = DIRECTION('',(0.,0.,-1.));
#2439 = ORIENTED_EDGE('',*,*,#1155,.F.);
#2440 = PLANE('',#2441);
#2441 = AXIS2_PLACEMENT_3D('',#2442,#2443,#2444);
#2442 = CARTESIAN_POINT('',(0.75,2.25,4.3));
#2443 = DIRECTION('',(-1.,2.334869823773E-16,0.));
#2444 = DIRECTION('',(-2.334869823773E-16,-1.,0.));
#2445 = ADVANCED_FACE('',(#2446),#2496,.F.);
#2446 = FACE_BOUND('',#2447,.F.);
#2447 = EDGE_LOOP('',(#2448,#2449,#2450,#2458,#2466,#2474,#2482,#2490));
#2448 = ORIENTED_EDGE('',*,*,#1179,.F.);
#2449 = ORIENTED_EDGE('',*,*,#2434,.T.);
#2450 = ORIENTED_EDGE('',*,*,#2451,.T.);
#2451 = EDGE_CURVE('',#2427,#2452,#2454,.T.);
#2452 = VERTEX_POINT('',#2453);
#2453 = CARTESIAN_POINT('',(0.9,1.75,1.));
#2454 = LINE('',#2455,#2456);
#2455 = CARTESIAN_POINT('',(0.75,1.75,1.));
#2456 = VECTOR('',#2457,1.);
#2457 = DIRECTION('',(1.,-2.334869823773E-16,0.));
#2458 = ORIENTED_EDGE('',*,*,#2459,.T.);
#2459 = EDGE_CURVE('',#2452,#2460,#2462,.T.);
#2460 = VERTEX_POINT('',#2461);
#2461 = CARTESIAN_POINT('',(0.9,1.75,3.65));
#2462 = LINE('',#2463,#2464);
#2463 = CARTESIAN_POINT('',(0.9,1.75,3.213111243985));
#2464 = VECTOR('',#2465,1.);
#2465 = DIRECTION('',(0.,0.,1.));
#2466 = ORIENTED_EDGE('',*,*,#2467,.F.);
#2467 = EDGE_CURVE('',#2468,#2460,#2470,.T.);
#2468 = VERTEX_POINT('',#2469);
#2469 = CARTESIAN_POINT('',(1.1,1.75,3.65));
#2470 = LINE('',#2471,#2472);
#2471 = CARTESIAN_POINT('',(1.1,1.75,3.65));
#2472 = VECTOR('',#2473,1.);
#2473 = DIRECTION('',(-1.,2.334869823773E-16,0.));
#2474 = ORIENTED_EDGE('',*,*,#2475,.F.);
#2475 = EDGE_CURVE('',#2476,#2468,#2478,.T.);
#2476 = VERTEX_POINT('',#2477);
#2477 = CARTESIAN_POINT('',(1.1,1.75,1.));
#2478 = LINE('',#2479,#2480);
#2479 = CARTESIAN_POINT('',(1.1,1.75,3.213111243985));
#2480 = VECTOR('',#2481,1.);
#2481 = DIRECTION('',(0.,0.,1.));
#2482 = ORIENTED_EDGE('',*,*,#2483,.T.);
#2483 = EDGE_CURVE('',#2476,#2484,#2486,.T.);
#2484 = VERTEX_POINT('',#2485);
#2485 = CARTESIAN_POINT('',(1.25,1.75,1.));
#2486 = LINE('',#2487,#2488);
#2487 = CARTESIAN_POINT('',(0.75,1.75,1.));
#2488 = VECTOR('',#2489,1.);
#2489 = DIRECTION('',(1.,-2.334869823773E-16,0.));
#2490 = ORIENTED_EDGE('',*,*,#2491,.F.);
#2491 = EDGE_CURVE('',#1172,#2484,#2492,.T.);
#2492 = LINE('',#2493,#2494);
#2493 = CARTESIAN_POINT('',(1.25,1.75,4.3));
#2494 = VECTOR('',#2495,1.);
#2495 = DIRECTION('',(0.,0.,-1.));
#2496 = PLANE('',#2497);
#2497 = AXIS2_PLACEMENT_3D('',#2498,#2499,#2500);
#2498 = CARTESIAN_POINT('',(0.75,1.75,4.3));
#2499 = DIRECTION('',(-2.334869823773E-16,-1.,0.));
#2500 = DIRECTION('',(1.,-2.334869823773E-16,0.));
#2501 = ADVANCED_FACE('',(#2502),#2520,.F.);
#2502 = FACE_BOUND('',#2503,.F.);
#2503 = EDGE_LOOP('',(#2504,#2505,#2513,#2519));
#2504 = ORIENTED_EDGE('',*,*,#2491,.T.);
#2505 = ORIENTED_EDGE('',*,*,#2506,.T.);
#2506 = EDGE_CURVE('',#2484,#2507,#2509,.T.);
#2507 = VERTEX_POINT('',#2508);
#2508 = CARTESIAN_POINT('',(1.25,2.25,1.));
#2509 = LINE('',#2510,#2511);
#2510 = CARTESIAN_POINT('',(1.25,1.75,1.));
#2511 = VECTOR('',#2512,1.);
#2512 = DIRECTION('',(2.334869823773E-16,1.,0.));
#2513 = ORIENTED_EDGE('',*,*,#2514,.F.);
#2514 = EDGE_CURVE('',#1196,#2507,#2515,.T.);
#2515 = LINE('',#2516,#2517);
#2516 = CARTESIAN_POINT('',(1.25,2.25,4.3));
#2517 = VECTOR('',#2518,1.);
#2518 = DIRECTION('',(0.,0.,-1.));
#2519 = ORIENTED_EDGE('',*,*,#1203,.F.);
#2520 = PLANE('',#2521);
#2521 = AXIS2_PLACEMENT_3D('',#2522,#2523,#2524);
#2522 = CARTESIAN_POINT('',(1.25,1.75,4.3));
#2523 = DIRECTION('',(1.,-2.334869823773E-16,0.));
#2524 = DIRECTION('',(2.334869823773E-16,1.,0.));
#2525 = ADVANCED_FACE('',(#2526),#2569,.F.);
#2526 = FACE_BOUND('',#2527,.F.);
#2527 = EDGE_LOOP('',(#2528,#2529,#2530,#2538,#2546,#2554,#2562,#2568));
#2528 = ORIENTED_EDGE('',*,*,#1220,.F.);
#2529 = ORIENTED_EDGE('',*,*,#2514,.T.);
#2530 = ORIENTED_EDGE('',*,*,#2531,.T.);
#2531 = EDGE_CURVE('',#2507,#2532,#2534,.T.);
#2532 = VERTEX_POINT('',#2533);
#2533 = CARTESIAN_POINT('',(1.1,2.25,1.));
#2534 = LINE('',#2535,#2536);
#2535 = CARTESIAN_POINT('',(1.25,2.25,1.));
#2536 = VECTOR('',#2537,1.);
#2537 = DIRECTION('',(-1.,2.334869823773E-16,0.));
#2538 = ORIENTED_EDGE('',*,*,#2539,.F.);
#2539 = EDGE_CURVE('',#2540,#2532,#2542,.T.);
#2540 = VERTEX_POINT('',#2541);
#2541 = CARTESIAN_POINT('',(1.1,2.25,3.65));
#2542 = LINE('',#2543,#2544);
#2543 = CARTESIAN_POINT('',(1.1,2.25,3.213111243985));
#2544 = VECTOR('',#2545,1.);
#2545 = DIRECTION('',(0.,0.,-1.));
#2546 = ORIENTED_EDGE('',*,*,#2547,.T.);
#2547 = EDGE_CURVE('',#2540,#2548,#2550,.T.);
#2548 = VERTEX_POINT('',#2549);
#2549 = CARTESIAN_POINT('',(0.9,2.25,3.65));
#2550 = LINE('',#2551,#2552);
#2551 = CARTESIAN_POINT('',(1.1,2.25,3.65));
#2552 = VECTOR('',#2553,1.);
#2553 = DIRECTION('',(-1.,2.334869823773E-16,0.));
#2554 = ORIENTED_EDGE('',*,*,#2555,.T.);
#2555 = EDGE_CURVE('',#2548,#2556,#2558,.T.);
#2556 = VERTEX_POINT('',#2557);
#2557 = CARTESIAN_POINT('',(0.9,2.25,1.));
#2558 = LINE('',#2559,#2560);
#2559 = CARTESIAN_POINT('',(0.9,2.25,3.213111243985));
#2560 = VECTOR('',#2561,1.);
#2561 = DIRECTION('',(0.,0.,-1.));
#2562 = ORIENTED_EDGE('',*,*,#2563,.T.);
#2563 = EDGE_CURVE('',#2556,#2419,#2564,.T.);
#2564 = LINE('',#2565,#2566);
#2565 = CARTESIAN_POINT('',(1.25,2.25,1.));
#2566 = VECTOR('',#2567,1.);
#2567 = DIRECTION('',(-1.,2.334869823773E-16,0.));
#2568 = ORIENTED_EDGE('',*,*,#2418,.F.);
#2569 = PLANE('',#2570);
#2570 = AXIS2_PLACEMENT_3D('',#2571,#2572,#2573);
#2571 = CARTESIAN_POINT('',(1.25,2.25,4.3));
#2572 = DIRECTION('',(2.334869823773E-16,1.,0.));
#2573 = DIRECTION('',(-1.,2.334869823773E-16,0.));
#2574 = ADVANCED_FACE('',(#2575),#2600,.F.);
#2575 = FACE_BOUND('',#2576,.F.);
#2576 = EDGE_LOOP('',(#2577,#2585,#2593,#2599));
#2577 = ORIENTED_EDGE('',*,*,#2578,.T.);
#2578 = EDGE_CURVE('',#1235,#2579,#2581,.T.);
#2579 = VERTEX_POINT('',#2580);
#2580 = CARTESIAN_POINT('',(-0.75,-2.25,1.));
#2581 = LINE('',#2582,#2583);
#2582 = CARTESIAN_POINT('',(-0.75,-2.25,4.3));
#2583 = VECTOR('',#2584,1.);
#2584 = DIRECTION('',(0.,-0.,-1.));
#2585 = ORIENTED_EDGE('',*,*,#2586,.T.);
#2586 = EDGE_CURVE('',#2579,#2587,#2589,.T.);
#2587 = VERTEX_POINT('',#2588);
#2588 = CARTESIAN_POINT('',(-0.75,-1.75,1.));
#2589 = LINE('',#2590,#2591);
#2590 = CARTESIAN_POINT('',(-0.75,-2.25,1.));
#2591 = VECTOR('',#2592,1.);
#2592 = DIRECTION('',(1.110223024625E-16,1.,0.));
#2593 = ORIENTED_EDGE('',*,*,#2594,.F.);
#2594 = EDGE_CURVE('',#1244,#2587,#2595,.T.);
#2595 = LINE('',#2596,#2597);
#2596 = CARTESIAN_POINT('',(-0.75,-1.75,4.3));
#2597 = VECTOR('',#2598,1.);
#2598 = DIRECTION('',(0.,-0.,-1.));
#2599 = ORIENTED_EDGE('',*,*,#1251,.F.);
#2600 = PLANE('',#2601);
#2601 = AXIS2_PLACEMENT_3D('',#2602,#2603,#2604);
#2602 = CARTESIAN_POINT('',(-0.75,-2.25,4.3));
#2603 = DIRECTION('',(1.,-1.110223024625E-16,0.));
#2604 = DIRECTION('',(1.110223024625E-16,1.,0.));
#2605 = ADVANCED_FACE('',(#2606),#2656,.F.);
#2606 = FACE_BOUND('',#2607,.F.);
#2607 = EDGE_LOOP('',(#2608,#2609,#2610,#2618,#2626,#2634,#2642,#2650));
#2608 = ORIENTED_EDGE('',*,*,#1275,.F.);
#2609 = ORIENTED_EDGE('',*,*,#2594,.T.);
#2610 = ORIENTED_EDGE('',*,*,#2611,.T.);
#2611 = EDGE_CURVE('',#2587,#2612,#2614,.T.);
#2612 = VERTEX_POINT('',#2613);
#2613 = CARTESIAN_POINT('',(-0.9,-1.75,1.));
#2614 = LINE('',#2615,#2616);
#2615 = CARTESIAN_POINT('',(-0.75,-1.75,1.));
#2616 = VECTOR('',#2617,1.);
#2617 = DIRECTION('',(-1.,1.110223024625E-16,0.));
#2618 = ORIENTED_EDGE('',*,*,#2619,.T.);
#2619 = EDGE_CURVE('',#2612,#2620,#2622,.T.);
#2620 = VERTEX_POINT('',#2621);
#2621 = CARTESIAN_POINT('',(-0.9,-1.75,3.65));
#2622 = LINE('',#2623,#2624);
#2623 = CARTESIAN_POINT('',(-0.9,-1.75,3.213111243985));
#2624 = VECTOR('',#2625,1.);
#2625 = DIRECTION('',(0.,-0.,1.));
#2626 = ORIENTED_EDGE('',*,*,#2627,.F.);
#2627 = EDGE_CURVE('',#2628,#2620,#2630,.T.);
#2628 = VERTEX_POINT('',#2629);
#2629 = CARTESIAN_POINT('',(-1.1,-1.75,3.65));
#2630 = LINE('',#2631,#2632);
#2631 = CARTESIAN_POINT('',(-1.1,-1.75,3.65));
#2632 = VECTOR('',#2633,1.);
#2633 = DIRECTION('',(1.,-1.110223024625E-16,0.));
#2634 = ORIENTED_EDGE('',*,*,#2635,.F.);
#2635 = EDGE_CURVE('',#2636,#2628,#2638,.T.);
#2636 = VERTEX_POINT('',#2637);
#2637 = CARTESIAN_POINT('',(-1.1,-1.75,1.));
#2638 = LINE('',#2639,#2640);
#2639 = CARTESIAN_POINT('',(-1.1,-1.75,3.213111243985));
#2640 = VECTOR('',#2641,1.);
#2641 = DIRECTION('',(0.,-0.,1.));
#2642 = ORIENTED_EDGE('',*,*,#2643,.T.);
#2643 = EDGE_CURVE('',#2636,#2644,#2646,.T.);
#2644 = VERTEX_POINT('',#2645);
#2645 = CARTESIAN_POINT('',(-1.25,-1.75,1.));
#2646 = LINE('',#2647,#2648);
#2647 = CARTESIAN_POINT('',(-0.75,-1.75,1.));
#2648 = VECTOR('',#2649,1.);
#2649 = DIRECTION('',(-1.,1.110223024625E-16,0.));
#2650 = ORIENTED_EDGE('',*,*,#2651,.F.);
#2651 = EDGE_CURVE('',#1268,#2644,#2652,.T.);
#2652 = LINE('',#2653,#2654);
#2653 = CARTESIAN_POINT('',(-1.25,-1.75,4.3));
#2654 = VECTOR('',#2655,1.);
#2655 = DIRECTION('',(0.,-0.,-1.));
#2656 = PLANE('',#2657);
#2657 = AXIS2_PLACEMENT_3D('',#2658,#2659,#2660);
#2658 = CARTESIAN_POINT('',(-0.75,-1.75,4.3));
#2659 = DIRECTION('',(1.110223024625E-16,1.,0.));
#2660 = DIRECTION('',(-1.,1.110223024625E-16,0.));
#2661 = ADVANCED_FACE('',(#2662),#2680,.F.);
#2662 = FACE_BOUND('',#2663,.F.);
#2663 = EDGE_LOOP('',(#2664,#2665,#2673,#2679));
#2664 = ORIENTED_EDGE('',*,*,#2651,.T.);
#2665 = ORIENTED_EDGE('',*,*,#2666,.T.);
#2666 = EDGE_CURVE('',#2644,#2667,#2669,.T.);
#2667 = VERTEX_POINT('',#2668);
#2668 = CARTESIAN_POINT('',(-1.25,-2.25,1.));
#2669 = LINE('',#2670,#2671);
#2670 = CARTESIAN_POINT('',(-1.25,-1.75,1.));
#2671 = VECTOR('',#2672,1.);
#2672 = DIRECTION('',(-1.110223024625E-16,-1.,0.));
#2673 = ORIENTED_EDGE('',*,*,#2674,.F.);
#2674 = EDGE_CURVE('',#1292,#2667,#2675,.T.);
#2675 = LINE('',#2676,#2677);
#2676 = CARTESIAN_POINT('',(-1.25,-2.25,4.3));
#2677 = VECTOR('',#2678,1.);
#2678 = DIRECTION('',(0.,-0.,-1.));
#2679 = ORIENTED_EDGE('',*,*,#1299,.F.);
#2680 = PLANE('',#2681);
#2681 = AXIS2_PLACEMENT_3D('',#2682,#2683,#2684);
#2682 = CARTESIAN_POINT('',(-1.25,-1.75,4.3));
#2683 = DIRECTION('',(-1.,1.110223024625E-16,0.));
#2684 = DIRECTION('',(-1.110223024625E-16,-1.,0.));
#2685 = ADVANCED_FACE('',(#2686),#2729,.F.);
#2686 = FACE_BOUND('',#2687,.F.);
#2687 = EDGE_LOOP('',(#2688,#2689,#2690,#2698,#2706,#2714,#2722,#2728));
#2688 = ORIENTED_EDGE('',*,*,#1316,.F.);
#2689 = ORIENTED_EDGE('',*,*,#2674,.T.);
#2690 = ORIENTED_EDGE('',*,*,#2691,.T.);
#2691 = EDGE_CURVE('',#2667,#2692,#2694,.T.);
#2692 = VERTEX_POINT('',#2693);
#2693 = CARTESIAN_POINT('',(-1.1,-2.25,1.));
#2694 = LINE('',#2695,#2696);
#2695 = CARTESIAN_POINT('',(-1.25,-2.25,1.));
#2696 = VECTOR('',#2697,1.);
#2697 = DIRECTION('',(1.,-1.110223024625E-16,0.));
#2698 = ORIENTED_EDGE('',*,*,#2699,.F.);
#2699 = EDGE_CURVE('',#2700,#2692,#2702,.T.);
#2700 = VERTEX_POINT('',#2701);
#2701 = CARTESIAN_POINT('',(-1.1,-2.25,3.65));
#2702 = LINE('',#2703,#2704);
#2703 = CARTESIAN_POINT('',(-1.1,-2.25,3.213111243985));
#2704 = VECTOR('',#2705,1.);
#2705 = DIRECTION('',(-0.,0.,-1.));
#2706 = ORIENTED_EDGE('',*,*,#2707,.T.);
#2707 = EDGE_CURVE('',#2700,#2708,#2710,.T.);
#2708 = VERTEX_POINT('',#2709);
#2709 = CARTESIAN_POINT('',(-0.9,-2.25,3.65));
#2710 = LINE('',#2711,#2712);
#2711 = CARTESIAN_POINT('',(-1.1,-2.25,3.65));
#2712 = VECTOR('',#2713,1.);
#2713 = DIRECTION('',(1.,-1.110223024625E-16,0.));
#2714 = ORIENTED_EDGE('',*,*,#2715,.T.);
#2715 = EDGE_CURVE('',#2708,#2716,#2718,.T.);
#2716 = VERTEX_POINT('',#2717);
#2717 = CARTESIAN_POINT('',(-0.9,-2.25,1.));
#2718 = LINE('',#2719,#2720);
#2719 = CARTESIAN_POINT('',(-0.9,-2.25,3.213111243985));
#2720 = VECTOR('',#2721,1.);
#2721 = DIRECTION('',(-0.,0.,-1.));
#2722 = ORIENTED_EDGE('',*,*,#2723,.T.);
#2723 = EDGE_CURVE('',#2716,#2579,#2724,.T.);
#2724 = LINE('',#2725,#2726);
#2725 = CARTESIAN_POINT('',(-1.25,-2.25,1.));
#2726 = VECTOR('',#2727,1.);
#2727 = DIRECTION('',(1.,-1.110223024625E-16,0.));
#2728 = ORIENTED_EDGE('',*,*,#2578,.F.);
#2729 = PLANE('',#2730);
#2730 = AXIS2_PLACEMENT_3D('',#2731,#2732,#2733);
#2731 = CARTESIAN_POINT('',(-1.25,-2.25,4.3));
#2732 = DIRECTION('',(-1.110223024625E-16,-1.,0.));
#2733 = DIRECTION('',(1.,-1.110223024625E-16,0.));
#2734 = ADVANCED_FACE('',(#2735),#2760,.F.);
#2735 = FACE_BOUND('',#2736,.F.);
#2736 = EDGE_LOOP('',(#2737,#2745,#2753,#2759));
#2737 = ORIENTED_EDGE('',*,*,#2738,.T.);
#2738 = EDGE_CURVE('',#1331,#2739,#2741,.T.);
#2739 = VERTEX_POINT('',#2740);
#2740 = CARTESIAN_POINT('',(-0.75,-0.25,1.));
#2741 = LINE('',#2742,#2743);
#2742 = CARTESIAN_POINT('',(-0.75,-0.25,4.3));
#2743 = VECTOR('',#2744,1.);
#2744 = DIRECTION('',(0.,-0.,-1.));
#2745 = ORIENTED_EDGE('',*,*,#2746,.T.);
#2746 = EDGE_CURVE('',#2739,#2747,#2749,.T.);
#2747 = VERTEX_POINT('',#2748);
#2748 = CARTESIAN_POINT('',(-0.75,0.25,1.));
#2749 = LINE('',#2750,#2751);
#2750 = CARTESIAN_POINT('',(-0.75,-0.25,1.));
#2751 = VECTOR('',#2752,1.);
#2752 = DIRECTION('',(1.110223024625E-16,1.,0.));
#2753 = ORIENTED_EDGE('',*,*,#2754,.F.);
#2754 = EDGE_CURVE('',#1340,#2747,#2755,.T.);
#2755 = LINE('',#2756,#2757);
#2756 = CARTESIAN_POINT('',(-0.75,0.25,4.3));
#2757 = VECTOR('',#2758,1.);
#2758 = DIRECTION('',(0.,-0.,-1.));
#2759 = ORIENTED_EDGE('',*,*,#1347,.F.);
#2760 = PLANE('',#2761);
#2761 = AXIS2_PLACEMENT_3D('',#2762,#2763,#2764);
#2762 = CARTESIAN_POINT('',(-0.75,-0.25,4.3));
#2763 = DIRECTION('',(1.,-1.110223024625E-16,0.));
#2764 = DIRECTION('',(1.110223024625E-16,1.,0.));
#2765 = ADVANCED_FACE('',(#2766),#2816,.F.);
#2766 = FACE_BOUND('',#2767,.F.);
#2767 = EDGE_LOOP('',(#2768,#2769,#2770,#2778,#2786,#2794,#2802,#2810));
#2768 = ORIENTED_EDGE('',*,*,#1371,.F.);
#2769 = ORIENTED_EDGE('',*,*,#2754,.T.);
#2770 = ORIENTED_EDGE('',*,*,#2771,.T.);
#2771 = EDGE_CURVE('',#2747,#2772,#2774,.T.);
#2772 = VERTEX_POINT('',#2773);
#2773 = CARTESIAN_POINT('',(-0.9,0.25,1.));
#2774 = LINE('',#2775,#2776);
#2775 = CARTESIAN_POINT('',(-0.75,0.25,1.));
#2776 = VECTOR('',#2777,1.);
#2777 = DIRECTION('',(-1.,1.110223024625E-16,0.));
#2778 = ORIENTED_EDGE('',*,*,#2779,.T.);
#2779 = EDGE_CURVE('',#2772,#2780,#2782,.T.);
#2780 = VERTEX_POINT('',#2781);
#2781 = CARTESIAN_POINT('',(-0.9,0.25,3.65));
#2782 = LINE('',#2783,#2784);
#2783 = CARTESIAN_POINT('',(-0.9,0.25,3.213111243985));
#2784 = VECTOR('',#2785,1.);
#2785 = DIRECTION('',(0.,-0.,1.));
#2786 = ORIENTED_EDGE('',*,*,#2787,.F.);
#2787 = EDGE_CURVE('',#2788,#2780,#2790,.T.);
#2788 = VERTEX_POINT('',#2789);
#2789 = CARTESIAN_POINT('',(-1.1,0.25,3.65));
#2790 = LINE('',#2791,#2792);
#2791 = CARTESIAN_POINT('',(-1.1,0.25,3.65));
#2792 = VECTOR('',#2793,1.);
#2793 = DIRECTION('',(1.,-1.110223024625E-16,0.));
#2794 = ORIENTED_EDGE('',*,*,#2795,.F.);
#2795 = EDGE_CURVE('',#2796,#2788,#2798,.T.);
#2796 = VERTEX_POINT('',#2797);
#2797 = CARTESIAN_POINT('',(-1.1,0.25,1.));
#2798 = LINE('',#2799,#2800);
#2799 = CARTESIAN_POINT('',(-1.1,0.25,3.213111243985));
#2800 = VECTOR('',#2801,1.);
#2801 = DIRECTION('',(0.,-0.,1.));
#2802 = ORIENTED_EDGE('',*,*,#2803,.T.);
#2803 = EDGE_CURVE('',#2796,#2804,#2806,.T.);
#2804 = VERTEX_POINT('',#2805);
#2805 = CARTESIAN_POINT('',(-1.25,0.25,1.));
#2806 = LINE('',#2807,#2808);
#2807 = CARTESIAN_POINT('',(-0.75,0.25,1.));
#2808 = VECTOR('',#2809,1.);
#2809 = DIRECTION('',(-1.,1.110223024625E-16,0.));
#2810 = ORIENTED_EDGE('',*,*,#2811,.F.);
#2811 = EDGE_CURVE('',#1364,#2804,#2812,.T.);
#2812 = LINE('',#2813,#2814);
#2813 = CARTESIAN_POINT('',(-1.25,0.25,4.3));
#2814 = VECTOR('',#2815,1.);
#2815 = DIRECTION('',(0.,-0.,-1.));
#2816 = PLANE('',#2817);
#2817 = AXIS2_PLACEMENT_3D('',#2818,#2819,#2820);
#2818 = CARTESIAN_POINT('',(-0.75,0.25,4.3));
#2819 = DIRECTION('',(1.110223024625E-16,1.,0.));
#2820 = DIRECTION('',(-1.,1.110223024625E-16,0.));
#2821 = ADVANCED_FACE('',(#2822),#2840,.F.);
#2822 = FACE_BOUND('',#2823,.F.);
#2823 = EDGE_LOOP('',(#2824,#2825,#2833,#2839));
#2824 = ORIENTED_EDGE('',*,*,#2811,.T.);
#2825 = ORIENTED_EDGE('',*,*,#2826,.T.);
#2826 = EDGE_CURVE('',#2804,#2827,#2829,.T.);
#2827 = VERTEX_POINT('',#2828);
#2828 = CARTESIAN_POINT('',(-1.25,-0.25,1.));
#2829 = LINE('',#2830,#2831);
#2830 = CARTESIAN_POINT('',(-1.25,0.25,1.));
#2831 = VECTOR('',#2832,1.);
#2832 = DIRECTION('',(-1.110223024625E-16,-1.,0.));
#2833 = ORIENTED_EDGE('',*,*,#2834,.F.);
#2834 = EDGE_CURVE('',#1388,#2827,#2835,.T.);
#2835 = LINE('',#2836,#2837);
#2836 = CARTESIAN_POINT('',(-1.25,-0.25,4.3));
#2837 = VECTOR('',#2838,1.);
#2838 = DIRECTION('',(0.,-0.,-1.));
#2839 = ORIENTED_EDGE('',*,*,#1395,.F.);
#2840 = PLANE('',#2841);
#2841 = AXIS2_PLACEMENT_3D('',#2842,#2843,#2844);
#2842 = CARTESIAN_POINT('',(-1.25,0.25,4.3));
#2843 = DIRECTION('',(-1.,1.110223024625E-16,0.));
#2844 = DIRECTION('',(-1.110223024625E-16,-1.,0.));
#2845 = ADVANCED_FACE('',(#2846),#2889,.F.);
#2846 = FACE_BOUND('',#2847,.F.);
#2847 = EDGE_LOOP('',(#2848,#2849,#2850,#2858,#2866,#2874,#2882,#2888));
#2848 = ORIENTED_EDGE('',*,*,#1412,.F.);
#2849 = ORIENTED_EDGE('',*,*,#2834,.T.);
#2850 = ORIENTED_EDGE('',*,*,#2851,.T.);
#2851 = EDGE_CURVE('',#2827,#2852,#2854,.T.);
#2852 = VERTEX_POINT('',#2853);
#2853 = CARTESIAN_POINT('',(-1.1,-0.25,1.));
#2854 = LINE('',#2855,#2856);
#2855 = CARTESIAN_POINT('',(-1.25,-0.25,1.));
#2856 = VECTOR('',#2857,1.);
#2857 = DIRECTION('',(1.,-1.110223024625E-16,0.));
#2858 = ORIENTED_EDGE('',*,*,#2859,.F.);
#2859 = EDGE_CURVE('',#2860,#2852,#2862,.T.);
#2860 = VERTEX_POINT('',#2861);
#2861 = CARTESIAN_POINT('',(-1.1,-0.25,3.65));
#2862 = LINE('',#2863,#2864);
#2863 = CARTESIAN_POINT('',(-1.1,-0.25,3.213111243985));
#2864 = VECTOR('',#2865,1.);
#2865 = DIRECTION('',(-0.,0.,-1.));
#2866 = ORIENTED_EDGE('',*,*,#2867,.T.);
#2867 = EDGE_CURVE('',#2860,#2868,#2870,.T.);
#2868 = VERTEX_POINT('',#2869);
#2869 = CARTESIAN_POINT('',(-0.9,-0.25,3.65));
#2870 = LINE('',#2871,#2872);
#2871 = CARTESIAN_POINT('',(-1.1,-0.25,3.65));
#2872 = VECTOR('',#2873,1.);
#2873 = DIRECTION('',(1.,-1.110223024625E-16,0.));
#2874 = ORIENTED_EDGE('',*,*,#2875,.T.);
#2875 = EDGE_CURVE('',#2868,#2876,#2878,.T.);
#2876 = VERTEX_POINT('',#2877);
#2877 = CARTESIAN_POINT('',(-0.9,-0.25,1.));
#2878 = LINE('',#2879,#2880);
#2879 = CARTESIAN_POINT('',(-0.9,-0.25,3.213111243985));
#2880 = VECTOR('',#2881,1.);
#2881 = DIRECTION('',(-0.,0.,-1.));
#2882 = ORIENTED_EDGE('',*,*,#2883,.T.);
#2883 = EDGE_CURVE('',#2876,#2739,#2884,.T.);
#2884 = LINE('',#2885,#2886);
#2885 = CARTESIAN_POINT('',(-1.25,-0.25,1.));
#2886 = VECTOR('',#2887,1.);
#2887 = DIRECTION('',(1.,-1.110223024625E-16,0.));
#2888 = ORIENTED_EDGE('',*,*,#2738,.F.);
#2889 = PLANE('',#2890);
#2890 = AXIS2_PLACEMENT_3D('',#2891,#2892,#2893);
#2891 = CARTESIAN_POINT('',(-1.25,-0.25,4.3));
#2892 = DIRECTION('',(-1.110223024625E-16,-1.,0.));
#2893 = DIRECTION('',(1.,-1.110223024625E-16,0.));
#2894 = ADVANCED_FACE('',(#2895),#2920,.F.);
#2895 = FACE_BOUND('',#2896,.F.);
#2896 = EDGE_LOOP('',(#2897,#2905,#2913,#2919));
#2897 = ORIENTED_EDGE('',*,*,#2898,.T.);
#2898 = EDGE_CURVE('',#1427,#2899,#2901,.T.);
#2899 = VERTEX_POINT('',#2900);
#2900 = CARTESIAN_POINT('',(-0.75,1.75,1.));
#2901 = LINE('',#2902,#2903);
#2902 = CARTESIAN_POINT('',(-0.75,1.75,4.3));
#2903 = VECTOR('',#2904,1.);
#2904 = DIRECTION('',(0.,-0.,-1.));
#2905 = ORIENTED_EDGE('',*,*,#2906,.T.);
#2906 = EDGE_CURVE('',#2899,#2907,#2909,.T.);
#2907 = VERTEX_POINT('',#2908);
#2908 = CARTESIAN_POINT('',(-0.75,2.25,1.));
#2909 = LINE('',#2910,#2911);
#2910 = CARTESIAN_POINT('',(-0.75,1.75,1.));
#2911 = VECTOR('',#2912,1.);
#2912 = DIRECTION('',(1.110223024625E-16,1.,0.));
#2913 = ORIENTED_EDGE('',*,*,#2914,.F.);
#2914 = EDGE_CURVE('',#1436,#2907,#2915,.T.);
#2915 = LINE('',#2916,#2917);
#2916 = CARTESIAN_POINT('',(-0.75,2.25,4.3));
#2917 = VECTOR('',#2918,1.);
#2918 = DIRECTION('',(0.,-0.,-1.));
#2919 = ORIENTED_EDGE('',*,*,#1443,.F.);
#2920 = PLANE('',#2921);
#2921 = AXIS2_PLACEMENT_3D('',#2922,#2923,#2924);
#2922 = CARTESIAN_POINT('',(-0.75,1.75,4.3));
#2923 = DIRECTION('',(1.,-1.110223024625E-16,0.));
#2924 = DIRECTION('',(1.110223024625E-16,1.,0.));
#2925 = ADVANCED_FACE('',(#2926),#2976,.F.);
#2926 = FACE_BOUND('',#2927,.F.);
#2927 = EDGE_LOOP('',(#2928,#2929,#2930,#2938,#2946,#2954,#2962,#2970));
#2928 = ORIENTED_EDGE('',*,*,#1467,.F.);
#2929 = ORIENTED_EDGE('',*,*,#2914,.T.);
#2930 = ORIENTED_EDGE('',*,*,#2931,.T.);
#2931 = EDGE_CURVE('',#2907,#2932,#2934,.T.);
#2932 = VERTEX_POINT('',#2933);
#2933 = CARTESIAN_POINT('',(-0.9,2.25,1.));
#2934 = LINE('',#2935,#2936);
#2935 = CARTESIAN_POINT('',(-0.75,2.25,1.));
#2936 = VECTOR('',#2937,1.);
#2937 = DIRECTION('',(-1.,1.110223024625E-16,0.));
#2938 = ORIENTED_EDGE('',*,*,#2939,.T.);
#2939 = EDGE_CURVE('',#2932,#2940,#2942,.T.);
#2940 = VERTEX_POINT('',#2941);
#2941 = CARTESIAN_POINT('',(-0.9,2.25,3.65));
#2942 = LINE('',#2943,#2944);
#2943 = CARTESIAN_POINT('',(-0.9,2.25,3.213111243985));
#2944 = VECTOR('',#2945,1.);
#2945 = DIRECTION('',(0.,-0.,1.));
#2946 = ORIENTED_EDGE('',*,*,#2947,.F.);
#2947 = EDGE_CURVE('',#2948,#2940,#2950,.T.);
#2948 = VERTEX_POINT('',#2949);
#2949 = CARTESIAN_POINT('',(-1.1,2.25,3.65));
#2950 = LINE('',#2951,#2952);
#2951 = CARTESIAN_POINT('',(-1.1,2.25,3.65));
#2952 = VECTOR('',#2953,1.);
#2953 = DIRECTION('',(1.,-1.110223024625E-16,0.));
#2954 = ORIENTED_EDGE('',*,*,#2955,.F.);
#2955 = EDGE_CURVE('',#2956,#2948,#2958,.T.);
#2956 = VERTEX_POINT('',#2957);
#2957 = CARTESIAN_POINT('',(-1.1,2.25,1.));
#2958 = LINE('',#2959,#2960);
#2959 = CARTESIAN_POINT('',(-1.1,2.25,3.213111243985));
#2960 = VECTOR('',#2961,1.);
#2961 = DIRECTION('',(0.,-0.,1.));
#2962 = ORIENTED_EDGE('',*,*,#2963,.T.);
#2963 = EDGE_CURVE('',#2956,#2964,#2966,.T.);
#2964 = VERTEX_POINT('',#2965);
#2965 = CARTESIAN_POINT('',(-1.25,2.25,1.));
#2966 = LINE('',#2967,#2968);
#2967 = CARTESIAN_POINT('',(-0.75,2.25,1.));
#2968 = VECTOR('',#2969,1.);
#2969 = DIRECTION('',(-1.,1.110223024625E-16,0.));
#2970 = ORIENTED_EDGE('',*,*,#2971,.F.);
#2971 = EDGE_CURVE('',#1460,#2964,#2972,.T.);
#2972 = LINE('',#2973,#2974);
#2973 = CARTESIAN_POINT('',(-1.25,2.25,4.3));
#2974 = VECTOR('',#2975,1.);
#2975 = DIRECTION('',(0.,-0.,-1.));
#2976 = PLANE('',#2977);
#2977 = AXIS2_PLACEMENT_3D('',#2978,#2979,#2980);
#2978 = CARTESIAN_POINT('',(-0.75,2.25,4.3));
#2979 = DIRECTION('',(1.110223024625E-16,1.,0.));
#2980 = DIRECTION('',(-1.,1.110223024625E-16,0.));
#2981 = ADVANCED_FACE('',(#2982),#3000,.F.);
#2982 = FACE_BOUND('',#2983,.F.);
#2983 = EDGE_LOOP('',(#2984,#2985,#2993,#2999));
#2984 = ORIENTED_EDGE('',*,*,#2971,.T.);
#2985 = ORIENTED_EDGE('',*,*,#2986,.T.);
#2986 = EDGE_CURVE('',#2964,#2987,#2989,.T.);
#2987 = VERTEX_POINT('',#2988);
#2988 = CARTESIAN_POINT('',(-1.25,1.75,1.));
#2989 = LINE('',#2990,#2991);
#2990 = CARTESIAN_POINT('',(-1.25,2.25,1.));
#2991 = VECTOR('',#2992,1.);
#2992 = DIRECTION('',(-1.110223024625E-16,-1.,0.));
#2993 = ORIENTED_EDGE('',*,*,#2994,.F.);
#2994 = EDGE_CURVE('',#1484,#2987,#2995,.T.);
#2995 = LINE('',#2996,#2997);
#2996 = CARTESIAN_POINT('',(-1.25,1.75,4.3));
#2997 = VECTOR('',#2998,1.);
#2998 = DIRECTION('',(0.,-0.,-1.));
#2999 = ORIENTED_EDGE('',*,*,#1491,.F.);
#3000 = PLANE('',#3001);
#3001 = AXIS2_PLACEMENT_3D('',#3002,#3003,#3004);
#3002 = CARTESIAN_POINT('',(-1.25,2.25,4.3));
#3003 = DIRECTION('',(-1.,1.110223024625E-16,0.));
#3004 = DIRECTION('',(-1.110223024625E-16,-1.,0.));
#3005 = ADVANCED_FACE('',(#3006),#3049,.F.);
#3006 = FACE_BOUND('',#3007,.F.);
#3007 = EDGE_LOOP('',(#3008,#3009,#3010,#3018,#3026,#3034,#3042,#3048));
#3008 = ORIENTED_EDGE('',*,*,#1508,.F.);
#3009 = ORIENTED_EDGE('',*,*,#2994,.T.);
#3010 = ORIENTED_EDGE('',*,*,#3011,.T.);
#3011 = EDGE_CURVE('',#2987,#3012,#3014,.T.);
#3012 = VERTEX_POINT('',#3013);
#3013 = CARTESIAN_POINT('',(-1.1,1.75,1.));
#3014 = LINE('',#3015,#3016);
#3015 = CARTESIAN_POINT('',(-1.25,1.75,1.));
#3016 = VECTOR('',#3017,1.);
#3017 = DIRECTION('',(1.,-1.110223024625E-16,0.));
#3018 = ORIENTED_EDGE('',*,*,#3019,.F.);
#3019 = EDGE_CURVE('',#3020,#3012,#3022,.T.);
#3020 = VERTEX_POINT('',#3021);
#3021 = CARTESIAN_POINT('',(-1.1,1.75,3.65));
#3022 = LINE('',#3023,#3024);
#3023 = CARTESIAN_POINT('',(-1.1,1.75,3.213111243985));
#3024 = VECTOR('',#3025,1.);
#3025 = DIRECTION('',(-0.,0.,-1.));
#3026 = ORIENTED_EDGE('',*,*,#3027,.T.);
#3027 = EDGE_CURVE('',#3020,#3028,#3030,.T.);
#3028 = VERTEX_POINT('',#3029);
#3029 = CARTESIAN_POINT('',(-0.9,1.75,3.65));
#3030 = LINE('',#3031,#3032);
#3031 = CARTESIAN_POINT('',(-1.1,1.75,3.65));
#3032 = VECTOR('',#3033,1.);
#3033 = DIRECTION('',(1.,-1.110223024625E-16,0.));
#3034 = ORIENTED_EDGE('',*,*,#3035,.T.);
#3035 = EDGE_CURVE('',#3028,#3036,#3038,.T.);
#3036 = VERTEX_POINT('',#3037);
#3037 = CARTESIAN_POINT('',(-0.9,1.75,1.));
#3038 = LINE('',#3039,#3040);
#3039 = CARTESIAN_POINT('',(-0.9,1.75,3.213111243985));
#3040 = VECTOR('',#3041,1.);
#3041 = DIRECTION('',(-0.,0.,-1.));
#3042 = ORIENTED_EDGE('',*,*,#3043,.T.);
#3043 = EDGE_CURVE('',#3036,#2899,#3044,.T.);
#3044 = LINE('',#3045,#3046);
#3045 = CARTESIAN_POINT('',(-1.25,1.75,1.));
#3046 = VECTOR('',#3047,1.);
#3047 = DIRECTION('',(1.,-1.110223024625E-16,0.));
#3048 = ORIENTED_EDGE('',*,*,#2898,.F.);
#3049 = PLANE('',#3050);
#3050 = AXIS2_PLACEMENT_3D('',#3051,#3052,#3053);
#3051 = CARTESIAN_POINT('',(-1.25,1.75,4.3));
#3052 = DIRECTION('',(-1.110223024625E-16,-1.,0.));
#3053 = DIRECTION('',(1.,-1.110223024625E-16,0.));
#3054 = ADVANCED_FACE('',(#3055),#3084,.F.);
#3055 = FACE_BOUND('',#3056,.F.);
#3056 = EDGE_LOOP('',(#3057,#3058,#3059,#3068,#3076,#3083));
#3057 = ORIENTED_EDGE('',*,*,#1524,.T.);
#3058 = ORIENTED_EDGE('',*,*,#1539,.T.);
#3059 = ORIENTED_EDGE('',*,*,#3060,.T.);
#3060 = EDGE_CURVE('',#1540,#3061,#3063,.T.);
#3061 = VERTEX_POINT('',#3062);
#3062 = CARTESIAN_POINT('',(1.2,-1.75,-5.E-02));
#3063 = CIRCLE('',#3064,0.3);
#3064 = AXIS2_PLACEMENT_3D('',#3065,#3066,#3067);
#3065 = CARTESIAN_POINT('',(1.2,-1.75,0.25));
#3066 = DIRECTION('',(-2.334869823773E-16,-1.,0.));
#3067 = DIRECTION('',(-1.,2.334869823773E-16,6.938893903907E-17));
#3068 = ORIENTED_EDGE('',*,*,#3069,.T.);
#3069 = EDGE_CURVE('',#3061,#3070,#3072,.T.);
#3070 = VERTEX_POINT('',#3071);
#3071 = CARTESIAN_POINT('',(1.2,-1.75,0.15));
#3072 = LINE('',#3073,#3074);
#3073 = CARTESIAN_POINT('',(1.2,-1.75,-5.E-02));
#3074 = VECTOR('',#3075,1.);
#3075 = DIRECTION('',(0.,0.,1.));
#3076 = ORIENTED_EDGE('',*,*,#3077,.T.);
#3077 = EDGE_CURVE('',#3070,#1588,#3078,.T.);
#3078 = CIRCLE('',#3079,0.1);
#3079 = AXIS2_PLACEMENT_3D('',#3080,#3081,#3082);
#3080 = CARTESIAN_POINT('',(1.2,-1.75,0.25));
#3081 = DIRECTION('',(2.334869823773E-16,1.,0.));
#3082 = DIRECTION('',(5.551115123126E-16,-1.296113118928E-31,-1.));
#3083 = ORIENTED_EDGE('',*,*,#1587,.F.);
#3084 = PLANE('',#3085);
#3085 = AXIS2_PLACEMENT_3D('',#3086,#3087,#3088);
#3086 = CARTESIAN_POINT('',(1.1,-1.75,0.45));
#3087 = DIRECTION('',(-2.334869823773E-16,-1.,0.));
#3088 = DIRECTION('',(-0.,0.,-1.));
#3089 = ADVANCED_FACE('',(#3090),#3109,.T.);
#3090 = FACE_BOUND('',#3091,.T.);
#3091 = EDGE_LOOP('',(#3092,#3093,#3101,#3108));
#3092 = ORIENTED_EDGE('',*,*,#3060,.T.);
#3093 = ORIENTED_EDGE('',*,*,#3094,.F.);
#3094 = EDGE_CURVE('',#3095,#3061,#3097,.T.);
#3095 = VERTEX_POINT('',#3096);
#3096 = CARTESIAN_POINT('',(1.2,-2.25,-5.E-02));
#3097 = LINE('',#3098,#3099);
#3098 = CARTESIAN_POINT('',(1.2,-2.25,-5.E-02));
#3099 = VECTOR('',#3100,1.);
#3100 = DIRECTION('',(2.334869823773E-16,1.,0.));
#3101 = ORIENTED_EDGE('',*,*,#3102,.F.);
#3102 = EDGE_CURVE('',#1549,#3095,#3103,.T.);
#3103 = CIRCLE('',#3104,0.3);
#3104 = AXIS2_PLACEMENT_3D('',#3105,#3106,#3107);
#3105 = CARTESIAN_POINT('',(1.2,-2.25,0.25));
#3106 = DIRECTION('',(-2.334869823773E-16,-1.,0.));
#3107 = DIRECTION('',(-1.,2.334869823773E-16,6.938893903907E-17));
#3108 = ORIENTED_EDGE('',*,*,#1556,.F.);
#3109 = CYLINDRICAL_SURFACE('',#3110,0.3);
#3110 = AXIS2_PLACEMENT_3D('',#3111,#3112,#3113);
#3111 = CARTESIAN_POINT('',(1.2,-1.75,0.25));
#3112 = DIRECTION('',(2.334869823773E-16,1.,0.));
#3113 = DIRECTION('',(-1.,2.334869823773E-16,6.938893903907E-17));
#3114 = ADVANCED_FACE('',(#3115),#3136,.F.);
#3115 = FACE_BOUND('',#3116,.F.);
#3116 = EDGE_LOOP('',(#3117,#3118,#3119,#3128,#3134,#3135));
#3117 = ORIENTED_EDGE('',*,*,#1570,.F.);
#3118 = ORIENTED_EDGE('',*,*,#1596,.F.);
#3119 = ORIENTED_EDGE('',*,*,#3120,.F.);
#3120 = EDGE_CURVE('',#3121,#1597,#3123,.T.);
#3121 = VERTEX_POINT('',#3122);
#3122 = CARTESIAN_POINT('',(1.2,-2.25,0.15));
#3123 = CIRCLE('',#3124,0.1);
#3124 = AXIS2_PLACEMENT_3D('',#3125,#3126,#3127);
#3125 = CARTESIAN_POINT('',(1.2,-2.25,0.25));
#3126 = DIRECTION('',(2.334869823773E-16,1.,0.));
#3127 = DIRECTION('',(5.551115123126E-16,-1.296113118928E-31,-1.));
#3128 = ORIENTED_EDGE('',*,*,#3129,.F.);
#3129 = EDGE_CURVE('',#3095,#3121,#3130,.T.);
#3130 = LINE('',#3131,#3132);
#3131 = CARTESIAN_POINT('',(1.2,-2.25,-5.E-02));
#3132 = VECTOR('',#3133,1.);
#3133 = DIRECTION('',(0.,0.,1.));
#3134 = ORIENTED_EDGE('',*,*,#3102,.F.);
#3135 = ORIENTED_EDGE('',*,*,#1548,.T.);
#3136 = PLANE('',#3137);
#3137 = AXIS2_PLACEMENT_3D('',#3138,#3139,#3140);
#3138 = CARTESIAN_POINT('',(1.1,-2.25,0.25));
#3139 = DIRECTION('',(2.334869823773E-16,1.,0.));
#3140 = DIRECTION('',(0.,-0.,1.));
#3141 = ADVANCED_FACE('',(#3142),#3153,.F.);
#3142 = FACE_BOUND('',#3143,.F.);
#3143 = EDGE_LOOP('',(#3144,#3150,#3151,#3152));
#3144 = ORIENTED_EDGE('',*,*,#3145,.F.);
#3145 = EDGE_CURVE('',#3121,#3070,#3146,.T.);
#3146 = LINE('',#3147,#3148);
#3147 = CARTESIAN_POINT('',(1.2,-2.25,0.15));
#3148 = VECTOR('',#3149,1.);
#3149 = DIRECTION('',(2.334869823773E-16,1.,0.));
#3150 = ORIENTED_EDGE('',*,*,#3120,.T.);
#3151 = ORIENTED_EDGE('',*,*,#1604,.F.);
#3152 = ORIENTED_EDGE('',*,*,#3077,.F.);
#3153 = CYLINDRICAL_SURFACE('',#3154,0.1);
#3154 = AXIS2_PLACEMENT_3D('',#3155,#3156,#3157);
#3155 = CARTESIAN_POINT('',(1.2,-1.75,0.25));
#3156 = DIRECTION('',(2.334869823773E-16,1.,0.));
#3157 = DIRECTION('',(5.551115123126E-16,-1.296113118928E-31,-1.));
#3158 = ADVANCED_FACE('',(#3159),#3188,.F.);
#3159 = FACE_BOUND('',#3160,.F.);
#3160 = EDGE_LOOP('',(#3161,#3162,#3163,#3172,#3180,#3187));
#3161 = ORIENTED_EDGE('',*,*,#1620,.T.);
#3162 = ORIENTED_EDGE('',*,*,#1635,.T.);
#3163 = ORIENTED_EDGE('',*,*,#3164,.T.);
#3164 = EDGE_CURVE('',#1636,#3165,#3167,.T.);
#3165 = VERTEX_POINT('',#3166);
#3166 = CARTESIAN_POINT('',(1.2,0.25,-5.E-02));
#3167 = CIRCLE('',#3168,0.3);
#3168 = AXIS2_PLACEMENT_3D('',#3169,#3170,#3171);
#3169 = CARTESIAN_POINT('',(1.2,0.25,0.25));
#3170 = DIRECTION('',(-2.334869823773E-16,-1.,0.));
#3171 = DIRECTION('',(-1.,2.334869823773E-16,6.938893903907E-17));
#3172 = ORIENTED_EDGE('',*,*,#3173,.T.);
#3173 = EDGE_CURVE('',#3165,#3174,#3176,.T.);
#3174 = VERTEX_POINT('',#3175);
#3175 = CARTESIAN_POINT('',(1.2,0.25,0.15));
#3176 = LINE('',#3177,#3178);
#3177 = CARTESIAN_POINT('',(1.2,0.25,-5.E-02));
#3178 = VECTOR('',#3179,1.);
#3179 = DIRECTION('',(0.,0.,1.));
#3180 = ORIENTED_EDGE('',*,*,#3181,.T.);
#3181 = EDGE_CURVE('',#3174,#1684,#3182,.T.);
#3182 = CIRCLE('',#3183,0.1);
#3183 = AXIS2_PLACEMENT_3D('',#3184,#3185,#3186);
#3184 = CARTESIAN_POINT('',(1.2,0.25,0.25));
#3185 = DIRECTION('',(2.334869823773E-16,1.,0.));
#3186 = DIRECTION('',(5.551115123126E-16,-1.296113118928E-31,-1.));
#3187 = ORIENTED_EDGE('',*,*,#1683,.F.);
#3188 = PLANE('',#3189);
#3189 = AXIS2_PLACEMENT_3D('',#3190,#3191,#3192);
#3190 = CARTESIAN_POINT('',(1.1,0.25,0.45));
#3191 = DIRECTION('',(-2.334869823773E-16,-1.,0.));
#3192 = DIRECTION('',(-0.,0.,-1.));
#3193 = ADVANCED_FACE('',(#3194),#3213,.T.);
#3194 = FACE_BOUND('',#3195,.T.);
#3195 = EDGE_LOOP('',(#3196,#3197,#3205,#3212));
#3196 = ORIENTED_EDGE('',*,*,#3164,.T.);
#3197 = ORIENTED_EDGE('',*,*,#3198,.F.);
#3198 = EDGE_CURVE('',#3199,#3165,#3201,.T.);
#3199 = VERTEX_POINT('',#3200);
#3200 = CARTESIAN_POINT('',(1.2,-0.25,-5.E-02));
#3201 = LINE('',#3202,#3203);
#3202 = CARTESIAN_POINT('',(1.2,-0.25,-5.E-02));
#3203 = VECTOR('',#3204,1.);
#3204 = DIRECTION('',(2.334869823773E-16,1.,0.));
#3205 = ORIENTED_EDGE('',*,*,#3206,.F.);
#3206 = EDGE_CURVE('',#1645,#3199,#3207,.T.);
#3207 = CIRCLE('',#3208,0.3);
#3208 = AXIS2_PLACEMENT_3D('',#3209,#3210,#3211);
#3209 = CARTESIAN_POINT('',(1.2,-0.25,0.25));
#3210 = DIRECTION('',(-2.334869823773E-16,-1.,0.));
#3211 = DIRECTION('',(-1.,2.334869823773E-16,6.938893903907E-17));
#3212 = ORIENTED_EDGE('',*,*,#1652,.F.);
#3213 = CYLINDRICAL_SURFACE('',#3214,0.3);
#3214 = AXIS2_PLACEMENT_3D('',#3215,#3216,#3217);
#3215 = CARTESIAN_POINT('',(1.2,0.25,0.25));
#3216 = DIRECTION('',(2.334869823773E-16,1.,0.));
#3217 = DIRECTION('',(-1.,2.334869823773E-16,6.938893903907E-17));
#3218 = ADVANCED_FACE('',(#3219),#3240,.F.);
#3219 = FACE_BOUND('',#3220,.F.);
#3220 = EDGE_LOOP('',(#3221,#3222,#3223,#3232,#3238,#3239));
#3221 = ORIENTED_EDGE('',*,*,#1666,.F.);
#3222 = ORIENTED_EDGE('',*,*,#1692,.F.);
#3223 = ORIENTED_EDGE('',*,*,#3224,.F.);
#3224 = EDGE_CURVE('',#3225,#1693,#3227,.T.);
#3225 = VERTEX_POINT('',#3226);
#3226 = CARTESIAN_POINT('',(1.2,-0.25,0.15));
#3227 = CIRCLE('',#3228,0.1);
#3228 = AXIS2_PLACEMENT_3D('',#3229,#3230,#3231);
#3229 = CARTESIAN_POINT('',(1.2,-0.25,0.25));
#3230 = DIRECTION('',(2.334869823773E-16,1.,0.));
#3231 = DIRECTION('',(5.551115123126E-16,-1.296113118928E-31,-1.));
#3232 = ORIENTED_EDGE('',*,*,#3233,.F.);
#3233 = EDGE_CURVE('',#3199,#3225,#3234,.T.);
#3234 = LINE('',#3235,#3236);
#3235 = CARTESIAN_POINT('',(1.2,-0.25,-5.E-02));
#3236 = VECTOR('',#3237,1.);
#3237 = DIRECTION('',(0.,0.,1.));
#3238 = ORIENTED_EDGE('',*,*,#3206,.F.);
#3239 = ORIENTED_EDGE('',*,*,#1644,.T.);
#3240 = PLANE('',#3241);
#3241 = AXIS2_PLACEMENT_3D('',#3242,#3243,#3244);
#3242 = CARTESIAN_POINT('',(1.1,-0.25,0.25));
#3243 = DIRECTION('',(2.334869823773E-16,1.,0.));
#3244 = DIRECTION('',(0.,-0.,1.));
#3245 = ADVANCED_FACE('',(#3246),#3257,.F.);
#3246 = FACE_BOUND('',#3247,.F.);
#3247 = EDGE_LOOP('',(#3248,#3254,#3255,#3256));
#3248 = ORIENTED_EDGE('',*,*,#3249,.F.);
#3249 = EDGE_CURVE('',#3225,#3174,#3250,.T.);
#3250 = LINE('',#3251,#3252);
#3251 = CARTESIAN_POINT('',(1.2,-0.25,0.15));
#3252 = VECTOR('',#3253,1.);
#3253 = DIRECTION('',(2.334869823773E-16,1.,0.));
#3254 = ORIENTED_EDGE('',*,*,#3224,.T.);
#3255 = ORIENTED_EDGE('',*,*,#1700,.F.);
#3256 = ORIENTED_EDGE('',*,*,#3181,.F.);
#3257 = CYLINDRICAL_SURFACE('',#3258,0.1);
#3258 = AXIS2_PLACEMENT_3D('',#3259,#3260,#3261);
#3259 = CARTESIAN_POINT('',(1.2,0.25,0.25));
#3260 = DIRECTION('',(2.334869823773E-16,1.,0.));
#3261 = DIRECTION('',(5.551115123126E-16,-1.296113118928E-31,-1.));
#3262 = ADVANCED_FACE('',(#3263),#3292,.F.);
#3263 = FACE_BOUND('',#3264,.F.);
#3264 = EDGE_LOOP('',(#3265,#3266,#3267,#3276,#3284,#3291));
#3265 = ORIENTED_EDGE('',*,*,#1716,.T.);
#3266 = ORIENTED_EDGE('',*,*,#1731,.T.);
#3267 = ORIENTED_EDGE('',*,*,#3268,.T.);
#3268 = EDGE_CURVE('',#1732,#3269,#3271,.T.);
#3269 = VERTEX_POINT('',#3270);
#3270 = CARTESIAN_POINT('',(1.2,2.25,-5.E-02));
#3271 = CIRCLE('',#3272,0.3);
#3272 = AXIS2_PLACEMENT_3D('',#3273,#3274,#3275);
#3273 = CARTESIAN_POINT('',(1.2,2.25,0.25));
#3274 = DIRECTION('',(-2.334869823773E-16,-1.,0.));
#3275 = DIRECTION('',(-1.,2.334869823773E-16,6.938893903907E-17));
#3276 = ORIENTED_EDGE('',*,*,#3277,.T.);
#3277 = EDGE_CURVE('',#3269,#3278,#3280,.T.);
#3278 = VERTEX_POINT('',#3279);
#3279 = CARTESIAN_POINT('',(1.2,2.25,0.15));
#3280 = LINE('',#3281,#3282);
#3281 = CARTESIAN_POINT('',(1.2,2.25,-5.E-02));
#3282 = VECTOR('',#3283,1.);
#3283 = DIRECTION('',(0.,0.,1.));
#3284 = ORIENTED_EDGE('',*,*,#3285,.T.);
#3285 = EDGE_CURVE('',#3278,#1780,#3286,.T.);
#3286 = CIRCLE('',#3287,0.1);
#3287 = AXIS2_PLACEMENT_3D('',#3288,#3289,#3290);
#3288 = CARTESIAN_POINT('',(1.2,2.25,0.25));
#3289 = DIRECTION('',(2.334869823773E-16,1.,0.));
#3290 = DIRECTION('',(5.551115123126E-16,-1.296113118928E-31,-1.));
#3291 = ORIENTED_EDGE('',*,*,#1779,.F.);
#3292 = PLANE('',#3293);
#3293 = AXIS2_PLACEMENT_3D('',#3294,#3295,#3296);
#3294 = CARTESIAN_POINT('',(1.1,2.25,0.45));
#3295 = DIRECTION('',(-2.334869823773E-16,-1.,0.));
#3296 = DIRECTION('',(-0.,0.,-1.));
#3297 = ADVANCED_FACE('',(#3298),#3317,.T.);
#3298 = FACE_BOUND('',#3299,.T.);
#3299 = EDGE_LOOP('',(#3300,#3301,#3309,#3316));
#3300 = ORIENTED_EDGE('',*,*,#3268,.T.);
#3301 = ORIENTED_EDGE('',*,*,#3302,.F.);
#3302 = EDGE_CURVE('',#3303,#3269,#3305,.T.);
#3303 = VERTEX_POINT('',#3304);
#3304 = CARTESIAN_POINT('',(1.2,1.75,-5.E-02));
#3305 = LINE('',#3306,#3307);
#3306 = CARTESIAN_POINT('',(1.2,1.75,-5.E-02));
#3307 = VECTOR('',#3308,1.);
#3308 = DIRECTION('',(2.334869823773E-16,1.,0.));
#3309 = ORIENTED_EDGE('',*,*,#3310,.F.);
#3310 = EDGE_CURVE('',#1741,#3303,#3311,.T.);
#3311 = CIRCLE('',#3312,0.3);
#3312 = AXIS2_PLACEMENT_3D('',#3313,#3314,#3315);
#3313 = CARTESIAN_POINT('',(1.2,1.75,0.25));
#3314 = DIRECTION('',(-2.334869823773E-16,-1.,0.));
#3315 = DIRECTION('',(-1.,2.334869823773E-16,6.938893903907E-17));
#3316 = ORIENTED_EDGE('',*,*,#1748,.F.);
#3317 = CYLINDRICAL_SURFACE('',#3318,0.3);
#3318 = AXIS2_PLACEMENT_3D('',#3319,#3320,#3321);
#3319 = CARTESIAN_POINT('',(1.2,2.25,0.25));
#3320 = DIRECTION('',(2.334869823773E-16,1.,0.));
#3321 = DIRECTION('',(-1.,2.334869823773E-16,6.938893903907E-17));
#3322 = ADVANCED_FACE('',(#3323),#3344,.F.);
#3323 = FACE_BOUND('',#3324,.F.);
#3324 = EDGE_LOOP('',(#3325,#3326,#3327,#3336,#3342,#3343));
#3325 = ORIENTED_EDGE('',*,*,#1762,.F.);
#3326 = ORIENTED_EDGE('',*,*,#1788,.F.);
#3327 = ORIENTED_EDGE('',*,*,#3328,.F.);
#3328 = EDGE_CURVE('',#3329,#1789,#3331,.T.);
#3329 = VERTEX_POINT('',#3330);
#3330 = CARTESIAN_POINT('',(1.2,1.75,0.15));
#3331 = CIRCLE('',#3332,0.1);
#3332 = AXIS2_PLACEMENT_3D('',#3333,#3334,#3335);
#3333 = CARTESIAN_POINT('',(1.2,1.75,0.25));
#3334 = DIRECTION('',(2.334869823773E-16,1.,0.));
#3335 = DIRECTION('',(5.551115123126E-16,-1.296113118928E-31,-1.));
#3336 = ORIENTED_EDGE('',*,*,#3337,.F.);
#3337 = EDGE_CURVE('',#3303,#3329,#3338,.T.);
#3338 = LINE('',#3339,#3340);
#3339 = CARTESIAN_POINT('',(1.2,1.75,-5.E-02));
#3340 = VECTOR('',#3341,1.);
#3341 = DIRECTION('',(0.,0.,1.));
#3342 = ORIENTED_EDGE('',*,*,#3310,.F.);
#3343 = ORIENTED_EDGE('',*,*,#1740,.T.);
#3344 = PLANE('',#3345);
#3345 = AXIS2_PLACEMENT_3D('',#3346,#3347,#3348);
#3346 = CARTESIAN_POINT('',(1.1,1.75,0.25));
#3347 = DIRECTION('',(2.334869823773E-16,1.,0.));
#3348 = DIRECTION('',(0.,-0.,1.));
#3349 = ADVANCED_FACE('',(#3350),#3361,.F.);
#3350 = FACE_BOUND('',#3351,.F.);
#3351 = EDGE_LOOP('',(#3352,#3358,#3359,#3360));
#3352 = ORIENTED_EDGE('',*,*,#3353,.F.);
#3353 = EDGE_CURVE('',#3329,#3278,#3354,.T.);
#3354 = LINE('',#3355,#3356);
#3355 = CARTESIAN_POINT('',(1.2,1.75,0.15));
#3356 = VECTOR('',#3357,1.);
#3357 = DIRECTION('',(2.334869823773E-16,1.,0.));
#3358 = ORIENTED_EDGE('',*,*,#3328,.T.);
#3359 = ORIENTED_EDGE('',*,*,#1796,.F.);
#3360 = ORIENTED_EDGE('',*,*,#3285,.F.);
#3361 = CYLINDRICAL_SURFACE('',#3362,0.1);
#3362 = AXIS2_PLACEMENT_3D('',#3363,#3364,#3365);
#3363 = CARTESIAN_POINT('',(1.2,2.25,0.25));
#3364 = DIRECTION('',(2.334869823773E-16,1.,0.));
#3365 = DIRECTION('',(5.551115123126E-16,-1.296113118928E-31,-1.));
#3366 = ADVANCED_FACE('',(#3367),#3396,.F.);
#3367 = FACE_BOUND('',#3368,.F.);
#3368 = EDGE_LOOP('',(#3369,#3370,#3371,#3380,#3388,#3395));
#3369 = ORIENTED_EDGE('',*,*,#1812,.T.);
#3370 = ORIENTED_EDGE('',*,*,#1827,.T.);
#3371 = ORIENTED_EDGE('',*,*,#3372,.T.);
#3372 = EDGE_CURVE('',#1828,#3373,#3375,.T.);
#3373 = VERTEX_POINT('',#3374);
#3374 = CARTESIAN_POINT('',(-1.2,-2.25,-5.E-02));
#3375 = CIRCLE('',#3376,0.3);
#3376 = AXIS2_PLACEMENT_3D('',#3377,#3378,#3379);
#3377 = CARTESIAN_POINT('',(-1.2,-2.25,0.25));
#3378 = DIRECTION('',(1.110223024625E-16,1.,0.));
#3379 = DIRECTION('',(1.,-1.110223024625E-16,6.938893903907E-17));
#3380 = ORIENTED_EDGE('',*,*,#3381,.T.);
#3381 = EDGE_CURVE('',#3373,#3382,#3384,.T.);
#3382 = VERTEX_POINT('',#3383);
#3383 = CARTESIAN_POINT('',(-1.2,-2.25,0.15));
#3384 = LINE('',#3385,#3386);
#3385 = CARTESIAN_POINT('',(-1.2,-2.25,-5.E-02));
#3386 = VECTOR('',#3387,1.);
#3387 = DIRECTION('',(0.,0.,1.));
#3388 = ORIENTED_EDGE('',*,*,#3389,.T.);
#3389 = EDGE_CURVE('',#3382,#1876,#3390,.T.);
#3390 = CIRCLE('',#3391,0.1);
#3391 = AXIS2_PLACEMENT_3D('',#3392,#3393,#3394);
#3392 = CARTESIAN_POINT('',(-1.2,-2.25,0.25));
#3393 = DIRECTION('',(-1.110223024625E-16,-1.,0.));
#3394 = DIRECTION('',(-5.551115123126E-16,6.162975822039E-32,-1.));
#3395 = ORIENTED_EDGE('',*,*,#1875,.F.);
#3396 = PLANE('',#3397);
#3397 = AXIS2_PLACEMENT_3D('',#3398,#3399,#3400);
#3398 = CARTESIAN_POINT('',(-1.1,-2.25,0.45));
#3399 = DIRECTION('',(1.110223024625E-16,1.,0.));
#3400 = DIRECTION('',(0.,0.,-1.));
#3401 = ADVANCED_FACE('',(#3402),#3421,.T.);
#3402 = FACE_BOUND('',#3403,.T.);
#3403 = EDGE_LOOP('',(#3404,#3405,#3413,#3420));
#3404 = ORIENTED_EDGE('',*,*,#3372,.T.);
#3405 = ORIENTED_EDGE('',*,*,#3406,.F.);
#3406 = EDGE_CURVE('',#3407,#3373,#3409,.T.);
#3407 = VERTEX_POINT('',#3408);
#3408 = CARTESIAN_POINT('',(-1.2,-1.75,-5.E-02));
#3409 = LINE('',#3410,#3411);
#3410 = CARTESIAN_POINT('',(-1.2,-1.75,-5.E-02));
#3411 = VECTOR('',#3412,1.);
#3412 = DIRECTION('',(-1.110223024625E-16,-1.,0.));
#3413 = ORIENTED_EDGE('',*,*,#3414,.F.);
#3414 = EDGE_CURVE('',#1837,#3407,#3415,.T.);
#3415 = CIRCLE('',#3416,0.3);
#3416 = AXIS2_PLACEMENT_3D('',#3417,#3418,#3419);
#3417 = CARTESIAN_POINT('',(-1.2,-1.75,0.25));
#3418 = DIRECTION('',(1.110223024625E-16,1.,0.));
#3419 = DIRECTION('',(1.,-1.110223024625E-16,6.938893903907E-17));
#3420 = ORIENTED_EDGE('',*,*,#1844,.F.);
#3421 = CYLINDRICAL_SURFACE('',#3422,0.3);
#3422 = AXIS2_PLACEMENT_3D('',#3423,#3424,#3425);
#3423 = CARTESIAN_POINT('',(-1.2,-2.25,0.25));
#3424 = DIRECTION('',(-1.110223024625E-16,-1.,-0.));
#3425 = DIRECTION('',(1.,-1.110223024625E-16,6.938893903907E-17));
#3426 = ADVANCED_FACE('',(#3427),#3448,.F.);
#3427 = FACE_BOUND('',#3428,.F.);
#3428 = EDGE_LOOP('',(#3429,#3430,#3431,#3440,#3446,#3447));
#3429 = ORIENTED_EDGE('',*,*,#1858,.F.);
#3430 = ORIENTED_EDGE('',*,*,#1884,.F.);
#3431 = ORIENTED_EDGE('',*,*,#3432,.F.);
#3432 = EDGE_CURVE('',#3433,#1885,#3435,.T.);
#3433 = VERTEX_POINT('',#3434);
#3434 = CARTESIAN_POINT('',(-1.2,-1.75,0.15));
#3435 = CIRCLE('',#3436,0.1);
#3436 = AXIS2_PLACEMENT_3D('',#3437,#3438,#3439);
#3437 = CARTESIAN_POINT('',(-1.2,-1.75,0.25));
#3438 = DIRECTION('',(-1.110223024625E-16,-1.,0.));
#3439 = DIRECTION('',(-5.551115123126E-16,6.162975822039E-32,-1.));
#3440 = ORIENTED_EDGE('',*,*,#3441,.F.);
#3441 = EDGE_CURVE('',#3407,#3433,#3442,.T.);
#3442 = LINE('',#3443,#3444);
#3443 = CARTESIAN_POINT('',(-1.2,-1.75,-5.E-02));
#3444 = VECTOR('',#3445,1.);
#3445 = DIRECTION('',(0.,0.,1.));
#3446 = ORIENTED_EDGE('',*,*,#3414,.F.);
#3447 = ORIENTED_EDGE('',*,*,#1836,.T.);
#3448 = PLANE('',#3449);
#3449 = AXIS2_PLACEMENT_3D('',#3450,#3451,#3452);
#3450 = CARTESIAN_POINT('',(-1.1,-1.75,0.25));
#3451 = DIRECTION('',(-1.110223024625E-16,-1.,0.));
#3452 = DIRECTION('',(0.,0.,1.));
#3453 = ADVANCED_FACE('',(#3454),#3465,.F.);
#3454 = FACE_BOUND('',#3455,.F.);
#3455 = EDGE_LOOP('',(#3456,#3462,#3463,#3464));
#3456 = ORIENTED_EDGE('',*,*,#3457,.F.);
#3457 = EDGE_CURVE('',#3433,#3382,#3458,.T.);
#3458 = LINE('',#3459,#3460);
#3459 = CARTESIAN_POINT('',(-1.2,-1.75,0.15));
#3460 = VECTOR('',#3461,1.);
#3461 = DIRECTION('',(-1.110223024625E-16,-1.,0.));
#3462 = ORIENTED_EDGE('',*,*,#3432,.T.);
#3463 = ORIENTED_EDGE('',*,*,#1892,.F.);
#3464 = ORIENTED_EDGE('',*,*,#3389,.F.);
#3465 = CYLINDRICAL_SURFACE('',#3466,0.1);
#3466 = AXIS2_PLACEMENT_3D('',#3467,#3468,#3469);
#3467 = CARTESIAN_POINT('',(-1.2,-2.25,0.25));
#3468 = DIRECTION('',(-1.110223024625E-16,-1.,0.));
#3469 = DIRECTION('',(-5.551115123126E-16,6.162975822039E-32,-1.));
#3470 = ADVANCED_FACE('',(#3471),#3500,.F.);
#3471 = FACE_BOUND('',#3472,.F.);
#3472 = EDGE_LOOP('',(#3473,#3474,#3475,#3484,#3492,#3499));
#3473 = ORIENTED_EDGE('',*,*,#1908,.T.);
#3474 = ORIENTED_EDGE('',*,*,#1923,.T.);
#3475 = ORIENTED_EDGE('',*,*,#3476,.T.);
#3476 = EDGE_CURVE('',#1924,#3477,#3479,.T.);
#3477 = VERTEX_POINT('',#3478);
#3478 = CARTESIAN_POINT('',(-1.2,-0.25,-5.E-02));
#3479 = CIRCLE('',#3480,0.3);
#3480 = AXIS2_PLACEMENT_3D('',#3481,#3482,#3483);
#3481 = CARTESIAN_POINT('',(-1.2,-0.25,0.25));
#3482 = DIRECTION('',(1.110223024625E-16,1.,0.));
#3483 = DIRECTION('',(1.,-1.110223024625E-16,6.938893903907E-17));
#3484 = ORIENTED_EDGE('',*,*,#3485,.T.);
#3485 = EDGE_CURVE('',#3477,#3486,#3488,.T.);
#3486 = VERTEX_POINT('',#3487);
#3487 = CARTESIAN_POINT('',(-1.2,-0.25,0.15));
#3488 = LINE('',#3489,#3490);
#3489 = CARTESIAN_POINT('',(-1.2,-0.25,-5.E-02));
#3490 = VECTOR('',#3491,1.);
#3491 = DIRECTION('',(0.,0.,1.));
#3492 = ORIENTED_EDGE('',*,*,#3493,.T.);
#3493 = EDGE_CURVE('',#3486,#1972,#3494,.T.);
#3494 = CIRCLE('',#3495,0.1);
#3495 = AXIS2_PLACEMENT_3D('',#3496,#3497,#3498);
#3496 = CARTESIAN_POINT('',(-1.2,-0.25,0.25));
#3497 = DIRECTION('',(-1.110223024625E-16,-1.,0.));
#3498 = DIRECTION('',(-5.551115123126E-16,6.162975822039E-32,-1.));
#3499 = ORIENTED_EDGE('',*,*,#1971,.F.);
#3500 = PLANE('',#3501);
#3501 = AXIS2_PLACEMENT_3D('',#3502,#3503,#3504);
#3502 = CARTESIAN_POINT('',(-1.1,-0.25,0.45));
#3503 = DIRECTION('',(1.110223024625E-16,1.,0.));
#3504 = DIRECTION('',(0.,0.,-1.));
#3505 = ADVANCED_FACE('',(#3506),#3525,.T.);
#3506 = FACE_BOUND('',#3507,.T.);
#3507 = EDGE_LOOP('',(#3508,#3509,#3517,#3524));
#3508 = ORIENTED_EDGE('',*,*,#3476,.T.);
#3509 = ORIENTED_EDGE('',*,*,#3510,.F.);
#3510 = EDGE_CURVE('',#3511,#3477,#3513,.T.);
#3511 = VERTEX_POINT('',#3512);
#3512 = CARTESIAN_POINT('',(-1.2,0.25,-5.E-02));
#3513 = LINE('',#3514,#3515);
#3514 = CARTESIAN_POINT('',(-1.2,0.25,-5.E-02));
#3515 = VECTOR('',#3516,1.);
#3516 = DIRECTION('',(-1.110223024625E-16,-1.,0.));
#3517 = ORIENTED_EDGE('',*,*,#3518,.F.);
#3518 = EDGE_CURVE('',#1933,#3511,#3519,.T.);
#3519 = CIRCLE('',#3520,0.3);
#3520 = AXIS2_PLACEMENT_3D('',#3521,#3522,#3523);
#3521 = CARTESIAN_POINT('',(-1.2,0.25,0.25));
#3522 = DIRECTION('',(1.110223024625E-16,1.,0.));
#3523 = DIRECTION('',(1.,-1.110223024625E-16,6.938893903907E-17));
#3524 = ORIENTED_EDGE('',*,*,#1940,.F.);
#3525 = CYLINDRICAL_SURFACE('',#3526,0.3);
#3526 = AXIS2_PLACEMENT_3D('',#3527,#3528,#3529);
#3527 = CARTESIAN_POINT('',(-1.2,-0.25,0.25));
#3528 = DIRECTION('',(-1.110223024625E-16,-1.,-0.));
#3529 = DIRECTION('',(1.,-1.110223024625E-16,6.938893903907E-17));
#3530 = ADVANCED_FACE('',(#3531),#3552,.F.);
#3531 = FACE_BOUND('',#3532,.F.);
#3532 = EDGE_LOOP('',(#3533,#3534,#3535,#3544,#3550,#3551));
#3533 = ORIENTED_EDGE('',*,*,#1954,.F.);
#3534 = ORIENTED_EDGE('',*,*,#1980,.F.);
#3535 = ORIENTED_EDGE('',*,*,#3536,.F.);
#3536 = EDGE_CURVE('',#3537,#1981,#3539,.T.);
#3537 = VERTEX_POINT('',#3538);
#3538 = CARTESIAN_POINT('',(-1.2,0.25,0.15));
#3539 = CIRCLE('',#3540,0.1);
#3540 = AXIS2_PLACEMENT_3D('',#3541,#3542,#3543);
#3541 = CARTESIAN_POINT('',(-1.2,0.25,0.25));
#3542 = DIRECTION('',(-1.110223024625E-16,-1.,0.));
#3543 = DIRECTION('',(-5.551115123126E-16,6.162975822039E-32,-1.));
#3544 = ORIENTED_EDGE('',*,*,#3545,.F.);
#3545 = EDGE_CURVE('',#3511,#3537,#3546,.T.);
#3546 = LINE('',#3547,#3548);
#3547 = CARTESIAN_POINT('',(-1.2,0.25,-5.E-02));
#3548 = VECTOR('',#3549,1.);
#3549 = DIRECTION('',(0.,0.,1.));
#3550 = ORIENTED_EDGE('',*,*,#3518,.F.);
#3551 = ORIENTED_EDGE('',*,*,#1932,.T.);
#3552 = PLANE('',#3553);
#3553 = AXIS2_PLACEMENT_3D('',#3554,#3555,#3556);
#3554 = CARTESIAN_POINT('',(-1.1,0.25,0.25));
#3555 = DIRECTION('',(-1.110223024625E-16,-1.,0.));
#3556 = DIRECTION('',(0.,0.,1.));
#3557 = ADVANCED_FACE('',(#3558),#3569,.F.);
#3558 = FACE_BOUND('',#3559,.F.);
#3559 = EDGE_LOOP('',(#3560,#3566,#3567,#3568));
#3560 = ORIENTED_EDGE('',*,*,#3561,.F.);
#3561 = EDGE_CURVE('',#3537,#3486,#3562,.T.);
#3562 = LINE('',#3563,#3564);
#3563 = CARTESIAN_POINT('',(-1.2,0.25,0.15));
#3564 = VECTOR('',#3565,1.);
#3565 = DIRECTION('',(-1.110223024625E-16,-1.,0.));
#3566 = ORIENTED_EDGE('',*,*,#3536,.T.);
#3567 = ORIENTED_EDGE('',*,*,#1988,.F.);
#3568 = ORIENTED_EDGE('',*,*,#3493,.F.);
#3569 = CYLINDRICAL_SURFACE('',#3570,0.1);
#3570 = AXIS2_PLACEMENT_3D('',#3571,#3572,#3573);
#3571 = CARTESIAN_POINT('',(-1.2,-0.25,0.25));
#3572 = DIRECTION('',(-1.110223024625E-16,-1.,0.));
#3573 = DIRECTION('',(-5.551115123126E-16,6.162975822039E-32,-1.));
#3574 = ADVANCED_FACE('',(#3575),#3604,.F.);
#3575 = FACE_BOUND('',#3576,.F.);
#3576 = EDGE_LOOP('',(#3577,#3578,#3579,#3588,#3596,#3603));
#3577 = ORIENTED_EDGE('',*,*,#2004,.T.);
#3578 = ORIENTED_EDGE('',*,*,#2019,.T.);
#3579 = ORIENTED_EDGE('',*,*,#3580,.T.);
#3580 = EDGE_CURVE('',#2020,#3581,#3583,.T.);
#3581 = VERTEX_POINT('',#3582);
#3582 = CARTESIAN_POINT('',(-1.2,1.75,-5.E-02));
#3583 = CIRCLE('',#3584,0.3);
#3584 = AXIS2_PLACEMENT_3D('',#3585,#3586,#3587);
#3585 = CARTESIAN_POINT('',(-1.2,1.75,0.25));
#3586 = DIRECTION('',(1.110223024625E-16,1.,0.));
#3587 = DIRECTION('',(1.,-1.110223024625E-16,6.938893903907E-17));
#3588 = ORIENTED_EDGE('',*,*,#3589,.T.);
#3589 = EDGE_CURVE('',#3581,#3590,#3592,.T.);
#3590 = VERTEX_POINT('',#3591);
#3591 = CARTESIAN_POINT('',(-1.2,1.75,0.15));
#3592 = LINE('',#3593,#3594);
#3593 = CARTESIAN_POINT('',(-1.2,1.75,-5.E-02));
#3594 = VECTOR('',#3595,1.);
#3595 = DIRECTION('',(0.,0.,1.));
#3596 = ORIENTED_EDGE('',*,*,#3597,.T.);
#3597 = EDGE_CURVE('',#3590,#2068,#3598,.T.);
#3598 = CIRCLE('',#3599,0.1);
#3599 = AXIS2_PLACEMENT_3D('',#3600,#3601,#3602);
#3600 = CARTESIAN_POINT('',(-1.2,1.75,0.25));
#3601 = DIRECTION('',(-1.110223024625E-16,-1.,0.));
#3602 = DIRECTION('',(-5.551115123126E-16,6.162975822039E-32,-1.));
#3603 = ORIENTED_EDGE('',*,*,#2067,.F.);
#3604 = PLANE('',#3605);
#3605 = AXIS2_PLACEMENT_3D('',#3606,#3607,#3608);
#3606 = CARTESIAN_POINT('',(-1.1,1.75,0.45));
#3607 = DIRECTION('',(1.110223024625E-16,1.,0.));
#3608 = DIRECTION('',(0.,0.,-1.));
#3609 = ADVANCED_FACE('',(#3610),#3629,.T.);
#3610 = FACE_BOUND('',#3611,.T.);
#3611 = EDGE_LOOP('',(#3612,#3613,#3621,#3628));
#3612 = ORIENTED_EDGE('',*,*,#3580,.T.);
#3613 = ORIENTED_EDGE('',*,*,#3614,.F.);
#3614 = EDGE_CURVE('',#3615,#3581,#3617,.T.);
#3615 = VERTEX_POINT('',#3616);
#3616 = CARTESIAN_POINT('',(-1.2,2.25,-5.E-02));
#3617 = LINE('',#3618,#3619);
#3618 = CARTESIAN_POINT('',(-1.2,2.25,-5.E-02));
#3619 = VECTOR('',#3620,1.);
#3620 = DIRECTION('',(-1.110223024625E-16,-1.,0.));
#3621 = ORIENTED_EDGE('',*,*,#3622,.F.);
#3622 = EDGE_CURVE('',#2029,#3615,#3623,.T.);
#3623 = CIRCLE('',#3624,0.3);
#3624 = AXIS2_PLACEMENT_3D('',#3625,#3626,#3627);
#3625 = CARTESIAN_POINT('',(-1.2,2.25,0.25));
#3626 = DIRECTION('',(1.110223024625E-16,1.,0.));
#3627 = DIRECTION('',(1.,-1.110223024625E-16,6.938893903907E-17));
#3628 = ORIENTED_EDGE('',*,*,#2036,.F.);
#3629 = CYLINDRICAL_SURFACE('',#3630,0.3);
#3630 = AXIS2_PLACEMENT_3D('',#3631,#3632,#3633);
#3631 = CARTESIAN_POINT('',(-1.2,1.75,0.25));
#3632 = DIRECTION('',(-1.110223024625E-16,-1.,-0.));
#3633 = DIRECTION('',(1.,-1.110223024625E-16,6.938893903907E-17));
#3634 = ADVANCED_FACE('',(#3635),#3656,.F.);
#3635 = FACE_BOUND('',#3636,.F.);
#3636 = EDGE_LOOP('',(#3637,#3638,#3639,#3648,#3654,#3655));
#3637 = ORIENTED_EDGE('',*,*,#2050,.F.);
#3638 = ORIENTED_EDGE('',*,*,#2076,.F.);
#3639 = ORIENTED_EDGE('',*,*,#3640,.F.);
#3640 = EDGE_CURVE('',#3641,#2077,#3643,.T.);
#3641 = VERTEX_POINT('',#3642);
#3642 = CARTESIAN_POINT('',(-1.2,2.25,0.15));
#3643 = CIRCLE('',#3644,0.1);
#3644 = AXIS2_PLACEMENT_3D('',#3645,#3646,#3647);
#3645 = CARTESIAN_POINT('',(-1.2,2.25,0.25));
#3646 = DIRECTION('',(-1.110223024625E-16,-1.,0.));
#3647 = DIRECTION('',(-5.551115123126E-16,6.162975822039E-32,-1.));
#3648 = ORIENTED_EDGE('',*,*,#3649,.F.);
#3649 = EDGE_CURVE('',#3615,#3641,#3650,.T.);
#3650 = LINE('',#3651,#3652);
#3651 = CARTESIAN_POINT('',(-1.2,2.25,-5.E-02));
#3652 = VECTOR('',#3653,1.);
#3653 = DIRECTION('',(0.,0.,1.));
#3654 = ORIENTED_EDGE('',*,*,#3622,.F.);
#3655 = ORIENTED_EDGE('',*,*,#2028,.T.);
#3656 = PLANE('',#3657);
#3657 = AXIS2_PLACEMENT_3D('',#3658,#3659,#3660);
#3658 = CARTESIAN_POINT('',(-1.1,2.25,0.25));
#3659 = DIRECTION('',(-1.110223024625E-16,-1.,0.));
#3660 = DIRECTION('',(0.,0.,1.));
#3661 = ADVANCED_FACE('',(#3662),#3673,.F.);
#3662 = FACE_BOUND('',#3663,.F.);
#3663 = EDGE_LOOP('',(#3664,#3670,#3671,#3672));
#3664 = ORIENTED_EDGE('',*,*,#3665,.F.);
#3665 = EDGE_CURVE('',#3641,#3590,#3666,.T.);
#3666 = LINE('',#3667,#3668);
#3667 = CARTESIAN_POINT('',(-1.2,2.25,0.15));
#3668 = VECTOR('',#3669,1.);
#3669 = DIRECTION('',(-1.110223024625E-16,-1.,0.));
#3670 = ORIENTED_EDGE('',*,*,#3640,.T.);
#3671 = ORIENTED_EDGE('',*,*,#2084,.F.);
#3672 = ORIENTED_EDGE('',*,*,#3597,.F.);
#3673 = CYLINDRICAL_SURFACE('',#3674,0.1);
#3674 = AXIS2_PLACEMENT_3D('',#3675,#3676,#3677);
#3675 = CARTESIAN_POINT('',(-1.2,1.75,0.25));
#3676 = DIRECTION('',(-1.110223024625E-16,-1.,0.));
#3677 = DIRECTION('',(-5.551115123126E-16,6.162975822039E-32,-1.));
#3678 = ADVANCED_FACE('',(#3679),#3690,.T.);
#3679 = FACE_BOUND('',#3680,.T.);
#3680 = EDGE_LOOP('',(#3681,#3682,#3683,#3684));
#3681 = ORIENTED_EDGE('',*,*,#2243,.T.);
#3682 = ORIENTED_EDGE('',*,*,#2106,.T.);
#3683 = ORIENTED_EDGE('',*,*,#2131,.T.);
#3684 = ORIENTED_EDGE('',*,*,#3685,.T.);
#3685 = EDGE_CURVE('',#2132,#2236,#3686,.T.);
#3686 = LINE('',#3687,#3688);
#3687 = CARTESIAN_POINT('',(0.9,-2.,1.));
#3688 = VECTOR('',#3689,1.);
#3689 = DIRECTION('',(2.334869823773E-16,1.,-0.));
#3690 = PLANE('',#3691);
#3691 = AXIS2_PLACEMENT_3D('',#3692,#3693,#3694);
#3692 = CARTESIAN_POINT('',(1.,-2.,1.));
#3693 = DIRECTION('',(0.,0.,1.));
#3694 = DIRECTION('',(-2.334869823773E-16,-1.,0.));
#3695 = ADVANCED_FACE('',(#3696),#3707,.T.);
#3696 = FACE_BOUND('',#3697,.T.);
#3697 = EDGE_LOOP('',(#3698,#3699,#3705,#3706));
#3698 = ORIENTED_EDGE('',*,*,#2211,.T.);
#3699 = ORIENTED_EDGE('',*,*,#3700,.F.);
#3700 = EDGE_CURVE('',#2156,#2212,#3701,.T.);
#3701 = LINE('',#3702,#3703);
#3702 = CARTESIAN_POINT('',(1.1,-2.,1.));
#3703 = VECTOR('',#3704,1.);
#3704 = DIRECTION('',(2.334869823773E-16,1.,-0.));
#3705 = ORIENTED_EDGE('',*,*,#2163,.T.);
#3706 = ORIENTED_EDGE('',*,*,#2186,.T.);
#3707 = PLANE('',#3708);
#3708 = AXIS2_PLACEMENT_3D('',#3709,#3710,#3711);
#3709 = CARTESIAN_POINT('',(1.,-2.,1.));
#3710 = DIRECTION('',(0.,0.,1.));
#3711 = DIRECTION('',(-2.334869823773E-16,-1.,0.));
#3712 = ADVANCED_FACE('',(#3713),#3756,.T.);
#3713 = FACE_BOUND('',#3714,.T.);
#3714 = EDGE_LOOP('',(#3715,#3716,#3724,#3732,#3740,#3748,#3754,#3755));
#3715 = ORIENTED_EDGE('',*,*,#2219,.F.);
#3716 = ORIENTED_EDGE('',*,*,#3717,.T.);
#3717 = EDGE_CURVE('',#2220,#3718,#3720,.T.);
#3718 = VERTEX_POINT('',#3719);
#3719 = CARTESIAN_POINT('',(1.1,-1.791666666667,3.608333333333));
#3720 = LINE('',#3721,#3722);
#3721 = CARTESIAN_POINT('',(1.1,-1.75,3.65));
#3722 = VECTOR('',#3723,1.);
#3723 = DIRECTION('',(-1.651002285576E-16,-0.707106781187,
    -0.707106781187));
#3724 = ORIENTED_EDGE('',*,*,#3725,.T.);
#3725 = EDGE_CURVE('',#3718,#3726,#3728,.T.);
#3726 = VERTEX_POINT('',#3727);
#3727 = CARTESIAN_POINT('',(1.1,-1.791666666667,1.308333333333));
#3728 = LINE('',#3729,#3730);
#3729 = CARTESIAN_POINT('',(1.1,-1.791666666667,3.608333333333));
#3730 = VECTOR('',#3731,1.);
#3731 = DIRECTION('',(-0.,0.,-1.));
#3732 = ORIENTED_EDGE('',*,*,#3733,.T.);
#3733 = EDGE_CURVE('',#3726,#3734,#3736,.T.);
#3734 = VERTEX_POINT('',#3735);
#3735 = CARTESIAN_POINT('',(1.1,-2.208333333333,1.308333333333));
#3736 = LINE('',#3737,#3738);
#3737 = CARTESIAN_POINT('',(1.1,-1.791666666667,1.308333333333));
#3738 = VECTOR('',#3739,1.);
#3739 = DIRECTION('',(-2.334869823773E-16,-1.,0.));
#3740 = ORIENTED_EDGE('',*,*,#3741,.T.);
#3741 = EDGE_CURVE('',#3734,#3742,#3744,.T.);
#3742 = VERTEX_POINT('',#3743);
#3743 = CARTESIAN_POINT('',(1.1,-2.208333333333,3.608333333333));
#3744 = LINE('',#3745,#3746);
#3745 = CARTESIAN_POINT('',(1.1,-2.208333333333,1.308333333333));
#3746 = VECTOR('',#3747,1.);
#3747 = DIRECTION('',(0.,0.,1.));
#3748 = ORIENTED_EDGE('',*,*,#3749,.T.);
#3749 = EDGE_CURVE('',#3742,#2148,#3750,.T.);
#3750 = LINE('',#3751,#3752);
#3751 = CARTESIAN_POINT('',(1.1,-2.208333333333,3.608333333333));
#3752 = VECTOR('',#3753,1.);
#3753 = DIRECTION('',(-1.651002285576E-16,-0.707106781187,0.707106781187
    ));
#3754 = ORIENTED_EDGE('',*,*,#2155,.F.);
#3755 = ORIENTED_EDGE('',*,*,#3700,.T.);
#3756 = PLANE('',#3757);
#3757 = AXIS2_PLACEMENT_3D('',#3758,#3759,#3760);
#3758 = CARTESIAN_POINT('',(1.1,-2.,2.126222487971));
#3759 = DIRECTION('',(1.,-2.334869823773E-16,0.));
#3760 = DIRECTION('',(0.,0.,1.));
#3761 = ADVANCED_FACE('',(#3762),#3780,.T.);
#3762 = FACE_BOUND('',#3763,.T.);
#3763 = EDGE_LOOP('',(#3764,#3772,#3778,#3779));
#3764 = ORIENTED_EDGE('',*,*,#3765,.T.);
#3765 = EDGE_CURVE('',#3742,#3766,#3768,.T.);
#3766 = VERTEX_POINT('',#3767);
#3767 = CARTESIAN_POINT('',(0.9,-2.208333333333,3.608333333333));
#3768 = LINE('',#3769,#3770);
#3769 = CARTESIAN_POINT('',(1.1,-2.208333333333,3.608333333333));
#3770 = VECTOR('',#3771,1.);
#3771 = DIRECTION('',(-1.,2.334869823773E-16,0.));
#3772 = ORIENTED_EDGE('',*,*,#3773,.T.);
#3773 = EDGE_CURVE('',#3766,#2140,#3774,.T.);
#3774 = LINE('',#3775,#3776);
#3775 = CARTESIAN_POINT('',(0.9,-2.208333333333,3.608333333333));
#3776 = VECTOR('',#3777,1.);
#3777 = DIRECTION('',(-1.651002285576E-16,-0.707106781187,0.707106781187
    ));
#3778 = ORIENTED_EDGE('',*,*,#2147,.F.);
#3779 = ORIENTED_EDGE('',*,*,#3749,.F.);
#3780 = PLANE('',#3781);
#3781 = AXIS2_PLACEMENT_3D('',#3782,#3783,#3784);
#3782 = CARTESIAN_POINT('',(1.1,-2.208333333333,3.608333333333));
#3783 = DIRECTION('',(1.651002285576E-16,0.707106781187,0.707106781187)
  );
#3784 = DIRECTION('',(-1.651002285576E-16,-0.707106781187,0.707106781187
    ));
#3785 = ADVANCED_FACE('',(#3786),#3822,.F.);
#3786 = FACE_BOUND('',#3787,.F.);
#3787 = EDGE_LOOP('',(#3788,#3789,#3797,#3805,#3813,#3819,#3820,#3821));
#3788 = ORIENTED_EDGE('',*,*,#2235,.F.);
#3789 = ORIENTED_EDGE('',*,*,#3790,.T.);
#3790 = EDGE_CURVE('',#2228,#3791,#3793,.T.);
#3791 = VERTEX_POINT('',#3792);
#3792 = CARTESIAN_POINT('',(0.9,-1.791666666667,3.608333333333));
#3793 = LINE('',#3794,#3795);
#3794 = CARTESIAN_POINT('',(0.9,-1.75,3.65));
#3795 = VECTOR('',#3796,1.);
#3796 = DIRECTION('',(-1.651002285576E-16,-0.707106781187,
    -0.707106781187));
#3797 = ORIENTED_EDGE('',*,*,#3798,.T.);
#3798 = EDGE_CURVE('',#3791,#3799,#3801,.T.);
#3799 = VERTEX_POINT('',#3800);
#3800 = CARTESIAN_POINT('',(0.9,-1.791666666667,1.308333333333));
#3801 = LINE('',#3802,#3803);
#3802 = CARTESIAN_POINT('',(0.9,-1.791666666667,3.608333333333));
#3803 = VECTOR('',#3804,1.);
#3804 = DIRECTION('',(-0.,0.,-1.));
#3805 = ORIENTED_EDGE('',*,*,#3806,.T.);
#3806 = EDGE_CURVE('',#3799,#3807,#3809,.T.);
#3807 = VERTEX_POINT('',#3808);
#3808 = CARTESIAN_POINT('',(0.9,-2.208333333333,1.308333333333));
#3809 = LINE('',#3810,#3811);
#3810 = CARTESIAN_POINT('',(0.9,-1.791666666667,1.308333333333));
#3811 = VECTOR('',#3812,1.);
#3812 = DIRECTION('',(-2.334869823773E-16,-1.,0.));
#3813 = ORIENTED_EDGE('',*,*,#3814,.T.);
#3814 = EDGE_CURVE('',#3807,#3766,#3815,.T.);
#3815 = LINE('',#3816,#3817);
#3816 = CARTESIAN_POINT('',(0.9,-2.208333333333,1.308333333333));
#3817 = VECTOR('',#3818,1.);
#3818 = DIRECTION('',(0.,0.,1.));
#3819 = ORIENTED_EDGE('',*,*,#3773,.T.);
#3820 = ORIENTED_EDGE('',*,*,#2139,.F.);
#3821 = ORIENTED_EDGE('',*,*,#3685,.T.);
#3822 = PLANE('',#3823);
#3823 = AXIS2_PLACEMENT_3D('',#3824,#3825,#3826);
#3824 = CARTESIAN_POINT('',(0.9,-2.,2.126222487971));
#3825 = DIRECTION('',(1.,-2.334869823773E-16,0.));
#3826 = DIRECTION('',(0.,0.,1.));
#3827 = ADVANCED_FACE('',(#3828),#3839,.T.);
#3828 = FACE_BOUND('',#3829,.T.);
#3829 = EDGE_LOOP('',(#3830,#3831,#3832,#3838));
#3830 = ORIENTED_EDGE('',*,*,#2227,.T.);
#3831 = ORIENTED_EDGE('',*,*,#3790,.T.);
#3832 = ORIENTED_EDGE('',*,*,#3833,.F.);
#3833 = EDGE_CURVE('',#3718,#3791,#3834,.T.);
#3834 = LINE('',#3835,#3836);
#3835 = CARTESIAN_POINT('',(1.1,-1.791666666667,3.608333333333));
#3836 = VECTOR('',#3837,1.);
#3837 = DIRECTION('',(-1.,2.334869823773E-16,0.));
#3838 = ORIENTED_EDGE('',*,*,#3717,.F.);
#3839 = PLANE('',#3840);
#3840 = AXIS2_PLACEMENT_3D('',#3841,#3842,#3843);
#3841 = CARTESIAN_POINT('',(1.1,-1.75,3.65));
#3842 = DIRECTION('',(-1.651002285576E-16,-0.707106781187,0.707106781187
    ));
#3843 = DIRECTION('',(-1.651002285576E-16,-0.707106781187,
    -0.707106781187));
#3844 = ADVANCED_FACE('',(#3845),#3856,.T.);
#3845 = FACE_BOUND('',#3846,.T.);
#3846 = EDGE_LOOP('',(#3847,#3848,#3849,#3850));
#3847 = ORIENTED_EDGE('',*,*,#2403,.T.);
#3848 = ORIENTED_EDGE('',*,*,#2266,.T.);
#3849 = ORIENTED_EDGE('',*,*,#2291,.T.);
#3850 = ORIENTED_EDGE('',*,*,#3851,.T.);
#3851 = EDGE_CURVE('',#2292,#2396,#3852,.T.);
#3852 = LINE('',#3853,#3854);
#3853 = CARTESIAN_POINT('',(0.9,-2.101382841395E-16,1.));
#3854 = VECTOR('',#3855,1.);
#3855 = DIRECTION('',(2.334869823773E-16,1.,-0.));
#3856 = PLANE('',#3857);
#3857 = AXIS2_PLACEMENT_3D('',#3858,#3859,#3860);
#3858 = CARTESIAN_POINT('',(1.,-2.334869823773E-16,1.));
#3859 = DIRECTION('',(0.,0.,1.));
#3860 = DIRECTION('',(-2.334869823773E-16,-1.,0.));
#3861 = ADVANCED_FACE('',(#3862),#3873,.T.);
#3862 = FACE_BOUND('',#3863,.T.);
#3863 = EDGE_LOOP('',(#3864,#3865,#3871,#3872));
#3864 = ORIENTED_EDGE('',*,*,#2371,.T.);
#3865 = ORIENTED_EDGE('',*,*,#3866,.F.);
#3866 = EDGE_CURVE('',#2316,#2372,#3867,.T.);
#3867 = LINE('',#3868,#3869);
#3868 = CARTESIAN_POINT('',(1.1,-2.56835680615E-16,1.));
#3869 = VECTOR('',#3870,1.);
#3870 = DIRECTION('',(2.334869823773E-16,1.,-0.));
#3871 = ORIENTED_EDGE('',*,*,#2323,.T.);
#3872 = ORIENTED_EDGE('',*,*,#2346,.T.);
#3873 = PLANE('',#3874);
#3874 = AXIS2_PLACEMENT_3D('',#3875,#3876,#3877);
#3875 = CARTESIAN_POINT('',(1.,-2.334869823773E-16,1.));
#3876 = DIRECTION('',(0.,0.,1.));
#3877 = DIRECTION('',(-2.334869823773E-16,-1.,0.));
#3878 = ADVANCED_FACE('',(#3879),#3922,.T.);
#3879 = FACE_BOUND('',#3880,.T.);
#3880 = EDGE_LOOP('',(#3881,#3882,#3890,#3898,#3906,#3914,#3920,#3921));
#3881 = ORIENTED_EDGE('',*,*,#2379,.F.);
#3882 = ORIENTED_EDGE('',*,*,#3883,.T.);
#3883 = EDGE_CURVE('',#2380,#3884,#3886,.T.);
#3884 = VERTEX_POINT('',#3885);
#3885 = CARTESIAN_POINT('',(1.1,0.208333333333,3.608333333333));
#3886 = LINE('',#3887,#3888);
#3887 = CARTESIAN_POINT('',(1.1,0.25,3.65));
#3888 = VECTOR('',#3889,1.);
#3889 = DIRECTION('',(-1.651002285576E-16,-0.707106781187,
    -0.707106781187));
#3890 = ORIENTED_EDGE('',*,*,#3891,.T.);
#3891 = EDGE_CURVE('',#3884,#3892,#3894,.T.);
#3892 = VERTEX_POINT('',#3893);
#3893 = CARTESIAN_POINT('',(1.1,0.208333333333,1.308333333333));
#3894 = LINE('',#3895,#3896);
#3895 = CARTESIAN_POINT('',(1.1,0.208333333333,3.608333333333));
#3896 = VECTOR('',#3897,1.);
#3897 = DIRECTION('',(-0.,0.,-1.));
#3898 = ORIENTED_EDGE('',*,*,#3899,.T.);
#3899 = EDGE_CURVE('',#3892,#3900,#3902,.T.);
#3900 = VERTEX_POINT('',#3901);
#3901 = CARTESIAN_POINT('',(1.1,-0.208333333333,1.308333333333));
#3902 = LINE('',#3903,#3904);
#3903 = CARTESIAN_POINT('',(1.1,0.208333333333,1.308333333333));
#3904 = VECTOR('',#3905,1.);
#3905 = DIRECTION('',(-2.334869823773E-16,-1.,0.));
#3906 = ORIENTED_EDGE('',*,*,#3907,.T.);
#3907 = EDGE_CURVE('',#3900,#3908,#3910,.T.);
#3908 = VERTEX_POINT('',#3909);
#3909 = CARTESIAN_POINT('',(1.1,-0.208333333333,3.608333333333));
#3910 = LINE('',#3911,#3912);
#3911 = CARTESIAN_POINT('',(1.1,-0.208333333333,1.308333333333));
#3912 = VECTOR('',#3913,1.);
#3913 = DIRECTION('',(0.,0.,1.));
#3914 = ORIENTED_EDGE('',*,*,#3915,.T.);
#3915 = EDGE_CURVE('',#3908,#2308,#3916,.T.);
#3916 = LINE('',#3917,#3918);
#3917 = CARTESIAN_POINT('',(1.1,-0.208333333333,3.608333333333));
#3918 = VECTOR('',#3919,1.);
#3919 = DIRECTION('',(-1.651002285576E-16,-0.707106781187,0.707106781187
    ));
#3920 = ORIENTED_EDGE('',*,*,#2315,.F.);
#3921 = ORIENTED_EDGE('',*,*,#3866,.T.);
#3922 = PLANE('',#3923);
#3923 = AXIS2_PLACEMENT_3D('',#3924,#3925,#3926);
#3924 = CARTESIAN_POINT('',(1.1,-2.56835680615E-16,2.126222487971));
#3925 = DIRECTION('',(1.,-2.334869823773E-16,0.));
#3926 = DIRECTION('',(0.,0.,1.));
#3927 = ADVANCED_FACE('',(#3928),#3946,.T.);
#3928 = FACE_BOUND('',#3929,.T.);
#3929 = EDGE_LOOP('',(#3930,#3938,#3944,#3945));
#3930 = ORIENTED_EDGE('',*,*,#3931,.T.);
#3931 = EDGE_CURVE('',#3908,#3932,#3934,.T.);
#3932 = VERTEX_POINT('',#3933);
#3933 = CARTESIAN_POINT('',(0.9,-0.208333333333,3.608333333333));
#3934 = LINE('',#3935,#3936);
#3935 = CARTESIAN_POINT('',(1.1,-0.208333333333,3.608333333333));
#3936 = VECTOR('',#3937,1.);
#3937 = DIRECTION('',(-1.,2.334869823773E-16,0.));
#3938 = ORIENTED_EDGE('',*,*,#3939,.T.);
#3939 = EDGE_CURVE('',#3932,#2300,#3940,.T.);
#3940 = LINE('',#3941,#3942);
#3941 = CARTESIAN_POINT('',(0.9,-0.208333333333,3.608333333333));
#3942 = VECTOR('',#3943,1.);
#3943 = DIRECTION('',(-1.651002285576E-16,-0.707106781187,0.707106781187
    ));
#3944 = ORIENTED_EDGE('',*,*,#2307,.F.);
#3945 = ORIENTED_EDGE('',*,*,#3915,.F.);
#3946 = PLANE('',#3947);
#3947 = AXIS2_PLACEMENT_3D('',#3948,#3949,#3950);
#3948 = CARTESIAN_POINT('',(1.1,-0.208333333333,3.608333333333));
#3949 = DIRECTION('',(1.651002285576E-16,0.707106781187,0.707106781187)
  );
#3950 = DIRECTION('',(-1.651002285576E-16,-0.707106781187,0.707106781187
    ));
#3951 = ADVANCED_FACE('',(#3952),#3988,.F.);
#3952 = FACE_BOUND('',#3953,.F.);
#3953 = EDGE_LOOP('',(#3954,#3955,#3963,#3971,#3979,#3985,#3986,#3987));
#3954 = ORIENTED_EDGE('',*,*,#2395,.F.);
#3955 = ORIENTED_EDGE('',*,*,#3956,.T.);
#3956 = EDGE_CURVE('',#2388,#3957,#3959,.T.);
#3957 = VERTEX_POINT('',#3958);
#3958 = CARTESIAN_POINT('',(0.9,0.208333333333,3.608333333333));
#3959 = LINE('',#3960,#3961);
#3960 = CARTESIAN_POINT('',(0.9,0.25,3.65));
#3961 = VECTOR('',#3962,1.);
#3962 = DIRECTION('',(-1.651002285576E-16,-0.707106781187,
    -0.707106781187));
#3963 = ORIENTED_EDGE('',*,*,#3964,.T.);
#3964 = EDGE_CURVE('',#3957,#3965,#3967,.T.);
#3965 = VERTEX_POINT('',#3966);
#3966 = CARTESIAN_POINT('',(0.9,0.208333333333,1.308333333333));
#3967 = LINE('',#3968,#3969);
#3968 = CARTESIAN_POINT('',(0.9,0.208333333333,3.608333333333));
#3969 = VECTOR('',#3970,1.);
#3970 = DIRECTION('',(-0.,0.,-1.));
#3971 = ORIENTED_EDGE('',*,*,#3972,.T.);
#3972 = EDGE_CURVE('',#3965,#3973,#3975,.T.);
#3973 = VERTEX_POINT('',#3974);
#3974 = CARTESIAN_POINT('',(0.9,-0.208333333333,1.308333333333));
#3975 = LINE('',#3976,#3977);
#3976 = CARTESIAN_POINT('',(0.9,0.208333333333,1.308333333333));
#3977 = VECTOR('',#3978,1.);
#3978 = DIRECTION('',(-2.334869823773E-16,-1.,0.));
#3979 = ORIENTED_EDGE('',*,*,#3980,.T.);
#3980 = EDGE_CURVE('',#3973,#3932,#3981,.T.);
#3981 = LINE('',#3982,#3983);
#3982 = CARTESIAN_POINT('',(0.9,-0.208333333333,1.308333333333));
#3983 = VECTOR('',#3984,1.);
#3984 = DIRECTION('',(0.,0.,1.));
#3985 = ORIENTED_EDGE('',*,*,#3939,.T.);
#3986 = ORIENTED_EDGE('',*,*,#2299,.F.);
#3987 = ORIENTED_EDGE('',*,*,#3851,.T.);
#3988 = PLANE('',#3989);
#3989 = AXIS2_PLACEMENT_3D('',#3990,#3991,#3992);
#3990 = CARTESIAN_POINT('',(0.9,-2.101382841395E-16,2.126222487971));
#3991 = DIRECTION('',(1.,-2.334869823773E-16,0.));
#3992 = DIRECTION('',(0.,0.,1.));
#3993 = ADVANCED_FACE('',(#3994),#4005,.T.);
#3994 = FACE_BOUND('',#3995,.T.);
#3995 = EDGE_LOOP('',(#3996,#3997,#3998,#4004));
#3996 = ORIENTED_EDGE('',*,*,#2387,.T.);
#3997 = ORIENTED_EDGE('',*,*,#3956,.T.);
#3998 = ORIENTED_EDGE('',*,*,#3999,.F.);
#3999 = EDGE_CURVE('',#3884,#3957,#4000,.T.);
#4000 = LINE('',#4001,#4002);
#4001 = CARTESIAN_POINT('',(1.1,0.208333333333,3.608333333333));
#4002 = VECTOR('',#4003,1.);
#4003 = DIRECTION('',(-1.,2.334869823773E-16,0.));
#4004 = ORIENTED_EDGE('',*,*,#3883,.F.);
#4005 = PLANE('',#4006);
#4006 = AXIS2_PLACEMENT_3D('',#4007,#4008,#4009);
#4007 = CARTESIAN_POINT('',(1.1,0.25,3.65));
#4008 = DIRECTION('',(-1.651002285576E-16,-0.707106781187,0.707106781187
    ));
#4009 = DIRECTION('',(-1.651002285576E-16,-0.707106781187,
    -0.707106781187));
#4010 = ADVANCED_FACE('',(#4011),#4022,.T.);
#4011 = FACE_BOUND('',#4012,.T.);
#4012 = EDGE_LOOP('',(#4013,#4014,#4015,#4016));
#4013 = ORIENTED_EDGE('',*,*,#2563,.T.);
#4014 = ORIENTED_EDGE('',*,*,#2426,.T.);
#4015 = ORIENTED_EDGE('',*,*,#2451,.T.);
#4016 = ORIENTED_EDGE('',*,*,#4017,.T.);
#4017 = EDGE_CURVE('',#2452,#2556,#4018,.T.);
#4018 = LINE('',#4019,#4020);
#4019 = CARTESIAN_POINT('',(0.9,2.,1.));
#4020 = VECTOR('',#4021,1.);
#4021 = DIRECTION('',(2.334869823773E-16,1.,-0.));
#4022 = PLANE('',#4023);
#4023 = AXIS2_PLACEMENT_3D('',#4024,#4025,#4026);
#4024 = CARTESIAN_POINT('',(1.,2.,1.));
#4025 = DIRECTION('',(0.,0.,1.));
#4026 = DIRECTION('',(-2.334869823773E-16,-1.,0.));
#4027 = ADVANCED_FACE('',(#4028),#4039,.T.);
#4028 = FACE_BOUND('',#4029,.T.);
#4029 = EDGE_LOOP('',(#4030,#4031,#4037,#4038));
#4030 = ORIENTED_EDGE('',*,*,#2531,.T.);
#4031 = ORIENTED_EDGE('',*,*,#4032,.F.);
#4032 = EDGE_CURVE('',#2476,#2532,#4033,.T.);
#4033 = LINE('',#4034,#4035);
#4034 = CARTESIAN_POINT('',(1.1,2.,1.));
#4035 = VECTOR('',#4036,1.);
#4036 = DIRECTION('',(2.334869823773E-16,1.,-0.));
#4037 = ORIENTED_EDGE('',*,*,#2483,.T.);
#4038 = ORIENTED_EDGE('',*,*,#2506,.T.);
#4039 = PLANE('',#4040);
#4040 = AXIS2_PLACEMENT_3D('',#4041,#4042,#4043);
#4041 = CARTESIAN_POINT('',(1.,2.,1.));
#4042 = DIRECTION('',(0.,0.,1.));
#4043 = DIRECTION('',(-2.334869823773E-16,-1.,0.));
#4044 = ADVANCED_FACE('',(#4045),#4088,.T.);
#4045 = FACE_BOUND('',#4046,.T.);
#4046 = EDGE_LOOP('',(#4047,#4048,#4056,#4064,#4072,#4080,#4086,#4087));
#4047 = ORIENTED_EDGE('',*,*,#2539,.F.);
#4048 = ORIENTED_EDGE('',*,*,#4049,.T.);
#4049 = EDGE_CURVE('',#2540,#4050,#4052,.T.);
#4050 = VERTEX_POINT('',#4051);
#4051 = CARTESIAN_POINT('',(1.1,2.208333333333,3.608333333333));
#4052 = LINE('',#4053,#4054);
#4053 = CARTESIAN_POINT('',(1.1,2.25,3.65));
#4054 = VECTOR('',#4055,1.);
#4055 = DIRECTION('',(-1.651002285576E-16,-0.707106781187,
    -0.707106781187));
#4056 = ORIENTED_EDGE('',*,*,#4057,.T.);
#4057 = EDGE_CURVE('',#4050,#4058,#4060,.T.);
#4058 = VERTEX_POINT('',#4059);
#4059 = CARTESIAN_POINT('',(1.1,2.208333333333,1.308333333333));
#4060 = LINE('',#4061,#4062);
#4061 = CARTESIAN_POINT('',(1.1,2.208333333333,3.608333333333));
#4062 = VECTOR('',#4063,1.);
#4063 = DIRECTION('',(-0.,0.,-1.));
#4064 = ORIENTED_EDGE('',*,*,#4065,.T.);
#4065 = EDGE_CURVE('',#4058,#4066,#4068,.T.);
#4066 = VERTEX_POINT('',#4067);
#4067 = CARTESIAN_POINT('',(1.1,1.791666666667,1.308333333333));
#4068 = LINE('',#4069,#4070);
#4069 = CARTESIAN_POINT('',(1.1,2.208333333333,1.308333333333));
#4070 = VECTOR('',#4071,1.);
#4071 = DIRECTION('',(-2.334869823773E-16,-1.,0.));
#4072 = ORIENTED_EDGE('',*,*,#4073,.T.);
#4073 = EDGE_CURVE('',#4066,#4074,#4076,.T.);
#4074 = VERTEX_POINT('',#4075);
#4075 = CARTESIAN_POINT('',(1.1,1.791666666667,3.608333333333));
#4076 = LINE('',#4077,#4078);
#4077 = CARTESIAN_POINT('',(1.1,1.791666666667,1.308333333333));
#4078 = VECTOR('',#4079,1.);
#4079 = DIRECTION('',(0.,0.,1.));
#4080 = ORIENTED_EDGE('',*,*,#4081,.T.);
#4081 = EDGE_CURVE('',#4074,#2468,#4082,.T.);
#4082 = LINE('',#4083,#4084);
#4083 = CARTESIAN_POINT('',(1.1,1.791666666667,3.608333333333));
#4084 = VECTOR('',#4085,1.);
#4085 = DIRECTION('',(-1.651002285576E-16,-0.707106781187,0.707106781187
    ));
#4086 = ORIENTED_EDGE('',*,*,#2475,.F.);
#4087 = ORIENTED_EDGE('',*,*,#4032,.T.);
#4088 = PLANE('',#4089);
#4089 = AXIS2_PLACEMENT_3D('',#4090,#4091,#4092);
#4090 = CARTESIAN_POINT('',(1.1,2.,2.126222487971));
#4091 = DIRECTION('',(1.,-2.334869823773E-16,0.));
#4092 = DIRECTION('',(0.,0.,1.));
#4093 = ADVANCED_FACE('',(#4094),#4112,.T.);
#4094 = FACE_BOUND('',#4095,.T.);
#4095 = EDGE_LOOP('',(#4096,#4104,#4110,#4111));
#4096 = ORIENTED_EDGE('',*,*,#4097,.T.);
#4097 = EDGE_CURVE('',#4074,#4098,#4100,.T.);
#4098 = VERTEX_POINT('',#4099);
#4099 = CARTESIAN_POINT('',(0.9,1.791666666667,3.608333333333));
#4100 = LINE('',#4101,#4102);
#4101 = CARTESIAN_POINT('',(1.1,1.791666666667,3.608333333333));
#4102 = VECTOR('',#4103,1.);
#4103 = DIRECTION('',(-1.,2.334869823773E-16,0.));
#4104 = ORIENTED_EDGE('',*,*,#4105,.T.);
#4105 = EDGE_CURVE('',#4098,#2460,#4106,.T.);
#4106 = LINE('',#4107,#4108);
#4107 = CARTESIAN_POINT('',(0.9,1.791666666667,3.608333333333));
#4108 = VECTOR('',#4109,1.);
#4109 = DIRECTION('',(-1.651002285576E-16,-0.707106781187,0.707106781187
    ));
#4110 = ORIENTED_EDGE('',*,*,#2467,.F.);
#4111 = ORIENTED_EDGE('',*,*,#4081,.F.);
#4112 = PLANE('',#4113);
#4113 = AXIS2_PLACEMENT_3D('',#4114,#4115,#4116);
#4114 = CARTESIAN_POINT('',(1.1,1.791666666667,3.608333333333));
#4115 = DIRECTION('',(1.651002285576E-16,0.707106781187,0.707106781187)
  );
#4116 = DIRECTION('',(-1.651002285576E-16,-0.707106781187,0.707106781187
    ));
#4117 = ADVANCED_FACE('',(#4118),#4154,.F.);
#4118 = FACE_BOUND('',#4119,.F.);
#4119 = EDGE_LOOP('',(#4120,#4121,#4129,#4137,#4145,#4151,#4152,#4153));
#4120 = ORIENTED_EDGE('',*,*,#2555,.F.);
#4121 = ORIENTED_EDGE('',*,*,#4122,.T.);
#4122 = EDGE_CURVE('',#2548,#4123,#4125,.T.);
#4123 = VERTEX_POINT('',#4124);
#4124 = CARTESIAN_POINT('',(0.9,2.208333333333,3.608333333333));
#4125 = LINE('',#4126,#4127);
#4126 = CARTESIAN_POINT('',(0.9,2.25,3.65));
#4127 = VECTOR('',#4128,1.);
#4128 = DIRECTION('',(-1.651002285576E-16,-0.707106781187,
    -0.707106781187));
#4129 = ORIENTED_EDGE('',*,*,#4130,.T.);
#4130 = EDGE_CURVE('',#4123,#4131,#4133,.T.);
#4131 = VERTEX_POINT('',#4132);
#4132 = CARTESIAN_POINT('',(0.9,2.208333333333,1.308333333333));
#4133 = LINE('',#4134,#4135);
#4134 = CARTESIAN_POINT('',(0.9,2.208333333333,3.608333333333));
#4135 = VECTOR('',#4136,1.);
#4136 = DIRECTION('',(-0.,0.,-1.));
#4137 = ORIENTED_EDGE('',*,*,#4138,.T.);
#4138 = EDGE_CURVE('',#4131,#4139,#4141,.T.);
#4139 = VERTEX_POINT('',#4140);
#4140 = CARTESIAN_POINT('',(0.9,1.791666666667,1.308333333333));
#4141 = LINE('',#4142,#4143);
#4142 = CARTESIAN_POINT('',(0.9,2.208333333333,1.308333333333));
#4143 = VECTOR('',#4144,1.);
#4144 = DIRECTION('',(-2.334869823773E-16,-1.,0.));
#4145 = ORIENTED_EDGE('',*,*,#4146,.T.);
#4146 = EDGE_CURVE('',#4139,#4098,#4147,.T.);
#4147 = LINE('',#4148,#4149);
#4148 = CARTESIAN_POINT('',(0.9,1.791666666667,1.308333333333));
#4149 = VECTOR('',#4150,1.);
#4150 = DIRECTION('',(0.,0.,1.));
#4151 = ORIENTED_EDGE('',*,*,#4105,.T.);
#4152 = ORIENTED_EDGE('',*,*,#2459,.F.);
#4153 = ORIENTED_EDGE('',*,*,#4017,.T.);
#4154 = PLANE('',#4155);
#4155 = AXIS2_PLACEMENT_3D('',#4156,#4157,#4158);
#4156 = CARTESIAN_POINT('',(0.9,2.,2.126222487971));
#4157 = DIRECTION('',(1.,-2.334869823773E-16,0.));
#4158 = DIRECTION('',(0.,0.,1.));
#4159 = ADVANCED_FACE('',(#4160),#4171,.T.);
#4160 = FACE_BOUND('',#4161,.T.);
#4161 = EDGE_LOOP('',(#4162,#4163,#4164,#4170));
#4162 = ORIENTED_EDGE('',*,*,#2547,.T.);
#4163 = ORIENTED_EDGE('',*,*,#4122,.T.);
#4164 = ORIENTED_EDGE('',*,*,#4165,.F.);
#4165 = EDGE_CURVE('',#4050,#4123,#4166,.T.);
#4166 = LINE('',#4167,#4168);
#4167 = CARTESIAN_POINT('',(1.1,2.208333333333,3.608333333333));
#4168 = VECTOR('',#4169,1.);
#4169 = DIRECTION('',(-1.,2.334869823773E-16,0.));
#4170 = ORIENTED_EDGE('',*,*,#4049,.F.);
#4171 = PLANE('',#4172);
#4172 = AXIS2_PLACEMENT_3D('',#4173,#4174,#4175);
#4173 = CARTESIAN_POINT('',(1.1,2.25,3.65));
#4174 = DIRECTION('',(-1.651002285576E-16,-0.707106781187,0.707106781187
    ));
#4175 = DIRECTION('',(-1.651002285576E-16,-0.707106781187,
    -0.707106781187));
#4176 = ADVANCED_FACE('',(#4177),#4188,.T.);
#4177 = FACE_BOUND('',#4178,.T.);
#4178 = EDGE_LOOP('',(#4179,#4180,#4181,#4182));
#4179 = ORIENTED_EDGE('',*,*,#2723,.T.);
#4180 = ORIENTED_EDGE('',*,*,#2586,.T.);
#4181 = ORIENTED_EDGE('',*,*,#2611,.T.);
#4182 = ORIENTED_EDGE('',*,*,#4183,.T.);
#4183 = EDGE_CURVE('',#2612,#2716,#4184,.T.);
#4184 = LINE('',#4185,#4186);
#4185 = CARTESIAN_POINT('',(-0.9,-2.,1.));
#4186 = VECTOR('',#4187,1.);
#4187 = DIRECTION('',(-1.110223024625E-16,-1.,0.));
#4188 = PLANE('',#4189);
#4189 = AXIS2_PLACEMENT_3D('',#4190,#4191,#4192);
#4190 = CARTESIAN_POINT('',(-1.,-2.,1.));
#4191 = DIRECTION('',(0.,0.,1.));
#4192 = DIRECTION('',(1.110223024625E-16,1.,-0.));
#4193 = ADVANCED_FACE('',(#4194),#4205,.T.);
#4194 = FACE_BOUND('',#4195,.T.);
#4195 = EDGE_LOOP('',(#4196,#4197,#4203,#4204));
#4196 = ORIENTED_EDGE('',*,*,#2691,.T.);
#4197 = ORIENTED_EDGE('',*,*,#4198,.F.);
#4198 = EDGE_CURVE('',#2636,#2692,#4199,.T.);
#4199 = LINE('',#4200,#4201);
#4200 = CARTESIAN_POINT('',(-1.1,-2.,1.));
#4201 = VECTOR('',#4202,1.);
#4202 = DIRECTION('',(-1.110223024625E-16,-1.,0.));
#4203 = ORIENTED_EDGE('',*,*,#2643,.T.);
#4204 = ORIENTED_EDGE('',*,*,#2666,.T.);
#4205 = PLANE('',#4206);
#4206 = AXIS2_PLACEMENT_3D('',#4207,#4208,#4209);
#4207 = CARTESIAN_POINT('',(-1.,-2.,1.));
#4208 = DIRECTION('',(0.,0.,1.));
#4209 = DIRECTION('',(1.110223024625E-16,1.,-0.));
#4210 = ADVANCED_FACE('',(#4211),#4254,.T.);
#4211 = FACE_BOUND('',#4212,.T.);
#4212 = EDGE_LOOP('',(#4213,#4214,#4222,#4230,#4238,#4246,#4252,#4253));
#4213 = ORIENTED_EDGE('',*,*,#2699,.F.);
#4214 = ORIENTED_EDGE('',*,*,#4215,.T.);
#4215 = EDGE_CURVE('',#2700,#4216,#4218,.T.);
#4216 = VERTEX_POINT('',#4217);
#4217 = CARTESIAN_POINT('',(-1.1,-2.208333333333,3.608333333333));
#4218 = LINE('',#4219,#4220);
#4219 = CARTESIAN_POINT('',(-1.1,-2.25,3.65));
#4220 = VECTOR('',#4221,1.);
#4221 = DIRECTION('',(7.850462293414E-17,0.707106781187,-0.707106781187)
  );
#4222 = ORIENTED_EDGE('',*,*,#4223,.T.);
#4223 = EDGE_CURVE('',#4216,#4224,#4226,.T.);
#4224 = VERTEX_POINT('',#4225);
#4225 = CARTESIAN_POINT('',(-1.1,-2.208333333333,1.308333333333));
#4226 = LINE('',#4227,#4228);
#4227 = CARTESIAN_POINT('',(-1.1,-2.208333333333,3.608333333333));
#4228 = VECTOR('',#4229,1.);
#4229 = DIRECTION('',(0.,0.,-1.));
#4230 = ORIENTED_EDGE('',*,*,#4231,.T.);
#4231 = EDGE_CURVE('',#4224,#4232,#4234,.T.);
#4232 = VERTEX_POINT('',#4233);
#4233 = CARTESIAN_POINT('',(-1.1,-1.791666666667,1.308333333333));
#4234 = LINE('',#4235,#4236);
#4235 = CARTESIAN_POINT('',(-1.1,-2.208333333333,1.308333333333));
#4236 = VECTOR('',#4237,1.);
#4237 = DIRECTION('',(1.110223024625E-16,1.,0.));
#4238 = ORIENTED_EDGE('',*,*,#4239,.T.);
#4239 = EDGE_CURVE('',#4232,#4240,#4242,.T.);
#4240 = VERTEX_POINT('',#4241);
#4241 = CARTESIAN_POINT('',(-1.1,-1.791666666667,3.608333333333));
#4242 = LINE('',#4243,#4244);
#4243 = CARTESIAN_POINT('',(-1.1,-1.791666666667,1.308333333333));
#4244 = VECTOR('',#4245,1.);
#4245 = DIRECTION('',(0.,0.,1.));
#4246 = ORIENTED_EDGE('',*,*,#4247,.T.);
#4247 = EDGE_CURVE('',#4240,#2628,#4248,.T.);
#4248 = LINE('',#4249,#4250);
#4249 = CARTESIAN_POINT('',(-1.1,-1.791666666667,3.608333333333));
#4250 = VECTOR('',#4251,1.);
#4251 = DIRECTION('',(7.850462293414E-17,0.707106781187,0.707106781187)
  );
#4252 = ORIENTED_EDGE('',*,*,#2635,.F.);
#4253 = ORIENTED_EDGE('',*,*,#4198,.T.);
#4254 = PLANE('',#4255);
#4255 = AXIS2_PLACEMENT_3D('',#4256,#4257,#4258);
#4256 = CARTESIAN_POINT('',(-1.1,-2.,2.126222487971));
#4257 = DIRECTION('',(-1.,1.110223024625E-16,0.));
#4258 = DIRECTION('',(0.,0.,1.));
#4259 = ADVANCED_FACE('',(#4260),#4278,.T.);
#4260 = FACE_BOUND('',#4261,.T.);
#4261 = EDGE_LOOP('',(#4262,#4270,#4276,#4277));
#4262 = ORIENTED_EDGE('',*,*,#4263,.T.);
#4263 = EDGE_CURVE('',#4240,#4264,#4266,.T.);
#4264 = VERTEX_POINT('',#4265);
#4265 = CARTESIAN_POINT('',(-0.9,-1.791666666667,3.608333333333));
#4266 = LINE('',#4267,#4268);
#4267 = CARTESIAN_POINT('',(-1.1,-1.791666666667,3.608333333333));
#4268 = VECTOR('',#4269,1.);
#4269 = DIRECTION('',(1.,-1.110223024625E-16,0.));
#4270 = ORIENTED_EDGE('',*,*,#4271,.T.);
#4271 = EDGE_CURVE('',#4264,#2620,#4272,.T.);
#4272 = LINE('',#4273,#4274);
#4273 = CARTESIAN_POINT('',(-0.9,-1.791666666667,3.608333333333));
#4274 = VECTOR('',#4275,1.);
#4275 = DIRECTION('',(7.850462293414E-17,0.707106781187,0.707106781187)
  );
#4276 = ORIENTED_EDGE('',*,*,#2627,.F.);
#4277 = ORIENTED_EDGE('',*,*,#4247,.F.);
#4278 = PLANE('',#4279);
#4279 = AXIS2_PLACEMENT_3D('',#4280,#4281,#4282);
#4280 = CARTESIAN_POINT('',(-1.1,-1.791666666667,3.608333333333));
#4281 = DIRECTION('',(-7.850462293414E-17,-0.707106781187,0.707106781187
    ));
#4282 = DIRECTION('',(7.850462293414E-17,0.707106781187,0.707106781187)
  );
#4283 = ADVANCED_FACE('',(#4284),#4320,.F.);
#4284 = FACE_BOUND('',#4285,.F.);
#4285 = EDGE_LOOP('',(#4286,#4287,#4295,#4303,#4311,#4317,#4318,#4319));
#4286 = ORIENTED_EDGE('',*,*,#2715,.F.);
#4287 = ORIENTED_EDGE('',*,*,#4288,.T.);
#4288 = EDGE_CURVE('',#2708,#4289,#4291,.T.);
#4289 = VERTEX_POINT('',#4290);
#4290 = CARTESIAN_POINT('',(-0.9,-2.208333333333,3.608333333333));
#4291 = LINE('',#4292,#4293);
#4292 = CARTESIAN_POINT('',(-0.9,-2.25,3.65));
#4293 = VECTOR('',#4294,1.);
#4294 = DIRECTION('',(7.850462293414E-17,0.707106781187,-0.707106781187)
  );
#4295 = ORIENTED_EDGE('',*,*,#4296,.T.);
#4296 = EDGE_CURVE('',#4289,#4297,#4299,.T.);
#4297 = VERTEX_POINT('',#4298);
#4298 = CARTESIAN_POINT('',(-0.9,-2.208333333333,1.308333333333));
#4299 = LINE('',#4300,#4301);
#4300 = CARTESIAN_POINT('',(-0.9,-2.208333333333,3.608333333333));
#4301 = VECTOR('',#4302,1.);
#4302 = DIRECTION('',(0.,0.,-1.));
#4303 = ORIENTED_EDGE('',*,*,#4304,.T.);
#4304 = EDGE_CURVE('',#4297,#4305,#4307,.T.);
#4305 = VERTEX_POINT('',#4306);
#4306 = CARTESIAN_POINT('',(-0.9,-1.791666666667,1.308333333333));
#4307 = LINE('',#4308,#4309);
#4308 = CARTESIAN_POINT('',(-0.9,-2.208333333333,1.308333333333));
#4309 = VECTOR('',#4310,1.);
#4310 = DIRECTION('',(1.110223024625E-16,1.,0.));
#4311 = ORIENTED_EDGE('',*,*,#4312,.T.);
#4312 = EDGE_CURVE('',#4305,#4264,#4313,.T.);
#4313 = LINE('',#4314,#4315);
#4314 = CARTESIAN_POINT('',(-0.9,-1.791666666667,1.308333333333));
#4315 = VECTOR('',#4316,1.);
#4316 = DIRECTION('',(0.,0.,1.));
#4317 = ORIENTED_EDGE('',*,*,#4271,.T.);
#4318 = ORIENTED_EDGE('',*,*,#2619,.F.);
#4319 = ORIENTED_EDGE('',*,*,#4183,.T.);
#4320 = PLANE('',#4321);
#4321 = AXIS2_PLACEMENT_3D('',#4322,#4323,#4324);
#4322 = CARTESIAN_POINT('',(-0.9,-2.,2.126222487971));
#4323 = DIRECTION('',(-1.,1.110223024625E-16,0.));
#4324 = DIRECTION('',(0.,0.,1.));
#4325 = ADVANCED_FACE('',(#4326),#4337,.T.);
#4326 = FACE_BOUND('',#4327,.T.);
#4327 = EDGE_LOOP('',(#4328,#4329,#4330,#4336));
#4328 = ORIENTED_EDGE('',*,*,#2707,.T.);
#4329 = ORIENTED_EDGE('',*,*,#4288,.T.);
#4330 = ORIENTED_EDGE('',*,*,#4331,.F.);
#4331 = EDGE_CURVE('',#4216,#4289,#4332,.T.);
#4332 = LINE('',#4333,#4334);
#4333 = CARTESIAN_POINT('',(-1.1,-2.208333333333,3.608333333333));
#4334 = VECTOR('',#4335,1.);
#4335 = DIRECTION('',(1.,-1.110223024625E-16,0.));
#4336 = ORIENTED_EDGE('',*,*,#4215,.F.);
#4337 = PLANE('',#4338);
#4338 = AXIS2_PLACEMENT_3D('',#4339,#4340,#4341);
#4339 = CARTESIAN_POINT('',(-1.1,-2.25,3.65));
#4340 = DIRECTION('',(7.850462293414E-17,0.707106781187,0.707106781187)
  );
#4341 = DIRECTION('',(7.850462293414E-17,0.707106781187,-0.707106781187)
  );
#4342 = ADVANCED_FACE('',(#4343),#4354,.T.);
#4343 = FACE_BOUND('',#4344,.T.);
#4344 = EDGE_LOOP('',(#4345,#4346,#4347,#4348));
#4345 = ORIENTED_EDGE('',*,*,#2883,.T.);
#4346 = ORIENTED_EDGE('',*,*,#2746,.T.);
#4347 = ORIENTED_EDGE('',*,*,#2771,.T.);
#4348 = ORIENTED_EDGE('',*,*,#4349,.T.);
#4349 = EDGE_CURVE('',#2772,#2876,#4350,.T.);
#4350 = LINE('',#4351,#4352);
#4351 = CARTESIAN_POINT('',(-0.9,9.992007221626E-17,1.));
#4352 = VECTOR('',#4353,1.);
#4353 = DIRECTION('',(-1.110223024625E-16,-1.,0.));
#4354 = PLANE('',#4355);
#4355 = AXIS2_PLACEMENT_3D('',#4356,#4357,#4358);
#4356 = CARTESIAN_POINT('',(-1.,1.110223024625E-16,1.));
#4357 = DIRECTION('',(0.,0.,1.));
#4358 = DIRECTION('',(1.110223024625E-16,1.,-0.));
#4359 = ADVANCED_FACE('',(#4360),#4371,.T.);
#4360 = FACE_BOUND('',#4361,.T.);
#4361 = EDGE_LOOP('',(#4362,#4363,#4369,#4370));
#4362 = ORIENTED_EDGE('',*,*,#2851,.T.);
#4363 = ORIENTED_EDGE('',*,*,#4364,.F.);
#4364 = EDGE_CURVE('',#2796,#2852,#4365,.T.);
#4365 = LINE('',#4366,#4367);
#4366 = CARTESIAN_POINT('',(-1.1,1.221245327088E-16,1.));
#4367 = VECTOR('',#4368,1.);
#4368 = DIRECTION('',(-1.110223024625E-16,-1.,0.));
#4369 = ORIENTED_EDGE('',*,*,#2803,.T.);
#4370 = ORIENTED_EDGE('',*,*,#2826,.T.);
#4371 = PLANE('',#4372);
#4372 = AXIS2_PLACEMENT_3D('',#4373,#4374,#4375);
#4373 = CARTESIAN_POINT('',(-1.,1.110223024625E-16,1.));
#4374 = DIRECTION('',(0.,0.,1.));
#4375 = DIRECTION('',(1.110223024625E-16,1.,-0.));
#4376 = ADVANCED_FACE('',(#4377),#4420,.T.);
#4377 = FACE_BOUND('',#4378,.T.);
#4378 = EDGE_LOOP('',(#4379,#4380,#4388,#4396,#4404,#4412,#4418,#4419));
#4379 = ORIENTED_EDGE('',*,*,#2859,.F.);
#4380 = ORIENTED_EDGE('',*,*,#4381,.T.);
#4381 = EDGE_CURVE('',#2860,#4382,#4384,.T.);
#4382 = VERTEX_POINT('',#4383);
#4383 = CARTESIAN_POINT('',(-1.1,-0.208333333333,3.608333333333));
#4384 = LINE('',#4385,#4386);
#4385 = CARTESIAN_POINT('',(-1.1,-0.25,3.65));
#4386 = VECTOR('',#4387,1.);
#4387 = DIRECTION('',(7.850462293414E-17,0.707106781187,-0.707106781187)
  );
#4388 = ORIENTED_EDGE('',*,*,#4389,.T.);
#4389 = EDGE_CURVE('',#4382,#4390,#4392,.T.);
#4390 = VERTEX_POINT('',#4391);
#4391 = CARTESIAN_POINT('',(-1.1,-0.208333333333,1.308333333333));
#4392 = LINE('',#4393,#4394);
#4393 = CARTESIAN_POINT('',(-1.1,-0.208333333333,3.608333333333));
#4394 = VECTOR('',#4395,1.);
#4395 = DIRECTION('',(0.,0.,-1.));
#4396 = ORIENTED_EDGE('',*,*,#4397,.T.);
#4397 = EDGE_CURVE('',#4390,#4398,#4400,.T.);
#4398 = VERTEX_POINT('',#4399);
#4399 = CARTESIAN_POINT('',(-1.1,0.208333333333,1.308333333333));
#4400 = LINE('',#4401,#4402);
#4401 = CARTESIAN_POINT('',(-1.1,-0.208333333333,1.308333333333));
#4402 = VECTOR('',#4403,1.);
#4403 = DIRECTION('',(1.110223024625E-16,1.,0.));
#4404 = ORIENTED_EDGE('',*,*,#4405,.T.);
#4405 = EDGE_CURVE('',#4398,#4406,#4408,.T.);
#4406 = VERTEX_POINT('',#4407);
#4407 = CARTESIAN_POINT('',(-1.1,0.208333333333,3.608333333333));
#4408 = LINE('',#4409,#4410);
#4409 = CARTESIAN_POINT('',(-1.1,0.208333333333,1.308333333333));
#4410 = VECTOR('',#4411,1.);
#4411 = DIRECTION('',(0.,0.,1.));
#4412 = ORIENTED_EDGE('',*,*,#4413,.T.);
#4413 = EDGE_CURVE('',#4406,#2788,#4414,.T.);
#4414 = LINE('',#4415,#4416);
#4415 = CARTESIAN_POINT('',(-1.1,0.208333333333,3.608333333333));
#4416 = VECTOR('',#4417,1.);
#4417 = DIRECTION('',(7.850462293414E-17,0.707106781187,0.707106781187)
  );
#4418 = ORIENTED_EDGE('',*,*,#2795,.F.);
#4419 = ORIENTED_EDGE('',*,*,#4364,.T.);
#4420 = PLANE('',#4421);
#4421 = AXIS2_PLACEMENT_3D('',#4422,#4423,#4424);
#4422 = CARTESIAN_POINT('',(-1.1,1.221245327088E-16,2.126222487971));
#4423 = DIRECTION('',(-1.,1.110223024625E-16,0.));
#4424 = DIRECTION('',(0.,0.,1.));
#4425 = ADVANCED_FACE('',(#4426),#4444,.T.);
#4426 = FACE_BOUND('',#4427,.T.);
#4427 = EDGE_LOOP('',(#4428,#4436,#4442,#4443));
#4428 = ORIENTED_EDGE('',*,*,#4429,.T.);
#4429 = EDGE_CURVE('',#4406,#4430,#4432,.T.);
#4430 = VERTEX_POINT('',#4431);
#4431 = CARTESIAN_POINT('',(-0.9,0.208333333333,3.608333333333));
#4432 = LINE('',#4433,#4434);
#4433 = CARTESIAN_POINT('',(-1.1,0.208333333333,3.608333333333));
#4434 = VECTOR('',#4435,1.);
#4435 = DIRECTION('',(1.,-1.110223024625E-16,0.));
#4436 = ORIENTED_EDGE('',*,*,#4437,.T.);
#4437 = EDGE_CURVE('',#4430,#2780,#4438,.T.);
#4438 = LINE('',#4439,#4440);
#4439 = CARTESIAN_POINT('',(-0.9,0.208333333333,3.608333333333));
#4440 = VECTOR('',#4441,1.);
#4441 = DIRECTION('',(7.850462293414E-17,0.707106781187,0.707106781187)
  );
#4442 = ORIENTED_EDGE('',*,*,#2787,.F.);
#4443 = ORIENTED_EDGE('',*,*,#4413,.F.);
#4444 = PLANE('',#4445);
#4445 = AXIS2_PLACEMENT_3D('',#4446,#4447,#4448);
#4446 = CARTESIAN_POINT('',(-1.1,0.208333333333,3.608333333333));
#4447 = DIRECTION('',(-7.850462293414E-17,-0.707106781187,0.707106781187
    ));
#4448 = DIRECTION('',(7.850462293414E-17,0.707106781187,0.707106781187)
  );
#4449 = ADVANCED_FACE('',(#4450),#4486,.F.);
#4450 = FACE_BOUND('',#4451,.F.);
#4451 = EDGE_LOOP('',(#4452,#4453,#4461,#4469,#4477,#4483,#4484,#4485));
#4452 = ORIENTED_EDGE('',*,*,#2875,.F.);
#4453 = ORIENTED_EDGE('',*,*,#4454,.T.);
#4454 = EDGE_CURVE('',#2868,#4455,#4457,.T.);
#4455 = VERTEX_POINT('',#4456);
#4456 = CARTESIAN_POINT('',(-0.9,-0.208333333333,3.608333333333));
#4457 = LINE('',#4458,#4459);
#4458 = CARTESIAN_POINT('',(-0.9,-0.25,3.65));
#4459 = VECTOR('',#4460,1.);
#4460 = DIRECTION('',(7.850462293414E-17,0.707106781187,-0.707106781187)
  );
#4461 = ORIENTED_EDGE('',*,*,#4462,.T.);
#4462 = EDGE_CURVE('',#4455,#4463,#4465,.T.);
#4463 = VERTEX_POINT('',#4464);
#4464 = CARTESIAN_POINT('',(-0.9,-0.208333333333,1.308333333333));
#4465 = LINE('',#4466,#4467);
#4466 = CARTESIAN_POINT('',(-0.9,-0.208333333333,3.608333333333));
#4467 = VECTOR('',#4468,1.);
#4468 = DIRECTION('',(0.,0.,-1.));
#4469 = ORIENTED_EDGE('',*,*,#4470,.T.);
#4470 = EDGE_CURVE('',#4463,#4471,#4473,.T.);
#4471 = VERTEX_POINT('',#4472);
#4472 = CARTESIAN_POINT('',(-0.9,0.208333333333,1.308333333333));
#4473 = LINE('',#4474,#4475);
#4474 = CARTESIAN_POINT('',(-0.9,-0.208333333333,1.308333333333));
#4475 = VECTOR('',#4476,1.);
#4476 = DIRECTION('',(1.110223024625E-16,1.,0.));
#4477 = ORIENTED_EDGE('',*,*,#4478,.T.);
#4478 = EDGE_CURVE('',#4471,#4430,#4479,.T.);
#4479 = LINE('',#4480,#4481);
#4480 = CARTESIAN_POINT('',(-0.9,0.208333333333,1.308333333333));
#4481 = VECTOR('',#4482,1.);
#4482 = DIRECTION('',(0.,0.,1.));
#4483 = ORIENTED_EDGE('',*,*,#4437,.T.);
#4484 = ORIENTED_EDGE('',*,*,#2779,.F.);
#4485 = ORIENTED_EDGE('',*,*,#4349,.T.);
#4486 = PLANE('',#4487);
#4487 = AXIS2_PLACEMENT_3D('',#4488,#4489,#4490);
#4488 = CARTESIAN_POINT('',(-0.9,9.992007221626E-17,2.126222487971));
#4489 = DIRECTION('',(-1.,1.110223024625E-16,0.));
#4490 = DIRECTION('',(0.,0.,1.));
#4491 = ADVANCED_FACE('',(#4492),#4503,.T.);
#4492 = FACE_BOUND('',#4493,.T.);
#4493 = EDGE_LOOP('',(#4494,#4495,#4496,#4502));
#4494 = ORIENTED_EDGE('',*,*,#2867,.T.);
#4495 = ORIENTED_EDGE('',*,*,#4454,.T.);
#4496 = ORIENTED_EDGE('',*,*,#4497,.F.);
#4497 = EDGE_CURVE('',#4382,#4455,#4498,.T.);
#4498 = LINE('',#4499,#4500);
#4499 = CARTESIAN_POINT('',(-1.1,-0.208333333333,3.608333333333));
#4500 = VECTOR('',#4501,1.);
#4501 = DIRECTION('',(1.,-1.110223024625E-16,0.));
#4502 = ORIENTED_EDGE('',*,*,#4381,.F.);
#4503 = PLANE('',#4504);
#4504 = AXIS2_PLACEMENT_3D('',#4505,#4506,#4507);
#4505 = CARTESIAN_POINT('',(-1.1,-0.25,3.65));
#4506 = DIRECTION('',(7.850462293414E-17,0.707106781187,0.707106781187)
  );
#4507 = DIRECTION('',(7.850462293414E-17,0.707106781187,-0.707106781187)
  );
#4508 = ADVANCED_FACE('',(#4509),#4520,.T.);
#4509 = FACE_BOUND('',#4510,.T.);
#4510 = EDGE_LOOP('',(#4511,#4512,#4513,#4514));
#4511 = ORIENTED_EDGE('',*,*,#3043,.T.);
#4512 = ORIENTED_EDGE('',*,*,#2906,.T.);
#4513 = ORIENTED_EDGE('',*,*,#2931,.T.);
#4514 = ORIENTED_EDGE('',*,*,#4515,.T.);
#4515 = EDGE_CURVE('',#2932,#3036,#4516,.T.);
#4516 = LINE('',#4517,#4518);
#4517 = CARTESIAN_POINT('',(-0.9,2.,1.));
#4518 = VECTOR('',#4519,1.);
#4519 = DIRECTION('',(-1.110223024625E-16,-1.,0.));
#4520 = PLANE('',#4521);
#4521 = AXIS2_PLACEMENT_3D('',#4522,#4523,#4524);
#4522 = CARTESIAN_POINT('',(-1.,2.,1.));
#4523 = DIRECTION('',(0.,0.,1.));
#4524 = DIRECTION('',(1.110223024625E-16,1.,-0.));
#4525 = ADVANCED_FACE('',(#4526),#4537,.T.);
#4526 = FACE_BOUND('',#4527,.T.);
#4527 = EDGE_LOOP('',(#4528,#4529,#4535,#4536));
#4528 = ORIENTED_EDGE('',*,*,#3011,.T.);
#4529 = ORIENTED_EDGE('',*,*,#4530,.F.);
#4530 = EDGE_CURVE('',#2956,#3012,#4531,.T.);
#4531 = LINE('',#4532,#4533);
#4532 = CARTESIAN_POINT('',(-1.1,2.,1.));
#4533 = VECTOR('',#4534,1.);
#4534 = DIRECTION('',(-1.110223024625E-16,-1.,0.));
#4535 = ORIENTED_EDGE('',*,*,#2963,.T.);
#4536 = ORIENTED_EDGE('',*,*,#2986,.T.);
#4537 = PLANE('',#4538);
#4538 = AXIS2_PLACEMENT_3D('',#4539,#4540,#4541);
#4539 = CARTESIAN_POINT('',(-1.,2.,1.));
#4540 = DIRECTION('',(0.,0.,1.));
#4541 = DIRECTION('',(1.110223024625E-16,1.,-0.));
#4542 = ADVANCED_FACE('',(#4543),#4586,.T.);
#4543 = FACE_BOUND('',#4544,.T.);
#4544 = EDGE_LOOP('',(#4545,#4546,#4554,#4562,#4570,#4578,#4584,#4585));
#4545 = ORIENTED_EDGE('',*,*,#3019,.F.);
#4546 = ORIENTED_EDGE('',*,*,#4547,.T.);
#4547 = EDGE_CURVE('',#3020,#4548,#4550,.T.);
#4548 = VERTEX_POINT('',#4549);
#4549 = CARTESIAN_POINT('',(-1.1,1.791666666667,3.608333333333));
#4550 = LINE('',#4551,#4552);
#4551 = CARTESIAN_POINT('',(-1.1,1.75,3.65));
#4552 = VECTOR('',#4553,1.);
#4553 = DIRECTION('',(7.850462293414E-17,0.707106781187,-0.707106781187)
  );
#4554 = ORIENTED_EDGE('',*,*,#4555,.T.);
#4555 = EDGE_CURVE('',#4548,#4556,#4558,.T.);
#4556 = VERTEX_POINT('',#4557);
#4557 = CARTESIAN_POINT('',(-1.1,1.791666666667,1.308333333333));
#4558 = LINE('',#4559,#4560);
#4559 = CARTESIAN_POINT('',(-1.1,1.791666666667,3.608333333333));
#4560 = VECTOR('',#4561,1.);
#4561 = DIRECTION('',(0.,0.,-1.));
#4562 = ORIENTED_EDGE('',*,*,#4563,.T.);
#4563 = EDGE_CURVE('',#4556,#4564,#4566,.T.);
#4564 = VERTEX_POINT('',#4565);
#4565 = CARTESIAN_POINT('',(-1.1,2.208333333333,1.308333333333));
#4566 = LINE('',#4567,#4568);
#4567 = CARTESIAN_POINT('',(-1.1,1.791666666667,1.308333333333));
#4568 = VECTOR('',#4569,1.);
#4569 = DIRECTION('',(1.110223024625E-16,1.,0.));
#4570 = ORIENTED_EDGE('',*,*,#4571,.T.);
#4571 = EDGE_CURVE('',#4564,#4572,#4574,.T.);
#4572 = VERTEX_POINT('',#4573);
#4573 = CARTESIAN_POINT('',(-1.1,2.208333333333,3.608333333333));
#4574 = LINE('',#4575,#4576);
#4575 = CARTESIAN_POINT('',(-1.1,2.208333333333,1.308333333333));
#4576 = VECTOR('',#4577,1.);
#4577 = DIRECTION('',(0.,0.,1.));
#4578 = ORIENTED_EDGE('',*,*,#4579,.T.);
#4579 = EDGE_CURVE('',#4572,#2948,#4580,.T.);
#4580 = LINE('',#4581,#4582);
#4581 = CARTESIAN_POINT('',(-1.1,2.208333333333,3.608333333333));
#4582 = VECTOR('',#4583,1.);
#4583 = DIRECTION('',(7.850462293414E-17,0.707106781187,0.707106781187)
  );
#4584 = ORIENTED_EDGE('',*,*,#2955,.F.);
#4585 = ORIENTED_EDGE('',*,*,#4530,.T.);
#4586 = PLANE('',#4587);
#4587 = AXIS2_PLACEMENT_3D('',#4588,#4589,#4590);
#4588 = CARTESIAN_POINT('',(-1.1,2.,2.126222487971));
#4589 = DIRECTION('',(-1.,1.110223024625E-16,0.));
#4590 = DIRECTION('',(0.,0.,1.));
#4591 = ADVANCED_FACE('',(#4592),#4610,.T.);
#4592 = FACE_BOUND('',#4593,.T.);
#4593 = EDGE_LOOP('',(#4594,#4602,#4608,#4609));
#4594 = ORIENTED_EDGE('',*,*,#4595,.T.);
#4595 = EDGE_CURVE('',#4572,#4596,#4598,.T.);
#4596 = VERTEX_POINT('',#4597);
#4597 = CARTESIAN_POINT('',(-0.9,2.208333333333,3.608333333333));
#4598 = LINE('',#4599,#4600);
#4599 = CARTESIAN_POINT('',(-1.1,2.208333333333,3.608333333333));
#4600 = VECTOR('',#4601,1.);
#4601 = DIRECTION('',(1.,-1.110223024625E-16,0.));
#4602 = ORIENTED_EDGE('',*,*,#4603,.T.);
#4603 = EDGE_CURVE('',#4596,#2940,#4604,.T.);
#4604 = LINE('',#4605,#4606);
#4605 = CARTESIAN_POINT('',(-0.9,2.208333333333,3.608333333333));
#4606 = VECTOR('',#4607,1.);
#4607 = DIRECTION('',(7.850462293414E-17,0.707106781187,0.707106781187)
  );
#4608 = ORIENTED_EDGE('',*,*,#2947,.F.);
#4609 = ORIENTED_EDGE('',*,*,#4579,.F.);
#4610 = PLANE('',#4611);
#4611 = AXIS2_PLACEMENT_3D('',#4612,#4613,#4614);
#4612 = CARTESIAN_POINT('',(-1.1,2.208333333333,3.608333333333));
#4613 = DIRECTION('',(-7.850462293414E-17,-0.707106781187,0.707106781187
    ));
#4614 = DIRECTION('',(7.850462293414E-17,0.707106781187,0.707106781187)
  );
#4615 = ADVANCED_FACE('',(#4616),#4652,.F.);
#4616 = FACE_BOUND('',#4617,.F.);
#4617 = EDGE_LOOP('',(#4618,#4619,#4627,#4635,#4643,#4649,#4650,#4651));
#4618 = ORIENTED_EDGE('',*,*,#3035,.F.);
#4619 = ORIENTED_EDGE('',*,*,#4620,.T.);
#4620 = EDGE_CURVE('',#3028,#4621,#4623,.T.);
#4621 = VERTEX_POINT('',#4622);
#4622 = CARTESIAN_POINT('',(-0.9,1.791666666667,3.608333333333));
#4623 = LINE('',#4624,#4625);
#4624 = CARTESIAN_POINT('',(-0.9,1.75,3.65));
#4625 = VECTOR('',#4626,1.);
#4626 = DIRECTION('',(7.850462293414E-17,0.707106781187,-0.707106781187)
  );
#4627 = ORIENTED_EDGE('',*,*,#4628,.T.);
#4628 = EDGE_CURVE('',#4621,#4629,#4631,.T.);
#4629 = VERTEX_POINT('',#4630);
#4630 = CARTESIAN_POINT('',(-0.9,1.791666666667,1.308333333333));
#4631 = LINE('',#4632,#4633);
#4632 = CARTESIAN_POINT('',(-0.9,1.791666666667,3.608333333333));
#4633 = VECTOR('',#4634,1.);
#4634 = DIRECTION('',(0.,0.,-1.));
#4635 = ORIENTED_EDGE('',*,*,#4636,.T.);
#4636 = EDGE_CURVE('',#4629,#4637,#4639,.T.);
#4637 = VERTEX_POINT('',#4638);
#4638 = CARTESIAN_POINT('',(-0.9,2.208333333333,1.308333333333));
#4639 = LINE('',#4640,#4641);
#4640 = CARTESIAN_POINT('',(-0.9,1.791666666667,1.308333333333));
#4641 = VECTOR('',#4642,1.);
#4642 = DIRECTION('',(1.110223024625E-16,1.,0.));
#4643 = ORIENTED_EDGE('',*,*,#4644,.T.);
#4644 = EDGE_CURVE('',#4637,#4596,#4645,.T.);
#4645 = LINE('',#4646,#4647);
#4646 = CARTESIAN_POINT('',(-0.9,2.208333333333,1.308333333333));
#4647 = VECTOR('',#4648,1.);
#4648 = DIRECTION('',(0.,0.,1.));
#4649 = ORIENTED_EDGE('',*,*,#4603,.T.);
#4650 = ORIENTED_EDGE('',*,*,#2939,.F.);
#4651 = ORIENTED_EDGE('',*,*,#4515,.T.);
#4652 = PLANE('',#4653);
#4653 = AXIS2_PLACEMENT_3D('',#4654,#4655,#4656);
#4654 = CARTESIAN_POINT('',(-0.9,2.,2.126222487971));
#4655 = DIRECTION('',(-1.,1.110223024625E-16,0.));
#4656 = DIRECTION('',(0.,0.,1.));
#4657 = ADVANCED_FACE('',(#4658),#4669,.T.);
#4658 = FACE_BOUND('',#4659,.T.);
#4659 = EDGE_LOOP('',(#4660,#4661,#4662,#4668));
#4660 = ORIENTED_EDGE('',*,*,#3027,.T.);
#4661 = ORIENTED_EDGE('',*,*,#4620,.T.);
#4662 = ORIENTED_EDGE('',*,*,#4663,.F.);
#4663 = EDGE_CURVE('',#4548,#4621,#4664,.T.);
#4664 = LINE('',#4665,#4666);
#4665 = CARTESIAN_POINT('',(-1.1,1.791666666667,3.608333333333));
#4666 = VECTOR('',#4667,1.);
#4667 = DIRECTION('',(1.,-1.110223024625E-16,0.));
#4668 = ORIENTED_EDGE('',*,*,#4547,.F.);
#4669 = PLANE('',#4670);
#4670 = AXIS2_PLACEMENT_3D('',#4671,#4672,#4673);
#4671 = CARTESIAN_POINT('',(-1.1,1.75,3.65));
#4672 = DIRECTION('',(7.850462293414E-17,0.707106781187,0.707106781187)
  );
#4673 = DIRECTION('',(7.850462293414E-17,0.707106781187,-0.707106781187)
  );
#4674 = ADVANCED_FACE('',(#4675),#4700,.T.);
#4675 = FACE_BOUND('',#4676,.T.);
#4676 = EDGE_LOOP('',(#4677,#4678,#4686,#4694));
#4677 = ORIENTED_EDGE('',*,*,#3069,.T.);
#4678 = ORIENTED_EDGE('',*,*,#4679,.T.);
#4679 = EDGE_CURVE('',#3070,#4680,#4682,.T.);
#4680 = VERTEX_POINT('',#4681);
#4681 = CARTESIAN_POINT('',(3.,-1.8,0.15));
#4682 = LINE('',#4683,#4684);
#4683 = CARTESIAN_POINT('',(1.2,-1.75,0.15));
#4684 = VECTOR('',#4685,1.);
#4685 = DIRECTION('',(0.999614420653,-2.776706724034E-02,0.));
#4686 = ORIENTED_EDGE('',*,*,#4687,.F.);
#4687 = EDGE_CURVE('',#4688,#4680,#4690,.T.);
#4688 = VERTEX_POINT('',#4689);
#4689 = CARTESIAN_POINT('',(3.,-1.8,-5.E-02));
#4690 = LINE('',#4691,#4692);
#4691 = CARTESIAN_POINT('',(3.,-1.8,-5.E-02));
#4692 = VECTOR('',#4693,1.);
#4693 = DIRECTION('',(0.,0.,1.));
#4694 = ORIENTED_EDGE('',*,*,#4695,.F.);
#4695 = EDGE_CURVE('',#3061,#4688,#4696,.T.);
#4696 = LINE('',#4697,#4698);
#4697 = CARTESIAN_POINT('',(1.2,-1.75,-5.E-02));
#4698 = VECTOR('',#4699,1.);
#4699 = DIRECTION('',(0.999614420653,-2.776706724034E-02,0.));
#4700 = PLANE('',#4701);
#4701 = AXIS2_PLACEMENT_3D('',#4702,#4703,#4704);
#4702 = CARTESIAN_POINT('',(1.2,-1.75,-5.E-02));
#4703 = DIRECTION('',(2.776706724034E-02,0.999614420653,0.));
#4704 = DIRECTION('',(0.999614420653,-2.776706724034E-02,0.));
#4705 = ADVANCED_FACE('',(#4706),#4725,.T.);
#4706 = FACE_BOUND('',#4707,.T.);
#4707 = EDGE_LOOP('',(#4708,#4709,#4718,#4724));
#4708 = ORIENTED_EDGE('',*,*,#4695,.T.);
#4709 = ORIENTED_EDGE('',*,*,#4710,.T.);
#4710 = EDGE_CURVE('',#4688,#4711,#4713,.T.);
#4711 = VERTEX_POINT('',#4712);
#4712 = CARTESIAN_POINT('',(3.,-2.2,-5.E-02));
#4713 = CIRCLE('',#4714,0.425);
#4714 = AXIS2_PLACEMENT_3D('',#4715,#4716,#4717);
#4715 = CARTESIAN_POINT('',(2.625,-2.,-5.E-02));
#4716 = DIRECTION('',(0.,0.,-1.));
#4717 = DIRECTION('',(0.882352941176,0.470588235294,0.));
#4718 = ORIENTED_EDGE('',*,*,#4719,.T.);
#4719 = EDGE_CURVE('',#4711,#3095,#4720,.T.);
#4720 = LINE('',#4721,#4722);
#4721 = CARTESIAN_POINT('',(3.,-2.2,-5.E-02));
#4722 = VECTOR('',#4723,1.);
#4723 = DIRECTION('',(-0.999614420653,-2.776706724034E-02,0.));
#4724 = ORIENTED_EDGE('',*,*,#3094,.T.);
#4725 = PLANE('',#4726);
#4726 = AXIS2_PLACEMENT_3D('',#4727,#4728,#4729);
#4727 = CARTESIAN_POINT('',(2.085697660708,-2.,-5.E-02));
#4728 = DIRECTION('',(0.,0.,-1.));
#4729 = DIRECTION('',(2.334869823773E-16,1.,0.));
#4730 = ADVANCED_FACE('',(#4731),#4749,.T.);
#4731 = FACE_BOUND('',#4732,.T.);
#4732 = EDGE_LOOP('',(#4733,#4741,#4747,#4748));
#4733 = ORIENTED_EDGE('',*,*,#4734,.T.);
#4734 = EDGE_CURVE('',#4711,#4735,#4737,.T.);
#4735 = VERTEX_POINT('',#4736);
#4736 = CARTESIAN_POINT('',(3.,-2.2,0.15));
#4737 = LINE('',#4738,#4739);
#4738 = CARTESIAN_POINT('',(3.,-2.2,-5.E-02));
#4739 = VECTOR('',#4740,1.);
#4740 = DIRECTION('',(0.,0.,1.));
#4741 = ORIENTED_EDGE('',*,*,#4742,.T.);
#4742 = EDGE_CURVE('',#4735,#3121,#4743,.T.);
#4743 = LINE('',#4744,#4745);
#4744 = CARTESIAN_POINT('',(3.,-2.2,0.15));
#4745 = VECTOR('',#4746,1.);
#4746 = DIRECTION('',(-0.999614420653,-2.776706724034E-02,0.));
#4747 = ORIENTED_EDGE('',*,*,#3129,.F.);
#4748 = ORIENTED_EDGE('',*,*,#4719,.F.);
#4749 = PLANE('',#4750);
#4750 = AXIS2_PLACEMENT_3D('',#4751,#4752,#4753);
#4751 = CARTESIAN_POINT('',(3.,-2.2,-5.E-02));
#4752 = DIRECTION('',(2.776706724034E-02,-0.999614420653,0.));
#4753 = DIRECTION('',(-0.999614420653,-2.776706724034E-02,0.));
#4754 = ADVANCED_FACE('',(#4755),#4767,.F.);
#4755 = FACE_BOUND('',#4756,.F.);
#4756 = EDGE_LOOP('',(#4757,#4758,#4765,#4766));
#4757 = ORIENTED_EDGE('',*,*,#4679,.T.);
#4758 = ORIENTED_EDGE('',*,*,#4759,.T.);
#4759 = EDGE_CURVE('',#4680,#4735,#4760,.T.);
#4760 = CIRCLE('',#4761,0.425);
#4761 = AXIS2_PLACEMENT_3D('',#4762,#4763,#4764);
#4762 = CARTESIAN_POINT('',(2.625,-2.,0.15));
#4763 = DIRECTION('',(0.,0.,-1.));
#4764 = DIRECTION('',(0.882352941176,0.470588235294,0.));
#4765 = ORIENTED_EDGE('',*,*,#4742,.T.);
#4766 = ORIENTED_EDGE('',*,*,#3145,.T.);
#4767 = PLANE('',#4768);
#4768 = AXIS2_PLACEMENT_3D('',#4769,#4770,#4771);
#4769 = CARTESIAN_POINT('',(2.085697660708,-2.,0.15));
#4770 = DIRECTION('',(0.,0.,-1.));
#4771 = DIRECTION('',(2.334869823773E-16,1.,0.));
#4772 = ADVANCED_FACE('',(#4773),#4798,.T.);
#4773 = FACE_BOUND('',#4774,.T.);
#4774 = EDGE_LOOP('',(#4775,#4776,#4784,#4792));
#4775 = ORIENTED_EDGE('',*,*,#3173,.T.);
#4776 = ORIENTED_EDGE('',*,*,#4777,.T.);
#4777 = EDGE_CURVE('',#3174,#4778,#4780,.T.);
#4778 = VERTEX_POINT('',#4779);
#4779 = CARTESIAN_POINT('',(3.,0.2,0.15));
#4780 = LINE('',#4781,#4782);
#4781 = CARTESIAN_POINT('',(1.2,0.25,0.15));
#4782 = VECTOR('',#4783,1.);
#4783 = DIRECTION('',(0.999614420653,-2.776706724034E-02,0.));
#4784 = ORIENTED_EDGE('',*,*,#4785,.F.);
#4785 = EDGE_CURVE('',#4786,#4778,#4788,.T.);
#4786 = VERTEX_POINT('',#4787);
#4787 = CARTESIAN_POINT('',(3.,0.2,-5.E-02));
#4788 = LINE('',#4789,#4790);
#4789 = CARTESIAN_POINT('',(3.,0.2,-5.E-02));
#4790 = VECTOR('',#4791,1.);
#4791 = DIRECTION('',(0.,0.,1.));
#4792 = ORIENTED_EDGE('',*,*,#4793,.F.);
#4793 = EDGE_CURVE('',#3165,#4786,#4794,.T.);
#4794 = LINE('',#4795,#4796);
#4795 = CARTESIAN_POINT('',(1.2,0.25,-5.E-02));
#4796 = VECTOR('',#4797,1.);
#4797 = DIRECTION('',(0.999614420653,-2.776706724034E-02,0.));
#4798 = PLANE('',#4799);
#4799 = AXIS2_PLACEMENT_3D('',#4800,#4801,#4802);
#4800 = CARTESIAN_POINT('',(1.2,0.25,-5.E-02));
#4801 = DIRECTION('',(2.776706724034E-02,0.999614420653,0.));
#4802 = DIRECTION('',(0.999614420653,-2.776706724034E-02,0.));
#4803 = ADVANCED_FACE('',(#4804),#4823,.T.);
#4804 = FACE_BOUND('',#4805,.T.);
#4805 = EDGE_LOOP('',(#4806,#4807,#4816,#4822));
#4806 = ORIENTED_EDGE('',*,*,#4793,.T.);
#4807 = ORIENTED_EDGE('',*,*,#4808,.T.);
#4808 = EDGE_CURVE('',#4786,#4809,#4811,.T.);
#4809 = VERTEX_POINT('',#4810);
#4810 = CARTESIAN_POINT('',(3.,-0.2,-5.E-02));
#4811 = CIRCLE('',#4812,0.425);
#4812 = AXIS2_PLACEMENT_3D('',#4813,#4814,#4815);
#4813 = CARTESIAN_POINT('',(2.625,-6.129033287403E-16,-5.E-02));
#4814 = DIRECTION('',(0.,0.,-1.));
#4815 = DIRECTION('',(0.882352941176,0.470588235294,0.));
#4816 = ORIENTED_EDGE('',*,*,#4817,.T.);
#4817 = EDGE_CURVE('',#4809,#3199,#4818,.T.);
#4818 = LINE('',#4819,#4820);
#4819 = CARTESIAN_POINT('',(3.,-0.2,-5.E-02));
#4820 = VECTOR('',#4821,1.);
#4821 = DIRECTION('',(-0.999614420653,-2.776706724034E-02,0.));
#4822 = ORIENTED_EDGE('',*,*,#3198,.T.);
#4823 = PLANE('',#4824);
#4824 = AXIS2_PLACEMENT_3D('',#4825,#4826,#4827);
#4825 = CARTESIAN_POINT('',(2.085697660708,-4.8698325295E-16,-5.E-02));
#4826 = DIRECTION('',(0.,0.,-1.));
#4827 = DIRECTION('',(2.334869823773E-16,1.,0.));
#4828 = ADVANCED_FACE('',(#4829),#4847,.T.);
#4829 = FACE_BOUND('',#4830,.T.);
#4830 = EDGE_LOOP('',(#4831,#4839,#4845,#4846));
#4831 = ORIENTED_EDGE('',*,*,#4832,.T.);
#4832 = EDGE_CURVE('',#4809,#4833,#4835,.T.);
#4833 = VERTEX_POINT('',#4834);
#4834 = CARTESIAN_POINT('',(3.,-0.2,0.15));
#4835 = LINE('',#4836,#4837);
#4836 = CARTESIAN_POINT('',(3.,-0.2,-5.E-02));
#4837 = VECTOR('',#4838,1.);
#4838 = DIRECTION('',(0.,0.,1.));
#4839 = ORIENTED_EDGE('',*,*,#4840,.T.);
#4840 = EDGE_CURVE('',#4833,#3225,#4841,.T.);
#4841 = LINE('',#4842,#4843);
#4842 = CARTESIAN_POINT('',(3.,-0.2,0.15));
#4843 = VECTOR('',#4844,1.);
#4844 = DIRECTION('',(-0.999614420653,-2.776706724034E-02,0.));
#4845 = ORIENTED_EDGE('',*,*,#3233,.F.);
#4846 = ORIENTED_EDGE('',*,*,#4817,.F.);
#4847 = PLANE('',#4848);
#4848 = AXIS2_PLACEMENT_3D('',#4849,#4850,#4851);
#4849 = CARTESIAN_POINT('',(3.,-0.2,-5.E-02));
#4850 = DIRECTION('',(2.776706724034E-02,-0.999614420653,0.));
#4851 = DIRECTION('',(-0.999614420653,-2.776706724034E-02,0.));
#4852 = ADVANCED_FACE('',(#4853),#4865,.F.);
#4853 = FACE_BOUND('',#4854,.F.);
#4854 = EDGE_LOOP('',(#4855,#4856,#4863,#4864));
#4855 = ORIENTED_EDGE('',*,*,#4777,.T.);
#4856 = ORIENTED_EDGE('',*,*,#4857,.T.);
#4857 = EDGE_CURVE('',#4778,#4833,#4858,.T.);
#4858 = CIRCLE('',#4859,0.425);
#4859 = AXIS2_PLACEMENT_3D('',#4860,#4861,#4862);
#4860 = CARTESIAN_POINT('',(2.625,-6.129033287403E-16,0.15));
#4861 = DIRECTION('',(0.,0.,-1.));
#4862 = DIRECTION('',(0.882352941176,0.470588235294,0.));
#4863 = ORIENTED_EDGE('',*,*,#4840,.T.);
#4864 = ORIENTED_EDGE('',*,*,#3249,.T.);
#4865 = PLANE('',#4866);
#4866 = AXIS2_PLACEMENT_3D('',#4867,#4868,#4869);
#4867 = CARTESIAN_POINT('',(2.085697660708,-4.8698325295E-16,0.15));
#4868 = DIRECTION('',(0.,0.,-1.));
#4869 = DIRECTION('',(2.334869823773E-16,1.,0.));
#4870 = ADVANCED_FACE('',(#4871),#4896,.T.);
#4871 = FACE_BOUND('',#4872,.T.);
#4872 = EDGE_LOOP('',(#4873,#4874,#4882,#4890));
#4873 = ORIENTED_EDGE('',*,*,#3277,.T.);
#4874 = ORIENTED_EDGE('',*,*,#4875,.T.);
#4875 = EDGE_CURVE('',#3278,#4876,#4878,.T.);
#4876 = VERTEX_POINT('',#4877);
#4877 = CARTESIAN_POINT('',(3.,2.2,0.15));
#4878 = LINE('',#4879,#4880);
#4879 = CARTESIAN_POINT('',(1.2,2.25,0.15));
#4880 = VECTOR('',#4881,1.);
#4881 = DIRECTION('',(0.999614420653,-2.776706724034E-02,0.));
#4882 = ORIENTED_EDGE('',*,*,#4883,.F.);
#4883 = EDGE_CURVE('',#4884,#4876,#4886,.T.);
#4884 = VERTEX_POINT('',#4885);
#4885 = CARTESIAN_POINT('',(3.,2.2,-5.E-02));
#4886 = LINE('',#4887,#4888);
#4887 = CARTESIAN_POINT('',(3.,2.2,-5.E-02));
#4888 = VECTOR('',#4889,1.);
#4889 = DIRECTION('',(0.,0.,1.));
#4890 = ORIENTED_EDGE('',*,*,#4891,.F.);
#4891 = EDGE_CURVE('',#3269,#4884,#4892,.T.);
#4892 = LINE('',#4893,#4894);
#4893 = CARTESIAN_POINT('',(1.2,2.25,-5.E-02));
#4894 = VECTOR('',#4895,1.);
#4895 = DIRECTION('',(0.999614420653,-2.776706724034E-02,0.));
#4896 = PLANE('',#4897);
#4897 = AXIS2_PLACEMENT_3D('',#4898,#4899,#4900);
#4898 = CARTESIAN_POINT('',(1.2,2.25,-5.E-02));
#4899 = DIRECTION('',(2.776706724034E-02,0.999614420653,0.));
#4900 = DIRECTION('',(0.999614420653,-2.776706724034E-02,0.));
#4901 = ADVANCED_FACE('',(#4902),#4921,.T.);
#4902 = FACE_BOUND('',#4903,.T.);
#4903 = EDGE_LOOP('',(#4904,#4905,#4914,#4920));
#4904 = ORIENTED_EDGE('',*,*,#4891,.T.);
#4905 = ORIENTED_EDGE('',*,*,#4906,.T.);
#4906 = EDGE_CURVE('',#4884,#4907,#4909,.T.);
#4907 = VERTEX_POINT('',#4908);
#4908 = CARTESIAN_POINT('',(3.,1.8,-5.E-02));
#4909 = CIRCLE('',#4910,0.425);
#4910 = AXIS2_PLACEMENT_3D('',#4911,#4912,#4913);
#4911 = CARTESIAN_POINT('',(2.625,2.,-5.E-02));
#4912 = DIRECTION('',(0.,0.,-1.));
#4913 = DIRECTION('',(0.882352941176,0.470588235294,0.));
#4914 = ORIENTED_EDGE('',*,*,#4915,.T.);
#4915 = EDGE_CURVE('',#4907,#3303,#4916,.T.);
#4916 = LINE('',#4917,#4918);
#4917 = CARTESIAN_POINT('',(3.,1.8,-5.E-02));
#4918 = VECTOR('',#4919,1.);
#4919 = DIRECTION('',(-0.999614420653,-2.776706724034E-02,0.));
#4920 = ORIENTED_EDGE('',*,*,#3302,.T.);
#4921 = PLANE('',#4922);
#4922 = AXIS2_PLACEMENT_3D('',#4923,#4924,#4925);
#4923 = CARTESIAN_POINT('',(2.085697660708,2.,-5.E-02));
#4924 = DIRECTION('',(0.,0.,-1.));
#4925 = DIRECTION('',(2.334869823773E-16,1.,0.));
#4926 = ADVANCED_FACE('',(#4927),#4945,.T.);
#4927 = FACE_BOUND('',#4928,.T.);
#4928 = EDGE_LOOP('',(#4929,#4937,#4943,#4944));
#4929 = ORIENTED_EDGE('',*,*,#4930,.T.);
#4930 = EDGE_CURVE('',#4907,#4931,#4933,.T.);
#4931 = VERTEX_POINT('',#4932);
#4932 = CARTESIAN_POINT('',(3.,1.8,0.15));
#4933 = LINE('',#4934,#4935);
#4934 = CARTESIAN_POINT('',(3.,1.8,-5.E-02));
#4935 = VECTOR('',#4936,1.);
#4936 = DIRECTION('',(0.,0.,1.));
#4937 = ORIENTED_EDGE('',*,*,#4938,.T.);
#4938 = EDGE_CURVE('',#4931,#3329,#4939,.T.);
#4939 = LINE('',#4940,#4941);
#4940 = CARTESIAN_POINT('',(3.,1.8,0.15));
#4941 = VECTOR('',#4942,1.);
#4942 = DIRECTION('',(-0.999614420653,-2.776706724034E-02,0.));
#4943 = ORIENTED_EDGE('',*,*,#3337,.F.);
#4944 = ORIENTED_EDGE('',*,*,#4915,.F.);
#4945 = PLANE('',#4946);
#4946 = AXIS2_PLACEMENT_3D('',#4947,#4948,#4949);
#4947 = CARTESIAN_POINT('',(3.,1.8,-5.E-02));
#4948 = DIRECTION('',(2.776706724034E-02,-0.999614420653,0.));
#4949 = DIRECTION('',(-0.999614420653,-2.776706724034E-02,0.));
#4950 = ADVANCED_FACE('',(#4951),#4963,.F.);
#4951 = FACE_BOUND('',#4952,.F.);
#4952 = EDGE_LOOP('',(#4953,#4954,#4961,#4962));
#4953 = ORIENTED_EDGE('',*,*,#4875,.T.);
#4954 = ORIENTED_EDGE('',*,*,#4955,.T.);
#4955 = EDGE_CURVE('',#4876,#4931,#4956,.T.);
#4956 = CIRCLE('',#4957,0.425);
#4957 = AXIS2_PLACEMENT_3D('',#4958,#4959,#4960);
#4958 = CARTESIAN_POINT('',(2.625,2.,0.15));
#4959 = DIRECTION('',(0.,0.,-1.));
#4960 = DIRECTION('',(0.882352941176,0.470588235294,0.));
#4961 = ORIENTED_EDGE('',*,*,#4938,.T.);
#4962 = ORIENTED_EDGE('',*,*,#3353,.T.);
#4963 = PLANE('',#4964);
#4964 = AXIS2_PLACEMENT_3D('',#4965,#4966,#4967);
#4965 = CARTESIAN_POINT('',(2.085697660708,2.,0.15));
#4966 = DIRECTION('',(0.,0.,-1.));
#4967 = DIRECTION('',(2.334869823773E-16,1.,0.));
#4968 = ADVANCED_FACE('',(#4969),#4994,.T.);
#4969 = FACE_BOUND('',#4970,.T.);
#4970 = EDGE_LOOP('',(#4971,#4972,#4980,#4988));
#4971 = ORIENTED_EDGE('',*,*,#3381,.T.);
#4972 = ORIENTED_EDGE('',*,*,#4973,.T.);
#4973 = EDGE_CURVE('',#3382,#4974,#4976,.T.);
#4974 = VERTEX_POINT('',#4975);
#4975 = CARTESIAN_POINT('',(-3.,-2.2,0.15));
#4976 = LINE('',#4977,#4978);
#4977 = CARTESIAN_POINT('',(-1.2,-2.25,0.15));
#4978 = VECTOR('',#4979,1.);
#4979 = DIRECTION('',(-0.999614420653,2.776706724034E-02,0.));
#4980 = ORIENTED_EDGE('',*,*,#4981,.F.);
#4981 = EDGE_CURVE('',#4982,#4974,#4984,.T.);
#4982 = VERTEX_POINT('',#4983);
#4983 = CARTESIAN_POINT('',(-3.,-2.2,-5.E-02));
#4984 = LINE('',#4985,#4986);
#4985 = CARTESIAN_POINT('',(-3.,-2.2,-5.E-02));
#4986 = VECTOR('',#4987,1.);
#4987 = DIRECTION('',(0.,0.,1.));
#4988 = ORIENTED_EDGE('',*,*,#4989,.F.);
#4989 = EDGE_CURVE('',#3373,#4982,#4990,.T.);
#4990 = LINE('',#4991,#4992);
#4991 = CARTESIAN_POINT('',(-1.2,-2.25,-5.E-02));
#4992 = VECTOR('',#4993,1.);
#4993 = DIRECTION('',(-0.999614420653,2.776706724034E-02,0.));
#4994 = PLANE('',#4995);
#4995 = AXIS2_PLACEMENT_3D('',#4996,#4997,#4998);
#4996 = CARTESIAN_POINT('',(-1.2,-2.25,-5.E-02));
#4997 = DIRECTION('',(-2.776706724034E-02,-0.999614420653,0.));
#4998 = DIRECTION('',(-0.999614420653,2.776706724034E-02,0.));
#4999 = ADVANCED_FACE('',(#5000),#5019,.T.);
#5000 = FACE_BOUND('',#5001,.T.);
#5001 = EDGE_LOOP('',(#5002,#5003,#5012,#5018));
#5002 = ORIENTED_EDGE('',*,*,#4989,.T.);
#5003 = ORIENTED_EDGE('',*,*,#5004,.T.);
#5004 = EDGE_CURVE('',#4982,#5005,#5007,.T.);
#5005 = VERTEX_POINT('',#5006);
#5006 = CARTESIAN_POINT('',(-3.,-1.8,-5.E-02));
#5007 = CIRCLE('',#5008,0.425);
#5008 = AXIS2_PLACEMENT_3D('',#5009,#5010,#5011);
#5009 = CARTESIAN_POINT('',(-2.625,-2.,-5.E-02));
#5010 = DIRECTION('',(-0.,0.,-1.));
#5011 = DIRECTION('',(-0.882352941176,-0.470588235294,0.));
#5012 = ORIENTED_EDGE('',*,*,#5013,.T.);
#5013 = EDGE_CURVE('',#5005,#3407,#5014,.T.);
#5014 = LINE('',#5015,#5016);
#5015 = CARTESIAN_POINT('',(-3.,-1.8,-5.E-02));
#5016 = VECTOR('',#5017,1.);
#5017 = DIRECTION('',(0.999614420653,2.776706724034E-02,0.));
#5018 = ORIENTED_EDGE('',*,*,#3406,.T.);
#5019 = PLANE('',#5020);
#5020 = AXIS2_PLACEMENT_3D('',#5021,#5022,#5023);
#5021 = CARTESIAN_POINT('',(-2.085697660708,-2.,-5.E-02));
#5022 = DIRECTION('',(0.,-0.,-1.));
#5023 = DIRECTION('',(-1.110223024625E-16,-1.,0.));
#5024 = ADVANCED_FACE('',(#5025),#5043,.T.);
#5025 = FACE_BOUND('',#5026,.T.);
#5026 = EDGE_LOOP('',(#5027,#5035,#5041,#5042));
#5027 = ORIENTED_EDGE('',*,*,#5028,.T.);
#5028 = EDGE_CURVE('',#5005,#5029,#5031,.T.);
#5029 = VERTEX_POINT('',#5030);
#5030 = CARTESIAN_POINT('',(-3.,-1.8,0.15));
#5031 = LINE('',#5032,#5033);
#5032 = CARTESIAN_POINT('',(-3.,-1.8,-5.E-02));
#5033 = VECTOR('',#5034,1.);
#5034 = DIRECTION('',(0.,0.,1.));
#5035 = ORIENTED_EDGE('',*,*,#5036,.T.);
#5036 = EDGE_CURVE('',#5029,#3433,#5037,.T.);
#5037 = LINE('',#5038,#5039);
#5038 = CARTESIAN_POINT('',(-3.,-1.8,0.15));
#5039 = VECTOR('',#5040,1.);
#5040 = DIRECTION('',(0.999614420653,2.776706724034E-02,0.));
#5041 = ORIENTED_EDGE('',*,*,#3441,.F.);
#5042 = ORIENTED_EDGE('',*,*,#5013,.F.);
#5043 = PLANE('',#5044);
#5044 = AXIS2_PLACEMENT_3D('',#5045,#5046,#5047);
#5045 = CARTESIAN_POINT('',(-3.,-1.8,-5.E-02));
#5046 = DIRECTION('',(-2.776706724034E-02,0.999614420653,0.));
#5047 = DIRECTION('',(0.999614420653,2.776706724034E-02,0.));
#5048 = ADVANCED_FACE('',(#5049),#5061,.F.);
#5049 = FACE_BOUND('',#5050,.F.);
#5050 = EDGE_LOOP('',(#5051,#5052,#5059,#5060));
#5051 = ORIENTED_EDGE('',*,*,#4973,.T.);
#5052 = ORIENTED_EDGE('',*,*,#5053,.T.);
#5053 = EDGE_CURVE('',#4974,#5029,#5054,.T.);
#5054 = CIRCLE('',#5055,0.425);
#5055 = AXIS2_PLACEMENT_3D('',#5056,#5057,#5058);
#5056 = CARTESIAN_POINT('',(-2.625,-2.,0.15));
#5057 = DIRECTION('',(-0.,0.,-1.));
#5058 = DIRECTION('',(-0.882352941176,-0.470588235294,0.));
#5059 = ORIENTED_EDGE('',*,*,#5036,.T.);
#5060 = ORIENTED_EDGE('',*,*,#3457,.T.);
#5061 = PLANE('',#5062);
#5062 = AXIS2_PLACEMENT_3D('',#5063,#5064,#5065);
#5063 = CARTESIAN_POINT('',(-2.085697660708,-2.,0.15));
#5064 = DIRECTION('',(0.,-0.,-1.));
#5065 = DIRECTION('',(-1.110223024625E-16,-1.,0.));
#5066 = ADVANCED_FACE('',(#5067),#5092,.T.);
#5067 = FACE_BOUND('',#5068,.T.);
#5068 = EDGE_LOOP('',(#5069,#5070,#5078,#5086));
#5069 = ORIENTED_EDGE('',*,*,#3485,.T.);
#5070 = ORIENTED_EDGE('',*,*,#5071,.T.);
#5071 = EDGE_CURVE('',#3486,#5072,#5074,.T.);
#5072 = VERTEX_POINT('',#5073);
#5073 = CARTESIAN_POINT('',(-3.,-0.2,0.15));
#5074 = LINE('',#5075,#5076);
#5075 = CARTESIAN_POINT('',(-1.2,-0.25,0.15));
#5076 = VECTOR('',#5077,1.);
#5077 = DIRECTION('',(-0.999614420653,2.776706724034E-02,0.));
#5078 = ORIENTED_EDGE('',*,*,#5079,.F.);
#5079 = EDGE_CURVE('',#5080,#5072,#5082,.T.);
#5080 = VERTEX_POINT('',#5081);
#5081 = CARTESIAN_POINT('',(-3.,-0.2,-5.E-02));
#5082 = LINE('',#5083,#5084);
#5083 = CARTESIAN_POINT('',(-3.,-0.2,-5.E-02));
#5084 = VECTOR('',#5085,1.);
#5085 = DIRECTION('',(0.,0.,1.));
#5086 = ORIENTED_EDGE('',*,*,#5087,.F.);
#5087 = EDGE_CURVE('',#3477,#5080,#5088,.T.);
#5088 = LINE('',#5089,#5090);
#5089 = CARTESIAN_POINT('',(-1.2,-0.25,-5.E-02));
#5090 = VECTOR('',#5091,1.);
#5091 = DIRECTION('',(-0.999614420653,2.776706724034E-02,0.));
#5092 = PLANE('',#5093);
#5093 = AXIS2_PLACEMENT_3D('',#5094,#5095,#5096);
#5094 = CARTESIAN_POINT('',(-1.2,-0.25,-5.E-02));
#5095 = DIRECTION('',(-2.776706724034E-02,-0.999614420653,0.));
#5096 = DIRECTION('',(-0.999614420653,2.776706724034E-02,0.));
#5097 = ADVANCED_FACE('',(#5098),#5117,.T.);
#5098 = FACE_BOUND('',#5099,.T.);
#5099 = EDGE_LOOP('',(#5100,#5101,#5110,#5116));
#5100 = ORIENTED_EDGE('',*,*,#5087,.T.);
#5101 = ORIENTED_EDGE('',*,*,#5102,.T.);
#5102 = EDGE_CURVE('',#5080,#5103,#5105,.T.);
#5103 = VERTEX_POINT('',#5104);
#5104 = CARTESIAN_POINT('',(-3.,0.2,-5.E-02));
#5105 = CIRCLE('',#5106,0.425);
#5106 = AXIS2_PLACEMENT_3D('',#5107,#5108,#5109);
#5107 = CARTESIAN_POINT('',(-2.625,2.914335439641E-16,-5.E-02));
#5108 = DIRECTION('',(-0.,0.,-1.));
#5109 = DIRECTION('',(-0.882352941176,-0.470588235294,0.));
#5110 = ORIENTED_EDGE('',*,*,#5111,.T.);
#5111 = EDGE_CURVE('',#5103,#3511,#5112,.T.);
#5112 = LINE('',#5113,#5114);
#5113 = CARTESIAN_POINT('',(-3.,0.2,-5.E-02));
#5114 = VECTOR('',#5115,1.);
#5115 = DIRECTION('',(0.999614420653,2.776706724034E-02,0.));
#5116 = ORIENTED_EDGE('',*,*,#3510,.T.);
#5117 = PLANE('',#5118);
#5118 = AXIS2_PLACEMENT_3D('',#5119,#5120,#5121);
#5119 = CARTESIAN_POINT('',(-2.085697660708,2.315589565325E-16,-5.E-02)
  );
#5120 = DIRECTION('',(0.,-0.,-1.));
#5121 = DIRECTION('',(-1.110223024625E-16,-1.,0.));
#5122 = ADVANCED_FACE('',(#5123),#5141,.T.);
#5123 = FACE_BOUND('',#5124,.T.);
#5124 = EDGE_LOOP('',(#5125,#5133,#5139,#5140));
#5125 = ORIENTED_EDGE('',*,*,#5126,.T.);
#5126 = EDGE_CURVE('',#5103,#5127,#5129,.T.);
#5127 = VERTEX_POINT('',#5128);
#5128 = CARTESIAN_POINT('',(-3.,0.2,0.15));
#5129 = LINE('',#5130,#5131);
#5130 = CARTESIAN_POINT('',(-3.,0.2,-5.E-02));
#5131 = VECTOR('',#5132,1.);
#5132 = DIRECTION('',(0.,0.,1.));
#5133 = ORIENTED_EDGE('',*,*,#5134,.T.);
#5134 = EDGE_CURVE('',#5127,#3537,#5135,.T.);
#5135 = LINE('',#5136,#5137);
#5136 = CARTESIAN_POINT('',(-3.,0.2,0.15));
#5137 = VECTOR('',#5138,1.);
#5138 = DIRECTION('',(0.999614420653,2.776706724034E-02,0.));
#5139 = ORIENTED_EDGE('',*,*,#3545,.F.);
#5140 = ORIENTED_EDGE('',*,*,#5111,.F.);
#5141 = PLANE('',#5142);
#5142 = AXIS2_PLACEMENT_3D('',#5143,#5144,#5145);
#5143 = CARTESIAN_POINT('',(-3.,0.2,-5.E-02));
#5144 = DIRECTION('',(-2.776706724034E-02,0.999614420653,0.));
#5145 = DIRECTION('',(0.999614420653,2.776706724034E-02,0.));
#5146 = ADVANCED_FACE('',(#5147),#5159,.F.);
#5147 = FACE_BOUND('',#5148,.F.);
#5148 = EDGE_LOOP('',(#5149,#5150,#5157,#5158));
#5149 = ORIENTED_EDGE('',*,*,#5071,.T.);
#5150 = ORIENTED_EDGE('',*,*,#5151,.T.);
#5151 = EDGE_CURVE('',#5072,#5127,#5152,.T.);
#5152 = CIRCLE('',#5153,0.425);
#5153 = AXIS2_PLACEMENT_3D('',#5154,#5155,#5156);
#5154 = CARTESIAN_POINT('',(-2.625,2.914335439641E-16,0.15));
#5155 = DIRECTION('',(-0.,0.,-1.));
#5156 = DIRECTION('',(-0.882352941176,-0.470588235294,0.));
#5157 = ORIENTED_EDGE('',*,*,#5134,.T.);
#5158 = ORIENTED_EDGE('',*,*,#3561,.T.);
#5159 = PLANE('',#5160);
#5160 = AXIS2_PLACEMENT_3D('',#5161,#5162,#5163);
#5161 = CARTESIAN_POINT('',(-2.085697660708,2.315589565325E-16,0.15));
#5162 = DIRECTION('',(0.,-0.,-1.));
#5163 = DIRECTION('',(-1.110223024625E-16,-1.,0.));
#5164 = ADVANCED_FACE('',(#5165),#5190,.T.);
#5165 = FACE_BOUND('',#5166,.T.);
#5166 = EDGE_LOOP('',(#5167,#5168,#5176,#5184));
#5167 = ORIENTED_EDGE('',*,*,#3589,.T.);
#5168 = ORIENTED_EDGE('',*,*,#5169,.T.);
#5169 = EDGE_CURVE('',#3590,#5170,#5172,.T.);
#5170 = VERTEX_POINT('',#5171);
#5171 = CARTESIAN_POINT('',(-3.,1.8,0.15));
#5172 = LINE('',#5173,#5174);
#5173 = CARTESIAN_POINT('',(-1.2,1.75,0.15));
#5174 = VECTOR('',#5175,1.);
#5175 = DIRECTION('',(-0.999614420653,2.776706724034E-02,0.));
#5176 = ORIENTED_EDGE('',*,*,#5177,.F.);
#5177 = EDGE_CURVE('',#5178,#5170,#5180,.T.);
#5178 = VERTEX_POINT('',#5179);
#5179 = CARTESIAN_POINT('',(-3.,1.8,-5.E-02));
#5180 = LINE('',#5181,#5182);
#5181 = CARTESIAN_POINT('',(-3.,1.8,-5.E-02));
#5182 = VECTOR('',#5183,1.);
#5183 = DIRECTION('',(0.,0.,1.));
#5184 = ORIENTED_EDGE('',*,*,#5185,.F.);
#5185 = EDGE_CURVE('',#3581,#5178,#5186,.T.);
#5186 = LINE('',#5187,#5188);
#5187 = CARTESIAN_POINT('',(-1.2,1.75,-5.E-02));
#5188 = VECTOR('',#5189,1.);
#5189 = DIRECTION('',(-0.999614420653,2.776706724034E-02,0.));
#5190 = PLANE('',#5191);
#5191 = AXIS2_PLACEMENT_3D('',#5192,#5193,#5194);
#5192 = CARTESIAN_POINT('',(-1.2,1.75,-5.E-02));
#5193 = DIRECTION('',(-2.776706724034E-02,-0.999614420653,0.));
#5194 = DIRECTION('',(-0.999614420653,2.776706724034E-02,0.));
#5195 = ADVANCED_FACE('',(#5196),#5215,.T.);
#5196 = FACE_BOUND('',#5197,.T.);
#5197 = EDGE_LOOP('',(#5198,#5199,#5208,#5214));
#5198 = ORIENTED_EDGE('',*,*,#5185,.T.);
#5199 = ORIENTED_EDGE('',*,*,#5200,.T.);
#5200 = EDGE_CURVE('',#5178,#5201,#5203,.T.);
#5201 = VERTEX_POINT('',#5202);
#5202 = CARTESIAN_POINT('',(-3.,2.2,-5.E-02));
#5203 = CIRCLE('',#5204,0.425);
#5204 = AXIS2_PLACEMENT_3D('',#5205,#5206,#5207);
#5205 = CARTESIAN_POINT('',(-2.625,2.,-5.E-02));
#5206 = DIRECTION('',(-0.,0.,-1.));
#5207 = DIRECTION('',(-0.882352941176,-0.470588235294,0.));
#5208 = ORIENTED_EDGE('',*,*,#5209,.T.);
#5209 = EDGE_CURVE('',#5201,#3615,#5210,.T.);
#5210 = LINE('',#5211,#5212);
#5211 = CARTESIAN_POINT('',(-3.,2.2,-5.E-02));
#5212 = VECTOR('',#5213,1.);
#5213 = DIRECTION('',(0.999614420653,2.776706724034E-02,0.));
#5214 = ORIENTED_EDGE('',*,*,#3614,.T.);
#5215 = PLANE('',#5216);
#5216 = AXIS2_PLACEMENT_3D('',#5217,#5218,#5219);
#5217 = CARTESIAN_POINT('',(-2.085697660708,2.,-5.E-02));
#5218 = DIRECTION('',(0.,-0.,-1.));
#5219 = DIRECTION('',(-1.110223024625E-16,-1.,0.));
#5220 = ADVANCED_FACE('',(#5221),#5239,.T.);
#5221 = FACE_BOUND('',#5222,.T.);
#5222 = EDGE_LOOP('',(#5223,#5231,#5237,#5238));
#5223 = ORIENTED_EDGE('',*,*,#5224,.T.);
#5224 = EDGE_CURVE('',#5201,#5225,#5227,.T.);
#5225 = VERTEX_POINT('',#5226);
#5226 = CARTESIAN_POINT('',(-3.,2.2,0.15));
#5227 = LINE('',#5228,#5229);
#5228 = CARTESIAN_POINT('',(-3.,2.2,-5.E-02));
#5229 = VECTOR('',#5230,1.);
#5230 = DIRECTION('',(0.,0.,1.));
#5231 = ORIENTED_EDGE('',*,*,#5232,.T.);
#5232 = EDGE_CURVE('',#5225,#3641,#5233,.T.);
#5233 = LINE('',#5234,#5235);
#5234 = CARTESIAN_POINT('',(-3.,2.2,0.15));
#5235 = VECTOR('',#5236,1.);
#5236 = DIRECTION('',(0.999614420653,2.776706724034E-02,0.));
#5237 = ORIENTED_EDGE('',*,*,#3649,.F.);
#5238 = ORIENTED_EDGE('',*,*,#5209,.F.);
#5239 = PLANE('',#5240);
#5240 = AXIS2_PLACEMENT_3D('',#5241,#5242,#5243);
#5241 = CARTESIAN_POINT('',(-3.,2.2,-5.E-02));
#5242 = DIRECTION('',(-2.776706724034E-02,0.999614420653,0.));
#5243 = DIRECTION('',(0.999614420653,2.776706724034E-02,0.));
#5244 = ADVANCED_FACE('',(#5245),#5257,.F.);
#5245 = FACE_BOUND('',#5246,.F.);
#5246 = EDGE_LOOP('',(#5247,#5248,#5255,#5256));
#5247 = ORIENTED_EDGE('',*,*,#5169,.T.);
#5248 = ORIENTED_EDGE('',*,*,#5249,.T.);
#5249 = EDGE_CURVE('',#5170,#5225,#5250,.T.);
#5250 = CIRCLE('',#5251,0.425);
#5251 = AXIS2_PLACEMENT_3D('',#5252,#5253,#5254);
#5252 = CARTESIAN_POINT('',(-2.625,2.,0.15));
#5253 = DIRECTION('',(-0.,0.,-1.));
#5254 = DIRECTION('',(-0.882352941176,-0.470588235294,0.));
#5255 = ORIENTED_EDGE('',*,*,#5232,.T.);
#5256 = ORIENTED_EDGE('',*,*,#3665,.T.);
#5257 = PLANE('',#5258);
#5258 = AXIS2_PLACEMENT_3D('',#5259,#5260,#5261);
#5259 = CARTESIAN_POINT('',(-2.085697660708,2.,0.15));
#5260 = DIRECTION('',(0.,-0.,-1.));
#5261 = DIRECTION('',(-1.110223024625E-16,-1.,0.));
#5262 = ADVANCED_FACE('',(#5263),#5274,.T.);
#5263 = FACE_BOUND('',#5264,.T.);
#5264 = EDGE_LOOP('',(#5265,#5271,#5272,#5273));
#5265 = ORIENTED_EDGE('',*,*,#5266,.T.);
#5266 = EDGE_CURVE('',#3734,#3807,#5267,.T.);
#5267 = LINE('',#5268,#5269);
#5268 = CARTESIAN_POINT('',(1.1,-2.208333333333,1.308333333333));
#5269 = VECTOR('',#5270,1.);
#5270 = DIRECTION('',(-1.,2.334869823773E-16,0.));
#5271 = ORIENTED_EDGE('',*,*,#3814,.T.);
#5272 = ORIENTED_EDGE('',*,*,#3765,.F.);
#5273 = ORIENTED_EDGE('',*,*,#3741,.F.);
#5274 = PLANE('',#5275);
#5275 = AXIS2_PLACEMENT_3D('',#5276,#5277,#5278);
#5276 = CARTESIAN_POINT('',(1.1,-2.208333333333,1.308333333333));
#5277 = DIRECTION('',(2.334869823773E-16,1.,0.));
#5278 = DIRECTION('',(0.,-0.,1.));
#5279 = ADVANCED_FACE('',(#5280),#5291,.T.);
#5280 = FACE_BOUND('',#5281,.T.);
#5281 = EDGE_LOOP('',(#5282,#5288,#5289,#5290));
#5282 = ORIENTED_EDGE('',*,*,#5283,.T.);
#5283 = EDGE_CURVE('',#3726,#3799,#5284,.T.);
#5284 = LINE('',#5285,#5286);
#5285 = CARTESIAN_POINT('',(1.1,-1.791666666667,1.308333333333));
#5286 = VECTOR('',#5287,1.);
#5287 = DIRECTION('',(-1.,2.334869823773E-16,0.));
#5288 = ORIENTED_EDGE('',*,*,#3806,.T.);
#5289 = ORIENTED_EDGE('',*,*,#5266,.F.);
#5290 = ORIENTED_EDGE('',*,*,#3733,.F.);
#5291 = PLANE('',#5292);
#5292 = AXIS2_PLACEMENT_3D('',#5293,#5294,#5295);
#5293 = CARTESIAN_POINT('',(1.1,-1.791666666667,1.308333333333));
#5294 = DIRECTION('',(0.,0.,1.));
#5295 = DIRECTION('',(-2.334869823773E-16,-1.,0.));
#5296 = ADVANCED_FACE('',(#5297),#5303,.T.);
#5297 = FACE_BOUND('',#5298,.T.);
#5298 = EDGE_LOOP('',(#5299,#5300,#5301,#5302));
#5299 = ORIENTED_EDGE('',*,*,#3833,.T.);
#5300 = ORIENTED_EDGE('',*,*,#3798,.T.);
#5301 = ORIENTED_EDGE('',*,*,#5283,.F.);
#5302 = ORIENTED_EDGE('',*,*,#3725,.F.);
#5303 = PLANE('',#5304);
#5304 = AXIS2_PLACEMENT_3D('',#5305,#5306,#5307);
#5305 = CARTESIAN_POINT('',(1.1,-1.791666666667,3.608333333333));
#5306 = DIRECTION('',(-2.334869823773E-16,-1.,0.));
#5307 = DIRECTION('',(-0.,0.,-1.));
#5308 = ADVANCED_FACE('',(#5309),#5320,.T.);
#5309 = FACE_BOUND('',#5310,.T.);
#5310 = EDGE_LOOP('',(#5311,#5317,#5318,#5319));
#5311 = ORIENTED_EDGE('',*,*,#5312,.T.);
#5312 = EDGE_CURVE('',#3900,#3973,#5313,.T.);
#5313 = LINE('',#5314,#5315);
#5314 = CARTESIAN_POINT('',(1.1,-0.208333333333,1.308333333333));
#5315 = VECTOR('',#5316,1.);
#5316 = DIRECTION('',(-1.,2.334869823773E-16,0.));
#5317 = ORIENTED_EDGE('',*,*,#3980,.T.);
#5318 = ORIENTED_EDGE('',*,*,#3931,.F.);
#5319 = ORIENTED_EDGE('',*,*,#3907,.F.);
#5320 = PLANE('',#5321);
#5321 = AXIS2_PLACEMENT_3D('',#5322,#5323,#5324);
#5322 = CARTESIAN_POINT('',(1.1,-0.208333333333,1.308333333333));
#5323 = DIRECTION('',(2.334869823773E-16,1.,0.));
#5324 = DIRECTION('',(0.,-0.,1.));
#5325 = ADVANCED_FACE('',(#5326),#5337,.T.);
#5326 = FACE_BOUND('',#5327,.T.);
#5327 = EDGE_LOOP('',(#5328,#5334,#5335,#5336));
#5328 = ORIENTED_EDGE('',*,*,#5329,.T.);
#5329 = EDGE_CURVE('',#3892,#3965,#5330,.T.);
#5330 = LINE('',#5331,#5332);
#5331 = CARTESIAN_POINT('',(1.1,0.208333333333,1.308333333333));
#5332 = VECTOR('',#5333,1.);
#5333 = DIRECTION('',(-1.,2.334869823773E-16,0.));
#5334 = ORIENTED_EDGE('',*,*,#3972,.T.);
#5335 = ORIENTED_EDGE('',*,*,#5312,.F.);
#5336 = ORIENTED_EDGE('',*,*,#3899,.F.);
#5337 = PLANE('',#5338);
#5338 = AXIS2_PLACEMENT_3D('',#5339,#5340,#5341);
#5339 = CARTESIAN_POINT('',(1.1,0.208333333333,1.308333333333));
#5340 = DIRECTION('',(0.,0.,1.));
#5341 = DIRECTION('',(-2.334869823773E-16,-1.,0.));
#5342 = ADVANCED_FACE('',(#5343),#5349,.T.);
#5343 = FACE_BOUND('',#5344,.T.);
#5344 = EDGE_LOOP('',(#5345,#5346,#5347,#5348));
#5345 = ORIENTED_EDGE('',*,*,#3999,.T.);
#5346 = ORIENTED_EDGE('',*,*,#3964,.T.);
#5347 = ORIENTED_EDGE('',*,*,#5329,.F.);
#5348 = ORIENTED_EDGE('',*,*,#3891,.F.);
#5349 = PLANE('',#5350);
#5350 = AXIS2_PLACEMENT_3D('',#5351,#5352,#5353);
#5351 = CARTESIAN_POINT('',(1.1,0.208333333333,3.608333333333));
#5352 = DIRECTION('',(-2.334869823773E-16,-1.,0.));
#5353 = DIRECTION('',(-0.,0.,-1.));
#5354 = ADVANCED_FACE('',(#5355),#5366,.T.);
#5355 = FACE_BOUND('',#5356,.T.);
#5356 = EDGE_LOOP('',(#5357,#5363,#5364,#5365));
#5357 = ORIENTED_EDGE('',*,*,#5358,.T.);
#5358 = EDGE_CURVE('',#4066,#4139,#5359,.T.);
#5359 = LINE('',#5360,#5361);
#5360 = CARTESIAN_POINT('',(1.1,1.791666666667,1.308333333333));
#5361 = VECTOR('',#5362,1.);
#5362 = DIRECTION('',(-1.,2.334869823773E-16,0.));
#5363 = ORIENTED_EDGE('',*,*,#4146,.T.);
#5364 = ORIENTED_EDGE('',*,*,#4097,.F.);
#5365 = ORIENTED_EDGE('',*,*,#4073,.F.);
#5366 = PLANE('',#5367);
#5367 = AXIS2_PLACEMENT_3D('',#5368,#5369,#5370);
#5368 = CARTESIAN_POINT('',(1.1,1.791666666667,1.308333333333));
#5369 = DIRECTION('',(2.334869823773E-16,1.,0.));
#5370 = DIRECTION('',(0.,-0.,1.));
#5371 = ADVANCED_FACE('',(#5372),#5383,.T.);
#5372 = FACE_BOUND('',#5373,.T.);
#5373 = EDGE_LOOP('',(#5374,#5380,#5381,#5382));
#5374 = ORIENTED_EDGE('',*,*,#5375,.T.);
#5375 = EDGE_CURVE('',#4058,#4131,#5376,.T.);
#5376 = LINE('',#5377,#5378);
#5377 = CARTESIAN_POINT('',(1.1,2.208333333333,1.308333333333));
#5378 = VECTOR('',#5379,1.);
#5379 = DIRECTION('',(-1.,2.334869823773E-16,0.));
#5380 = ORIENTED_EDGE('',*,*,#4138,.T.);
#5381 = ORIENTED_EDGE('',*,*,#5358,.F.);
#5382 = ORIENTED_EDGE('',*,*,#4065,.F.);
#5383 = PLANE('',#5384);
#5384 = AXIS2_PLACEMENT_3D('',#5385,#5386,#5387);
#5385 = CARTESIAN_POINT('',(1.1,2.208333333333,1.308333333333));
#5386 = DIRECTION('',(0.,0.,1.));
#5387 = DIRECTION('',(-2.334869823773E-16,-1.,0.));
#5388 = ADVANCED_FACE('',(#5389),#5395,.T.);
#5389 = FACE_BOUND('',#5390,.T.);
#5390 = EDGE_LOOP('',(#5391,#5392,#5393,#5394));
#5391 = ORIENTED_EDGE('',*,*,#4165,.T.);
#5392 = ORIENTED_EDGE('',*,*,#4130,.T.);
#5393 = ORIENTED_EDGE('',*,*,#5375,.F.);
#5394 = ORIENTED_EDGE('',*,*,#4057,.F.);
#5395 = PLANE('',#5396);
#5396 = AXIS2_PLACEMENT_3D('',#5397,#5398,#5399);
#5397 = CARTESIAN_POINT('',(1.1,2.208333333333,3.608333333333));
#5398 = DIRECTION('',(-2.334869823773E-16,-1.,0.));
#5399 = DIRECTION('',(-0.,0.,-1.));
#5400 = ADVANCED_FACE('',(#5401),#5412,.T.);
#5401 = FACE_BOUND('',#5402,.T.);
#5402 = EDGE_LOOP('',(#5403,#5409,#5410,#5411));
#5403 = ORIENTED_EDGE('',*,*,#5404,.T.);
#5404 = EDGE_CURVE('',#4232,#4305,#5405,.T.);
#5405 = LINE('',#5406,#5407);
#5406 = CARTESIAN_POINT('',(-1.1,-1.791666666667,1.308333333333));
#5407 = VECTOR('',#5408,1.);
#5408 = DIRECTION('',(1.,-1.110223024625E-16,0.));
#5409 = ORIENTED_EDGE('',*,*,#4312,.T.);
#5410 = ORIENTED_EDGE('',*,*,#4263,.F.);
#5411 = ORIENTED_EDGE('',*,*,#4239,.F.);
#5412 = PLANE('',#5413);
#5413 = AXIS2_PLACEMENT_3D('',#5414,#5415,#5416);
#5414 = CARTESIAN_POINT('',(-1.1,-1.791666666667,1.308333333333));
#5415 = DIRECTION('',(-1.110223024625E-16,-1.,0.));
#5416 = DIRECTION('',(0.,0.,1.));
#5417 = ADVANCED_FACE('',(#5418),#5429,.T.);
#5418 = FACE_BOUND('',#5419,.T.);
#5419 = EDGE_LOOP('',(#5420,#5426,#5427,#5428));
#5420 = ORIENTED_EDGE('',*,*,#5421,.T.);
#5421 = EDGE_CURVE('',#4224,#4297,#5422,.T.);
#5422 = LINE('',#5423,#5424);
#5423 = CARTESIAN_POINT('',(-1.1,-2.208333333333,1.308333333333));
#5424 = VECTOR('',#5425,1.);
#5425 = DIRECTION('',(1.,-1.110223024625E-16,0.));
#5426 = ORIENTED_EDGE('',*,*,#4304,.T.);
#5427 = ORIENTED_EDGE('',*,*,#5404,.F.);
#5428 = ORIENTED_EDGE('',*,*,#4231,.F.);
#5429 = PLANE('',#5430);
#5430 = AXIS2_PLACEMENT_3D('',#5431,#5432,#5433);
#5431 = CARTESIAN_POINT('',(-1.1,-2.208333333333,1.308333333333));
#5432 = DIRECTION('',(0.,0.,1.));
#5433 = DIRECTION('',(1.110223024625E-16,1.,-0.));
#5434 = ADVANCED_FACE('',(#5435),#5441,.T.);
#5435 = FACE_BOUND('',#5436,.T.);
#5436 = EDGE_LOOP('',(#5437,#5438,#5439,#5440));
#5437 = ORIENTED_EDGE('',*,*,#4331,.T.);
#5438 = ORIENTED_EDGE('',*,*,#4296,.T.);
#5439 = ORIENTED_EDGE('',*,*,#5421,.F.);
#5440 = ORIENTED_EDGE('',*,*,#4223,.F.);
#5441 = PLANE('',#5442);
#5442 = AXIS2_PLACEMENT_3D('',#5443,#5444,#5445);
#5443 = CARTESIAN_POINT('',(-1.1,-2.208333333333,3.608333333333));
#5444 = DIRECTION('',(1.110223024625E-16,1.,0.));
#5445 = DIRECTION('',(0.,0.,-1.));
#5446 = ADVANCED_FACE('',(#5447),#5458,.T.);
#5447 = FACE_BOUND('',#5448,.T.);
#5448 = EDGE_LOOP('',(#5449,#5455,#5456,#5457));
#5449 = ORIENTED_EDGE('',*,*,#5450,.T.);
#5450 = EDGE_CURVE('',#4398,#4471,#5451,.T.);
#5451 = LINE('',#5452,#5453);
#5452 = CARTESIAN_POINT('',(-1.1,0.208333333333,1.308333333333));
#5453 = VECTOR('',#5454,1.);
#5454 = DIRECTION('',(1.,-1.110223024625E-16,0.));
#5455 = ORIENTED_EDGE('',*,*,#4478,.T.);
#5456 = ORIENTED_EDGE('',*,*,#4429,.F.);
#5457 = ORIENTED_EDGE('',*,*,#4405,.F.);
#5458 = PLANE('',#5459);
#5459 = AXIS2_PLACEMENT_3D('',#5460,#5461,#5462);
#5460 = CARTESIAN_POINT('',(-1.1,0.208333333333,1.308333333333));
#5461 = DIRECTION('',(-1.110223024625E-16,-1.,0.));
#5462 = DIRECTION('',(0.,0.,1.));
#5463 = ADVANCED_FACE('',(#5464),#5475,.T.);
#5464 = FACE_BOUND('',#5465,.T.);
#5465 = EDGE_LOOP('',(#5466,#5472,#5473,#5474));
#5466 = ORIENTED_EDGE('',*,*,#5467,.T.);
#5467 = EDGE_CURVE('',#4390,#4463,#5468,.T.);
#5468 = LINE('',#5469,#5470);
#5469 = CARTESIAN_POINT('',(-1.1,-0.208333333333,1.308333333333));
#5470 = VECTOR('',#5471,1.);
#5471 = DIRECTION('',(1.,-1.110223024625E-16,0.));
#5472 = ORIENTED_EDGE('',*,*,#4470,.T.);
#5473 = ORIENTED_EDGE('',*,*,#5450,.F.);
#5474 = ORIENTED_EDGE('',*,*,#4397,.F.);
#5475 = PLANE('',#5476);
#5476 = AXIS2_PLACEMENT_3D('',#5477,#5478,#5479);
#5477 = CARTESIAN_POINT('',(-1.1,-0.208333333333,1.308333333333));
#5478 = DIRECTION('',(0.,0.,1.));
#5479 = DIRECTION('',(1.110223024625E-16,1.,-0.));
#5480 = ADVANCED_FACE('',(#5481),#5487,.T.);
#5481 = FACE_BOUND('',#5482,.T.);
#5482 = EDGE_LOOP('',(#5483,#5484,#5485,#5486));
#5483 = ORIENTED_EDGE('',*,*,#4497,.T.);
#5484 = ORIENTED_EDGE('',*,*,#4462,.T.);
#5485 = ORIENTED_EDGE('',*,*,#5467,.F.);
#5486 = ORIENTED_EDGE('',*,*,#4389,.F.);
#5487 = PLANE('',#5488);
#5488 = AXIS2_PLACEMENT_3D('',#5489,#5490,#5491);
#5489 = CARTESIAN_POINT('',(-1.1,-0.208333333333,3.608333333333));
#5490 = DIRECTION('',(1.110223024625E-16,1.,0.));
#5491 = DIRECTION('',(0.,0.,-1.));
#5492 = ADVANCED_FACE('',(#5493),#5504,.T.);
#5493 = FACE_BOUND('',#5494,.T.);
#5494 = EDGE_LOOP('',(#5495,#5501,#5502,#5503));
#5495 = ORIENTED_EDGE('',*,*,#5496,.T.);
#5496 = EDGE_CURVE('',#4564,#4637,#5497,.T.);
#5497 = LINE('',#5498,#5499);
#5498 = CARTESIAN_POINT('',(-1.1,2.208333333333,1.308333333333));
#5499 = VECTOR('',#5500,1.);
#5500 = DIRECTION('',(1.,-1.110223024625E-16,0.));
#5501 = ORIENTED_EDGE('',*,*,#4644,.T.);
#5502 = ORIENTED_EDGE('',*,*,#4595,.F.);
#5503 = ORIENTED_EDGE('',*,*,#4571,.F.);
#5504 = PLANE('',#5505);
#5505 = AXIS2_PLACEMENT_3D('',#5506,#5507,#5508);
#5506 = CARTESIAN_POINT('',(-1.1,2.208333333333,1.308333333333));
#5507 = DIRECTION('',(-1.110223024625E-16,-1.,0.));
#5508 = DIRECTION('',(0.,0.,1.));
#5509 = ADVANCED_FACE('',(#5510),#5521,.T.);
#5510 = FACE_BOUND('',#5511,.T.);
#5511 = EDGE_LOOP('',(#5512,#5518,#5519,#5520));
#5512 = ORIENTED_EDGE('',*,*,#5513,.T.);
#5513 = EDGE_CURVE('',#4556,#4629,#5514,.T.);
#5514 = LINE('',#5515,#5516);
#5515 = CARTESIAN_POINT('',(-1.1,1.791666666667,1.308333333333));
#5516 = VECTOR('',#5517,1.);
#5517 = DIRECTION('',(1.,-1.110223024625E-16,0.));
#5518 = ORIENTED_EDGE('',*,*,#4636,.T.);
#5519 = ORIENTED_EDGE('',*,*,#5496,.F.);
#5520 = ORIENTED_EDGE('',*,*,#4563,.F.);
#5521 = PLANE('',#5522);
#5522 = AXIS2_PLACEMENT_3D('',#5523,#5524,#5525);
#5523 = CARTESIAN_POINT('',(-1.1,1.791666666667,1.308333333333));
#5524 = DIRECTION('',(0.,0.,1.));
#5525 = DIRECTION('',(1.110223024625E-16,1.,-0.));
#5526 = ADVANCED_FACE('',(#5527),#5533,.T.);
#5527 = FACE_BOUND('',#5528,.T.);
#5528 = EDGE_LOOP('',(#5529,#5530,#5531,#5532));
#5529 = ORIENTED_EDGE('',*,*,#4663,.T.);
#5530 = ORIENTED_EDGE('',*,*,#4628,.T.);
#5531 = ORIENTED_EDGE('',*,*,#5513,.F.);
#5532 = ORIENTED_EDGE('',*,*,#4555,.F.);
#5533 = PLANE('',#5534);
#5534 = AXIS2_PLACEMENT_3D('',#5535,#5536,#5537);
#5535 = CARTESIAN_POINT('',(-1.1,1.791666666667,3.608333333333));
#5536 = DIRECTION('',(1.110223024625E-16,1.,0.));
#5537 = DIRECTION('',(0.,0.,-1.));
#5538 = ADVANCED_FACE('',(#5539),#5545,.T.);
#5539 = FACE_BOUND('',#5540,.T.);
#5540 = EDGE_LOOP('',(#5541,#5542,#5543,#5544));
#5541 = ORIENTED_EDGE('',*,*,#4687,.T.);
#5542 = ORIENTED_EDGE('',*,*,#4759,.T.);
#5543 = ORIENTED_EDGE('',*,*,#4734,.F.);
#5544 = ORIENTED_EDGE('',*,*,#4710,.F.);
#5545 = CYLINDRICAL_SURFACE('',#5546,0.425);
#5546 = AXIS2_PLACEMENT_3D('',#5547,#5548,#5549);
#5547 = CARTESIAN_POINT('',(2.625,-2.,-5.E-02));
#5548 = DIRECTION('',(-0.,0.,-1.));
#5549 = DIRECTION('',(0.882352941176,0.470588235294,0.));
#5550 = ADVANCED_FACE('',(#5551),#5557,.T.);
#5551 = FACE_BOUND('',#5552,.T.);
#5552 = EDGE_LOOP('',(#5553,#5554,#5555,#5556));
#5553 = ORIENTED_EDGE('',*,*,#4785,.T.);
#5554 = ORIENTED_EDGE('',*,*,#4857,.T.);
#5555 = ORIENTED_EDGE('',*,*,#4832,.F.);
#5556 = ORIENTED_EDGE('',*,*,#4808,.F.);
#5557 = CYLINDRICAL_SURFACE('',#5558,0.425);
#5558 = AXIS2_PLACEMENT_3D('',#5559,#5560,#5561);
#5559 = CARTESIAN_POINT('',(2.625,-6.129033287403E-16,-5.E-02));
#5560 = DIRECTION('',(-0.,0.,-1.));
#5561 = DIRECTION('',(0.882352941176,0.470588235294,0.));
#5562 = ADVANCED_FACE('',(#5563),#5569,.T.);
#5563 = FACE_BOUND('',#5564,.T.);
#5564 = EDGE_LOOP('',(#5565,#5566,#5567,#5568));
#5565 = ORIENTED_EDGE('',*,*,#4883,.T.);
#5566 = ORIENTED_EDGE('',*,*,#4955,.T.);
#5567 = ORIENTED_EDGE('',*,*,#4930,.F.);
#5568 = ORIENTED_EDGE('',*,*,#4906,.F.);
#5569 = CYLINDRICAL_SURFACE('',#5570,0.425);
#5570 = AXIS2_PLACEMENT_3D('',#5571,#5572,#5573);
#5571 = CARTESIAN_POINT('',(2.625,2.,-5.E-02));
#5572 = DIRECTION('',(-0.,0.,-1.));
#5573 = DIRECTION('',(0.882352941176,0.470588235294,0.));
#5574 = ADVANCED_FACE('',(#5575),#5581,.T.);
#5575 = FACE_BOUND('',#5576,.T.);
#5576 = EDGE_LOOP('',(#5577,#5578,#5579,#5580));
#5577 = ORIENTED_EDGE('',*,*,#4981,.T.);
#5578 = ORIENTED_EDGE('',*,*,#5053,.T.);
#5579 = ORIENTED_EDGE('',*,*,#5028,.F.);
#5580 = ORIENTED_EDGE('',*,*,#5004,.F.);
#5581 = CYLINDRICAL_SURFACE('',#5582,0.425);
#5582 = AXIS2_PLACEMENT_3D('',#5583,#5584,#5585);
#5583 = CARTESIAN_POINT('',(-2.625,-2.,-5.E-02));
#5584 = DIRECTION('',(0.,0.,-1.));
#5585 = DIRECTION('',(-0.882352941176,-0.470588235294,-0.));
#5586 = ADVANCED_FACE('',(#5587),#5593,.T.);
#5587 = FACE_BOUND('',#5588,.T.);
#5588 = EDGE_LOOP('',(#5589,#5590,#5591,#5592));
#5589 = ORIENTED_EDGE('',*,*,#5079,.T.);
#5590 = ORIENTED_EDGE('',*,*,#5151,.T.);
#5591 = ORIENTED_EDGE('',*,*,#5126,.F.);
#5592 = ORIENTED_EDGE('',*,*,#5102,.F.);
#5593 = CYLINDRICAL_SURFACE('',#5594,0.425);
#5594 = AXIS2_PLACEMENT_3D('',#5595,#5596,#5597);
#5595 = CARTESIAN_POINT('',(-2.625,2.914335439641E-16,-5.E-02));
#5596 = DIRECTION('',(0.,0.,-1.));
#5597 = DIRECTION('',(-0.882352941176,-0.470588235294,-0.));
#5598 = ADVANCED_FACE('',(#5599),#5605,.T.);
#5599 = FACE_BOUND('',#5600,.T.);
#5600 = EDGE_LOOP('',(#5601,#5602,#5603,#5604));
#5601 = ORIENTED_EDGE('',*,*,#5177,.T.);
#5602 = ORIENTED_EDGE('',*,*,#5249,.T.);
#5603 = ORIENTED_EDGE('',*,*,#5224,.F.);
#5604 = ORIENTED_EDGE('',*,*,#5200,.F.);
#5605 = CYLINDRICAL_SURFACE('',#5606,0.425);
#5606 = AXIS2_PLACEMENT_3D('',#5607,#5608,#5609);
#5607 = CARTESIAN_POINT('',(-2.625,2.,-5.E-02));
#5608 = DIRECTION('',(0.,0.,-1.));
#5609 = DIRECTION('',(-0.882352941176,-0.470588235294,-0.));
#5610 = ( GEOMETRIC_REPRESENTATION_CONTEXT(3) 
GLOBAL_UNCERTAINTY_ASSIGNED_CONTEXT((#5614)) 
GLOBAL_UNIT_ASSIGNED_CONTEXT((#5611,#5612,#5613)) REPRESENTATION_CONTEXT
('Context #1','3D Context with UNIT and UNCERTAINTY') );
#5611 = ( LENGTH_UNIT() NAMED_UNIT(*) SI_UNIT(.MILLI.,.METRE.) );
#5612 = ( NAMED_UNIT(*) PLANE_ANGLE_UNIT() SI_UNIT($,.RADIAN.) );
#5613 = ( NAMED_UNIT(*) SI_UNIT($,.STERADIAN.) SOLID_ANGLE_UNIT() );
#5614 = UNCERTAINTY_MEASURE_WITH_UNIT(LENGTH_MEASURE(1.E-07),#5611,
  'distance_accuracy_value','confusion accuracy');
#5615 = CONTEXT_DEPENDENT_SHAPE_REPRESENTATION(#5616,#5618);
#5616 = ( REPRESENTATION_RELATIONSHIP('','',#59,#36) 
REPRESENTATION_RELATIONSHIP_WITH_TRANSFORMATION(#5617) 
SHAPE_REPRESENTATION_RELATIONSHIP() );
#5617 = ITEM_DEFINED_TRANSFORMATION('','',#11,#37);
#5618 = PRODUCT_DEFINITION_SHAPE('Placement','Placement of an item',
  #5619);
#5619 = NEXT_ASSEMBLY_USAGE_OCCURRENCE('1','=>[0:1:1:3]','',#31,#54,$);
#5620 = PRODUCT_RELATED_PRODUCT_CATEGORY('part',$,(#56));
#5621 = SHAPE_DEFINITION_REPRESENTATION(#5622,#5628);
#5622 = PRODUCT_DEFINITION_SHAPE('','',#5623);
#5623 = PRODUCT_DEFINITION('design','',#5624,#5627);
#5624 = PRODUCT_DEFINITION_FORMATION('','',#5625);
#5625 = PRODUCT('batteriedeckel_PCB','batteriedeckel_PCB','',(#5626));
#5626 = PRODUCT_CONTEXT('',#2,'mechanical');
#5627 = PRODUCT_DEFINITION_CONTEXT('part definition',#2,'design');
#5628 = ADVANCED_BREP_SHAPE_REPRESENTATION('',(#11,#5629),#6095);
#5629 = MANIFOLD_SOLID_BREP('',#5630);
#5630 = CLOSED_SHELL('',(#5631,#5664,#5786,#5908,#5925,#5942,#5959,#5981
    ,#5998,#6015,#6027,#6044,#6061,#6078));
#5631 = ADVANCED_FACE('',(#5632),#5659,.T.);
#5632 = FACE_BOUND('',#5633,.F.);
#5633 = EDGE_LOOP('',(#5634,#5644,#5651,#5652));
#5634 = ORIENTED_EDGE('',*,*,#5635,.T.);
#5635 = EDGE_CURVE('',#5636,#5638,#5640,.T.);
#5636 = VERTEX_POINT('',#5637);
#5637 = CARTESIAN_POINT('',(122.,-100.,0.));
#5638 = VERTEX_POINT('',#5639);
#5639 = CARTESIAN_POINT('',(122.,-100.,1.6));
#5640 = LINE('',#5641,#5642);
#5641 = CARTESIAN_POINT('',(122.,-100.,0.));
#5642 = VECTOR('',#5643,1.);
#5643 = DIRECTION('',(0.,0.,1.));
#5644 = ORIENTED_EDGE('',*,*,#5645,.T.);
#5645 = EDGE_CURVE('',#5638,#5638,#5646,.T.);
#5646 = CIRCLE('',#5647,22.);
#5647 = AXIS2_PLACEMENT_3D('',#5648,#5649,#5650);
#5648 = CARTESIAN_POINT('',(100.,-100.,1.6));
#5649 = DIRECTION('',(0.,0.,1.));
#5650 = DIRECTION('',(1.,0.,-0.));
#5651 = ORIENTED_EDGE('',*,*,#5635,.F.);
#5652 = ORIENTED_EDGE('',*,*,#5653,.F.);
#5653 = EDGE_CURVE('',#5636,#5636,#5654,.T.);
#5654 = CIRCLE('',#5655,22.);
#5655 = AXIS2_PLACEMENT_3D('',#5656,#5657,#5658);
#5656 = CARTESIAN_POINT('',(100.,-100.,0.));
#5657 = DIRECTION('',(0.,0.,1.));
#5658 = DIRECTION('',(1.,0.,-0.));
#5659 = CYLINDRICAL_SURFACE('',#5660,22.);
#5660 = AXIS2_PLACEMENT_3D('',#5661,#5662,#5663);
#5661 = CARTESIAN_POINT('',(100.,-100.,0.));
#5662 = DIRECTION('',(-0.,-0.,-1.));
#5663 = DIRECTION('',(1.,0.,-0.));
#5664 = ADVANCED_FACE('',(#5665,#5668,#5679,#5690,#5701,#5737,#5748,
    #5759,#5770),#5781,.F.);
#5665 = FACE_BOUND('',#5666,.F.);
#5666 = EDGE_LOOP('',(#5667));
#5667 = ORIENTED_EDGE('',*,*,#5653,.T.);
#5668 = FACE_BOUND('',#5669,.F.);
#5669 = EDGE_LOOP('',(#5670));
#5670 = ORIENTED_EDGE('',*,*,#5671,.T.);
#5671 = EDGE_CURVE('',#5672,#5672,#5674,.T.);
#5672 = VERTEX_POINT('',#5673);
#5673 = CARTESIAN_POINT('',(92.75,-114.057,0.));
#5674 = CIRCLE('',#5675,1.5);
#5675 = AXIS2_PLACEMENT_3D('',#5676,#5677,#5678);
#5676 = CARTESIAN_POINT('',(92.75,-112.557,0.));
#5677 = DIRECTION('',(-0.,0.,-1.));
#5678 = DIRECTION('',(-0.,-1.,0.));
#5679 = FACE_BOUND('',#5680,.F.);
#5680 = EDGE_LOOP('',(#5681));
#5681 = ORIENTED_EDGE('',*,*,#5682,.T.);
#5682 = EDGE_CURVE('',#5683,#5683,#5685,.T.);
#5683 = VERTEX_POINT('',#5684);
#5684 = CARTESIAN_POINT('',(100.,-119.6,0.));
#5685 = CIRCLE('',#5686,1.6);
#5686 = AXIS2_PLACEMENT_3D('',#5687,#5688,#5689);
#5687 = CARTESIAN_POINT('',(100.,-118.,0.));
#5688 = DIRECTION('',(-0.,0.,-1.));
#5689 = DIRECTION('',(-0.,-1.,0.));
#5690 = FACE_BOUND('',#5691,.F.);
#5691 = EDGE_LOOP('',(#5692));
#5692 = ORIENTED_EDGE('',*,*,#5693,.T.);
#5693 = EDGE_CURVE('',#5694,#5694,#5696,.T.);
#5694 = VERTEX_POINT('',#5695);
#5695 = CARTESIAN_POINT('',(100.,-101.55,0.));
#5696 = CIRCLE('',#5697,0.55);
#5697 = AXIS2_PLACEMENT_3D('',#5698,#5699,#5700);
#5698 = CARTESIAN_POINT('',(100.,-101.,0.));
#5699 = DIRECTION('',(-0.,0.,-1.));
#5700 = DIRECTION('',(-0.,-1.,0.));
#5701 = FACE_BOUND('',#5702,.F.);
#5702 = EDGE_LOOP('',(#5703,#5714,#5722,#5731));
#5703 = ORIENTED_EDGE('',*,*,#5704,.T.);
#5704 = EDGE_CURVE('',#5705,#5707,#5709,.T.);
#5705 = VERTEX_POINT('',#5706);
#5706 = CARTESIAN_POINT('',(95.3,-101.25,0.));
#5707 = VERTEX_POINT('',#5708);
#5708 = CARTESIAN_POINT('',(94.3,-101.25,0.));
#5709 = CIRCLE('',#5710,0.5);
#5710 = AXIS2_PLACEMENT_3D('',#5711,#5712,#5713);
#5711 = CARTESIAN_POINT('',(94.8,-101.25,0.));
#5712 = DIRECTION('',(-0.,0.,-1.));
#5713 = DIRECTION('',(-1.,0.,0.));
#5714 = ORIENTED_EDGE('',*,*,#5715,.T.);
#5715 = EDGE_CURVE('',#5707,#5716,#5718,.T.);
#5716 = VERTEX_POINT('',#5717);
#5717 = CARTESIAN_POINT('',(94.3,-98.75,0.));
#5718 = LINE('',#5719,#5720);
#5719 = CARTESIAN_POINT('',(94.3,-49.375,0.));
#5720 = VECTOR('',#5721,1.);
#5721 = DIRECTION('',(-0.,1.,0.));
#5722 = ORIENTED_EDGE('',*,*,#5723,.T.);
#5723 = EDGE_CURVE('',#5716,#5724,#5726,.T.);
#5724 = VERTEX_POINT('',#5725);
#5725 = CARTESIAN_POINT('',(95.3,-98.75,0.));
#5726 = CIRCLE('',#5727,0.5);
#5727 = AXIS2_PLACEMENT_3D('',#5728,#5729,#5730);
#5728 = CARTESIAN_POINT('',(94.8,-98.75,0.));
#5729 = DIRECTION('',(0.,-0.,-1.));
#5730 = DIRECTION('',(1.,0.,-0.));
#5731 = ORIENTED_EDGE('',*,*,#5732,.T.);
#5732 = EDGE_CURVE('',#5724,#5705,#5733,.T.);
#5733 = LINE('',#5734,#5735);
#5734 = CARTESIAN_POINT('',(95.3,-50.625,0.));
#5735 = VECTOR('',#5736,1.);
#5736 = DIRECTION('',(0.,-1.,0.));
#5737 = FACE_BOUND('',#5738,.F.);
#5738 = EDGE_LOOP('',(#5739));
#5739 = ORIENTED_EDGE('',*,*,#5740,.T.);
#5740 = EDGE_CURVE('',#5741,#5741,#5743,.T.);
#5741 = VERTEX_POINT('',#5742);
#5742 = CARTESIAN_POINT('',(100.,-99.55,0.));
#5743 = CIRCLE('',#5744,0.55);
#5744 = AXIS2_PLACEMENT_3D('',#5745,#5746,#5747);
#5745 = CARTESIAN_POINT('',(100.,-99.,0.));
#5746 = DIRECTION('',(-0.,0.,-1.));
#5747 = DIRECTION('',(-0.,-1.,0.));
#5748 = FACE_BOUND('',#5749,.F.);
#5749 = EDGE_LOOP('',(#5750));
#5750 = ORIENTED_EDGE('',*,*,#5751,.T.);
#5751 = EDGE_CURVE('',#5752,#5752,#5754,.T.);
#5752 = VERTEX_POINT('',#5753);
#5753 = CARTESIAN_POINT('',(92.75,-88.943,0.));
#5754 = CIRCLE('',#5755,1.5);
#5755 = AXIS2_PLACEMENT_3D('',#5756,#5757,#5758);
#5756 = CARTESIAN_POINT('',(92.75,-87.443,0.));
#5757 = DIRECTION('',(-0.,0.,-1.));
#5758 = DIRECTION('',(-0.,-1.,0.));
#5759 = FACE_BOUND('',#5760,.F.);
#5760 = EDGE_LOOP('',(#5761));
#5761 = ORIENTED_EDGE('',*,*,#5762,.T.);
#5762 = EDGE_CURVE('',#5763,#5763,#5765,.T.);
#5763 = VERTEX_POINT('',#5764);
#5764 = CARTESIAN_POINT('',(100.,-83.6,0.));
#5765 = CIRCLE('',#5766,1.6);
#5766 = AXIS2_PLACEMENT_3D('',#5767,#5768,#5769);
#5767 = CARTESIAN_POINT('',(100.,-82.,0.));
#5768 = DIRECTION('',(-0.,0.,-1.));
#5769 = DIRECTION('',(-0.,-1.,0.));
#5770 = FACE_BOUND('',#5771,.F.);
#5771 = EDGE_LOOP('',(#5772));
#5772 = ORIENTED_EDGE('',*,*,#5773,.T.);
#5773 = EDGE_CURVE('',#5774,#5774,#5776,.T.);
#5774 = VERTEX_POINT('',#5775);
#5775 = CARTESIAN_POINT('',(114.5,-101.5,0.));
#5776 = CIRCLE('',#5777,1.5);
#5777 = AXIS2_PLACEMENT_3D('',#5778,#5779,#5780);
#5778 = CARTESIAN_POINT('',(114.5,-100.,0.));
#5779 = DIRECTION('',(-0.,0.,-1.));
#5780 = DIRECTION('',(-0.,-1.,0.));
#5781 = PLANE('',#5782);
#5782 = AXIS2_PLACEMENT_3D('',#5783,#5784,#5785);
#5783 = CARTESIAN_POINT('',(0.,0.,0.));
#5784 = DIRECTION('',(0.,0.,1.));
#5785 = DIRECTION('',(1.,0.,-0.));
#5786 = ADVANCED_FACE('',(#5787,#5790,#5801,#5812,#5823,#5859,#5870,
    #5881,#5892),#5903,.T.);
#5787 = FACE_BOUND('',#5788,.T.);
#5788 = EDGE_LOOP('',(#5789));
#5789 = ORIENTED_EDGE('',*,*,#5645,.T.);
#5790 = FACE_BOUND('',#5791,.T.);
#5791 = EDGE_LOOP('',(#5792));
#5792 = ORIENTED_EDGE('',*,*,#5793,.T.);
#5793 = EDGE_CURVE('',#5794,#5794,#5796,.T.);
#5794 = VERTEX_POINT('',#5795);
#5795 = CARTESIAN_POINT('',(92.75,-114.057,1.6));
#5796 = CIRCLE('',#5797,1.5);
#5797 = AXIS2_PLACEMENT_3D('',#5798,#5799,#5800);
#5798 = CARTESIAN_POINT('',(92.75,-112.557,1.6));
#5799 = DIRECTION('',(-0.,0.,-1.));
#5800 = DIRECTION('',(-0.,-1.,0.));
#5801 = FACE_BOUND('',#5802,.T.);
#5802 = EDGE_LOOP('',(#5803));
#5803 = ORIENTED_EDGE('',*,*,#5804,.T.);
#5804 = EDGE_CURVE('',#5805,#5805,#5807,.T.);
#5805 = VERTEX_POINT('',#5806);
#5806 = CARTESIAN_POINT('',(100.,-119.6,1.6));
#5807 = CIRCLE('',#5808,1.6);
#5808 = AXIS2_PLACEMENT_3D('',#5809,#5810,#5811);
#5809 = CARTESIAN_POINT('',(100.,-118.,1.6));
#5810 = DIRECTION('',(-0.,0.,-1.));
#5811 = DIRECTION('',(-0.,-1.,0.));
#5812 = FACE_BOUND('',#5813,.T.);
#5813 = EDGE_LOOP('',(#5814));
#5814 = ORIENTED_EDGE('',*,*,#5815,.T.);
#5815 = EDGE_CURVE('',#5816,#5816,#5818,.T.);
#5816 = VERTEX_POINT('',#5817);
#5817 = CARTESIAN_POINT('',(100.,-101.55,1.6));
#5818 = CIRCLE('',#5819,0.55);
#5819 = AXIS2_PLACEMENT_3D('',#5820,#5821,#5822);
#5820 = CARTESIAN_POINT('',(100.,-101.,1.6));
#5821 = DIRECTION('',(-0.,0.,-1.));
#5822 = DIRECTION('',(-0.,-1.,0.));
#5823 = FACE_BOUND('',#5824,.T.);
#5824 = EDGE_LOOP('',(#5825,#5836,#5844,#5853));
#5825 = ORIENTED_EDGE('',*,*,#5826,.T.);
#5826 = EDGE_CURVE('',#5827,#5829,#5831,.T.);
#5827 = VERTEX_POINT('',#5828);
#5828 = CARTESIAN_POINT('',(95.3,-101.25,1.6));
#5829 = VERTEX_POINT('',#5830);
#5830 = CARTESIAN_POINT('',(94.3,-101.25,1.6));
#5831 = CIRCLE('',#5832,0.5);
#5832 = AXIS2_PLACEMENT_3D('',#5833,#5834,#5835);
#5833 = CARTESIAN_POINT('',(94.8,-101.25,1.6));
#5834 = DIRECTION('',(-0.,0.,-1.));
#5835 = DIRECTION('',(-1.,0.,0.));
#5836 = ORIENTED_EDGE('',*,*,#5837,.T.);
#5837 = EDGE_CURVE('',#5829,#5838,#5840,.T.);
#5838 = VERTEX_POINT('',#5839);
#5839 = CARTESIAN_POINT('',(94.3,-98.75,1.6));
#5840 = LINE('',#5841,#5842);
#5841 = CARTESIAN_POINT('',(94.3,-49.375,1.6));
#5842 = VECTOR('',#5843,1.);
#5843 = DIRECTION('',(-0.,1.,0.));
#5844 = ORIENTED_EDGE('',*,*,#5845,.T.);
#5845 = EDGE_CURVE('',#5838,#5846,#5848,.T.);
#5846 = VERTEX_POINT('',#5847);
#5847 = CARTESIAN_POINT('',(95.3,-98.75,1.6));
#5848 = CIRCLE('',#5849,0.5);
#5849 = AXIS2_PLACEMENT_3D('',#5850,#5851,#5852);
#5850 = CARTESIAN_POINT('',(94.8,-98.75,1.6));
#5851 = DIRECTION('',(0.,-0.,-1.));
#5852 = DIRECTION('',(1.,0.,-0.));
#5853 = ORIENTED_EDGE('',*,*,#5854,.T.);
#5854 = EDGE_CURVE('',#5846,#5827,#5855,.T.);
#5855 = LINE('',#5856,#5857);
#5856 = CARTESIAN_POINT('',(95.3,-50.625,1.6));
#5857 = VECTOR('',#5858,1.);
#5858 = DIRECTION('',(0.,-1.,0.));
#5859 = FACE_BOUND('',#5860,.T.);
#5860 = EDGE_LOOP('',(#5861));
#5861 = ORIENTED_EDGE('',*,*,#5862,.T.);
#5862 = EDGE_CURVE('',#5863,#5863,#5865,.T.);
#5863 = VERTEX_POINT('',#5864);
#5864 = CARTESIAN_POINT('',(100.,-99.55,1.6));
#5865 = CIRCLE('',#5866,0.55);
#5866 = AXIS2_PLACEMENT_3D('',#5867,#5868,#5869);
#5867 = CARTESIAN_POINT('',(100.,-99.,1.6));
#5868 = DIRECTION('',(-0.,0.,-1.));
#5869 = DIRECTION('',(-0.,-1.,0.));
#5870 = FACE_BOUND('',#5871,.T.);
#5871 = EDGE_LOOP('',(#5872));
#5872 = ORIENTED_EDGE('',*,*,#5873,.T.);
#5873 = EDGE_CURVE('',#5874,#5874,#5876,.T.);
#5874 = VERTEX_POINT('',#5875);
#5875 = CARTESIAN_POINT('',(92.75,-88.943,1.6));
#5876 = CIRCLE('',#5877,1.5);
#5877 = AXIS2_PLACEMENT_3D('',#5878,#5879,#5880);
#5878 = CARTESIAN_POINT('',(92.75,-87.443,1.6));
#5879 = DIRECTION('',(-0.,0.,-1.));
#5880 = DIRECTION('',(-0.,-1.,0.));
#5881 = FACE_BOUND('',#5882,.T.);
#5882 = EDGE_LOOP('',(#5883));
#5883 = ORIENTED_EDGE('',*,*,#5884,.T.);
#5884 = EDGE_CURVE('',#5885,#5885,#5887,.T.);
#5885 = VERTEX_POINT('',#5886);
#5886 = CARTESIAN_POINT('',(100.,-83.6,1.6));
#5887 = CIRCLE('',#5888,1.6);
#5888 = AXIS2_PLACEMENT_3D('',#5889,#5890,#5891);
#5889 = CARTESIAN_POINT('',(100.,-82.,1.6));
#5890 = DIRECTION('',(-0.,0.,-1.));
#5891 = DIRECTION('',(-0.,-1.,0.));
#5892 = FACE_BOUND('',#5893,.T.);
#5893 = EDGE_LOOP('',(#5894));
#5894 = ORIENTED_EDGE('',*,*,#5895,.T.);
#5895 = EDGE_CURVE('',#5896,#5896,#5898,.T.);
#5896 = VERTEX_POINT('',#5897);
#5897 = CARTESIAN_POINT('',(114.5,-101.5,1.6));
#5898 = CIRCLE('',#5899,1.5);
#5899 = AXIS2_PLACEMENT_3D('',#5900,#5901,#5902);
#5900 = CARTESIAN_POINT('',(114.5,-100.,1.6));
#5901 = DIRECTION('',(-0.,0.,-1.));
#5902 = DIRECTION('',(-0.,-1.,0.));
#5903 = PLANE('',#5904);
#5904 = AXIS2_PLACEMENT_3D('',#5905,#5906,#5907);
#5905 = CARTESIAN_POINT('',(0.,0.,1.6));
#5906 = DIRECTION('',(0.,0.,1.));
#5907 = DIRECTION('',(1.,0.,-0.));
#5908 = ADVANCED_FACE('',(#5909),#5920,.F.);
#5909 = FACE_BOUND('',#5910,.T.);
#5910 = EDGE_LOOP('',(#5911,#5912,#5918,#5919));
#5911 = ORIENTED_EDGE('',*,*,#5671,.T.);
#5912 = ORIENTED_EDGE('',*,*,#5913,.T.);
#5913 = EDGE_CURVE('',#5672,#5794,#5914,.T.);
#5914 = LINE('',#5915,#5916);
#5915 = CARTESIAN_POINT('',(92.75,-114.057,-4.5E-02));
#5916 = VECTOR('',#5917,1.);
#5917 = DIRECTION('',(0.,0.,1.));
#5918 = ORIENTED_EDGE('',*,*,#5793,.F.);
#5919 = ORIENTED_EDGE('',*,*,#5913,.F.);
#5920 = CYLINDRICAL_SURFACE('',#5921,1.5);
#5921 = AXIS2_PLACEMENT_3D('',#5922,#5923,#5924);
#5922 = CARTESIAN_POINT('',(92.75,-112.557,-4.5E-02));
#5923 = DIRECTION('',(-0.,-0.,-1.));
#5924 = DIRECTION('',(-0.,-1.,0.));
#5925 = ADVANCED_FACE('',(#5926),#5937,.F.);
#5926 = FACE_BOUND('',#5927,.T.);
#5927 = EDGE_LOOP('',(#5928,#5929,#5935,#5936));
#5928 = ORIENTED_EDGE('',*,*,#5682,.T.);
#5929 = ORIENTED_EDGE('',*,*,#5930,.T.);
#5930 = EDGE_CURVE('',#5683,#5805,#5931,.T.);
#5931 = LINE('',#5932,#5933);
#5932 = CARTESIAN_POINT('',(100.,-119.6,-4.5E-02));
#5933 = VECTOR('',#5934,1.);
#5934 = DIRECTION('',(0.,0.,1.));
#5935 = ORIENTED_EDGE('',*,*,#5804,.F.);
#5936 = ORIENTED_EDGE('',*,*,#5930,.F.);
#5937 = CYLINDRICAL_SURFACE('',#5938,1.6);
#5938 = AXIS2_PLACEMENT_3D('',#5939,#5940,#5941);
#5939 = CARTESIAN_POINT('',(100.,-118.,-4.5E-02));
#5940 = DIRECTION('',(-0.,-0.,-1.));
#5941 = DIRECTION('',(-0.,-1.,0.));
#5942 = ADVANCED_FACE('',(#5943),#5954,.F.);
#5943 = FACE_BOUND('',#5944,.T.);
#5944 = EDGE_LOOP('',(#5945,#5946,#5952,#5953));
#5945 = ORIENTED_EDGE('',*,*,#5693,.T.);
#5946 = ORIENTED_EDGE('',*,*,#5947,.T.);
#5947 = EDGE_CURVE('',#5694,#5816,#5948,.T.);
#5948 = LINE('',#5949,#5950);
#5949 = CARTESIAN_POINT('',(100.,-101.55,-4.5E-02));
#5950 = VECTOR('',#5951,1.);
#5951 = DIRECTION('',(0.,0.,1.));
#5952 = ORIENTED_EDGE('',*,*,#5815,.F.);
#5953 = ORIENTED_EDGE('',*,*,#5947,.F.);
#5954 = CYLINDRICAL_SURFACE('',#5955,0.55);
#5955 = AXIS2_PLACEMENT_3D('',#5956,#5957,#5958);
#5956 = CARTESIAN_POINT('',(100.,-101.,-4.5E-02));
#5957 = DIRECTION('',(-0.,-0.,-1.));
#5958 = DIRECTION('',(-0.,-1.,0.));
#5959 = ADVANCED_FACE('',(#5960),#5976,.F.);
#5960 = FACE_BOUND('',#5961,.T.);
#5961 = EDGE_LOOP('',(#5962,#5963,#5969,#5970));
#5962 = ORIENTED_EDGE('',*,*,#5704,.T.);
#5963 = ORIENTED_EDGE('',*,*,#5964,.T.);
#5964 = EDGE_CURVE('',#5707,#5829,#5965,.T.);
#5965 = LINE('',#5966,#5967);
#5966 = CARTESIAN_POINT('',(94.3,-101.25,-4.5E-02));
#5967 = VECTOR('',#5968,1.);
#5968 = DIRECTION('',(0.,0.,1.));
#5969 = ORIENTED_EDGE('',*,*,#5826,.F.);
#5970 = ORIENTED_EDGE('',*,*,#5971,.F.);
#5971 = EDGE_CURVE('',#5705,#5827,#5972,.T.);
#5972 = LINE('',#5973,#5974);
#5973 = CARTESIAN_POINT('',(95.3,-101.25,-4.5E-02));
#5974 = VECTOR('',#5975,1.);
#5975 = DIRECTION('',(0.,0.,1.));
#5976 = CYLINDRICAL_SURFACE('',#5977,0.5);
#5977 = AXIS2_PLACEMENT_3D('',#5978,#5979,#5980);
#5978 = CARTESIAN_POINT('',(94.8,-101.25,-4.5E-02));
#5979 = DIRECTION('',(-0.,-0.,-1.));
#5980 = DIRECTION('',(-1.,0.,-0.));
#5981 = ADVANCED_FACE('',(#5982),#5993,.T.);
#5982 = FACE_BOUND('',#5983,.T.);
#5983 = EDGE_LOOP('',(#5984,#5985,#5986,#5987));
#5984 = ORIENTED_EDGE('',*,*,#5732,.T.);
#5985 = ORIENTED_EDGE('',*,*,#5971,.T.);
#5986 = ORIENTED_EDGE('',*,*,#5854,.F.);
#5987 = ORIENTED_EDGE('',*,*,#5988,.F.);
#5988 = EDGE_CURVE('',#5724,#5846,#5989,.T.);
#5989 = LINE('',#5990,#5991);
#5990 = CARTESIAN_POINT('',(95.3,-98.75,-4.5E-02));
#5991 = VECTOR('',#5992,1.);
#5992 = DIRECTION('',(0.,0.,1.));
#5993 = PLANE('',#5994);
#5994 = AXIS2_PLACEMENT_3D('',#5995,#5996,#5997);
#5995 = CARTESIAN_POINT('',(95.3,-101.25,-4.5E-02));
#5996 = DIRECTION('',(-1.,0.,0.));
#5997 = DIRECTION('',(0.,1.,0.));
#5998 = ADVANCED_FACE('',(#5999),#6010,.F.);
#5999 = FACE_BOUND('',#6000,.T.);
#6000 = EDGE_LOOP('',(#6001,#6002,#6003,#6004));
#6001 = ORIENTED_EDGE('',*,*,#5723,.T.);
#6002 = ORIENTED_EDGE('',*,*,#5988,.T.);
#6003 = ORIENTED_EDGE('',*,*,#5845,.F.);
#6004 = ORIENTED_EDGE('',*,*,#6005,.F.);
#6005 = EDGE_CURVE('',#5716,#5838,#6006,.T.);
#6006 = LINE('',#6007,#6008);
#6007 = CARTESIAN_POINT('',(94.3,-98.75,-4.5E-02));
#6008 = VECTOR('',#6009,1.);
#6009 = DIRECTION('',(0.,0.,1.));
#6010 = CYLINDRICAL_SURFACE('',#6011,0.5);
#6011 = AXIS2_PLACEMENT_3D('',#6012,#6013,#6014);
#6012 = CARTESIAN_POINT('',(94.8,-98.75,-4.5E-02));
#6013 = DIRECTION('',(-0.,-0.,-1.));
#6014 = DIRECTION('',(1.,0.,-0.));
#6015 = ADVANCED_FACE('',(#6016),#6022,.T.);
#6016 = FACE_BOUND('',#6017,.T.);
#6017 = EDGE_LOOP('',(#6018,#6019,#6020,#6021));
#6018 = ORIENTED_EDGE('',*,*,#5715,.T.);
#6019 = ORIENTED_EDGE('',*,*,#6005,.T.);
#6020 = ORIENTED_EDGE('',*,*,#5837,.F.);
#6021 = ORIENTED_EDGE('',*,*,#5964,.F.);
#6022 = PLANE('',#6023);
#6023 = AXIS2_PLACEMENT_3D('',#6024,#6025,#6026);
#6024 = CARTESIAN_POINT('',(94.3,-98.75,-4.5E-02));
#6025 = DIRECTION('',(1.,0.,-0.));
#6026 = DIRECTION('',(0.,-1.,0.));
#6027 = ADVANCED_FACE('',(#6028),#6039,.F.);
#6028 = FACE_BOUND('',#6029,.T.);
#6029 = EDGE_LOOP('',(#6030,#6031,#6037,#6038));
#6030 = ORIENTED_EDGE('',*,*,#5740,.T.);
#6031 = ORIENTED_EDGE('',*,*,#6032,.T.);
#6032 = EDGE_CURVE('',#5741,#5863,#6033,.T.);
#6033 = LINE('',#6034,#6035);
#6034 = CARTESIAN_POINT('',(100.,-99.55,-4.5E-02));
#6035 = VECTOR('',#6036,1.);
#6036 = DIRECTION('',(0.,0.,1.));
#6037 = ORIENTED_EDGE('',*,*,#5862,.F.);
#6038 = ORIENTED_EDGE('',*,*,#6032,.F.);
#6039 = CYLINDRICAL_SURFACE('',#6040,0.55);
#6040 = AXIS2_PLACEMENT_3D('',#6041,#6042,#6043);
#6041 = CARTESIAN_POINT('',(100.,-99.,-4.5E-02));
#6042 = DIRECTION('',(-0.,-0.,-1.));
#6043 = DIRECTION('',(-0.,-1.,0.));
#6044 = ADVANCED_FACE('',(#6045),#6056,.F.);
#6045 = FACE_BOUND('',#6046,.T.);
#6046 = EDGE_LOOP('',(#6047,#6048,#6054,#6055));
#6047 = ORIENTED_EDGE('',*,*,#5751,.T.);
#6048 = ORIENTED_EDGE('',*,*,#6049,.T.);
#6049 = EDGE_CURVE('',#5752,#5874,#6050,.T.);
#6050 = LINE('',#6051,#6052);
#6051 = CARTESIAN_POINT('',(92.75,-88.943,-4.5E-02));
#6052 = VECTOR('',#6053,1.);
#6053 = DIRECTION('',(0.,0.,1.));
#6054 = ORIENTED_EDGE('',*,*,#5873,.F.);
#6055 = ORIENTED_EDGE('',*,*,#6049,.F.);
#6056 = CYLINDRICAL_SURFACE('',#6057,1.5);
#6057 = AXIS2_PLACEMENT_3D('',#6058,#6059,#6060);
#6058 = CARTESIAN_POINT('',(92.75,-87.443,-4.5E-02));
#6059 = DIRECTION('',(-0.,-0.,-1.));
#6060 = DIRECTION('',(-0.,-1.,0.));
#6061 = ADVANCED_FACE('',(#6062),#6073,.F.);
#6062 = FACE_BOUND('',#6063,.T.);
#6063 = EDGE_LOOP('',(#6064,#6065,#6071,#6072));
#6064 = ORIENTED_EDGE('',*,*,#5762,.T.);
#6065 = ORIENTED_EDGE('',*,*,#6066,.T.);
#6066 = EDGE_CURVE('',#5763,#5885,#6067,.T.);
#6067 = LINE('',#6068,#6069);
#6068 = CARTESIAN_POINT('',(100.,-83.6,-4.5E-02));
#6069 = VECTOR('',#6070,1.);
#6070 = DIRECTION('',(0.,0.,1.));
#6071 = ORIENTED_EDGE('',*,*,#5884,.F.);
#6072 = ORIENTED_EDGE('',*,*,#6066,.F.);
#6073 = CYLINDRICAL_SURFACE('',#6074,1.6);
#6074 = AXIS2_PLACEMENT_3D('',#6075,#6076,#6077);
#6075 = CARTESIAN_POINT('',(100.,-82.,-4.5E-02));
#6076 = DIRECTION('',(-0.,-0.,-1.));
#6077 = DIRECTION('',(-0.,-1.,0.));
#6078 = ADVANCED_FACE('',(#6079),#6090,.F.);
#6079 = FACE_BOUND('',#6080,.T.);
#6080 = EDGE_LOOP('',(#6081,#6082,#6088,#6089));
#6081 = ORIENTED_EDGE('',*,*,#5773,.T.);
#6082 = ORIENTED_EDGE('',*,*,#6083,.T.);
#6083 = EDGE_CURVE('',#5774,#5896,#6084,.T.);
#6084 = LINE('',#6085,#6086);
#6085 = CARTESIAN_POINT('',(114.5,-101.5,-4.5E-02));
#6086 = VECTOR('',#6087,1.);
#6087 = DIRECTION('',(0.,0.,1.));
#6088 = ORIENTED_EDGE('',*,*,#5895,.F.);
#6089 = ORIENTED_EDGE('',*,*,#6083,.F.);
#6090 = CYLINDRICAL_SURFACE('',#6091,1.5);
#6091 = AXIS2_PLACEMENT_3D('',#6092,#6093,#6094);
#6092 = CARTESIAN_POINT('',(114.5,-100.,-4.5E-02));
#6093 = DIRECTION('',(-0.,-0.,-1.));
#6094 = DIRECTION('',(-0.,-1.,0.));
#6095 = ( GEOMETRIC_REPRESENTATION_CONTEXT(3) 
GLOBAL_UNCERTAINTY_ASSIGNED_CONTEXT((#6099)) 
GLOBAL_UNIT_ASSIGNED_CONTEXT((#6096,#6097,#6098)) REPRESENTATION_CONTEXT
('Context #1','3D Context with UNIT and UNCERTAINTY') );
#6096 = ( LENGTH_UNIT() NAMED_UNIT(*) SI_UNIT(.MILLI.,.METRE.) );
#6097 = ( NAMED_UNIT(*) PLANE_ANGLE_UNIT() SI_UNIT($,.RADIAN.) );
#6098 = ( NAMED_UNIT(*) SI_UNIT($,.STERADIAN.) SOLID_ANGLE_UNIT() );
#6099 = UNCERTAINTY_MEASURE_WITH_UNIT(LENGTH_MEASURE(5.E-05),#6096,
  'distance_accuracy_value','confusion accuracy');
#6100 = CONTEXT_DEPENDENT_SHAPE_REPRESENTATION(#6101,#6103);
#6101 = ( REPRESENTATION_RELATIONSHIP('','',#5628,#10) 
REPRESENTATION_RELATIONSHIP_WITH_TRANSFORMATION(#6102) 
SHAPE_REPRESENTATION_RELATIONSHIP() );
#6102 = ITEM_DEFINED_TRANSFORMATION('','',#11,#19);
#6103 = PRODUCT_DEFINITION_SHAPE('Placement','Placement of an item',
  #6104);
#6104 = NEXT_ASSEMBLY_USAGE_OCCURRENCE('3','=>[0:1:1:4]','',#5,#5623,$);
#6105 = PRODUCT_RELATED_PRODUCT_CATEGORY('part',$,(#5625));
#6106 = MECHANICAL_DESIGN_GEOMETRIC_PRESENTATION_REPRESENTATION('',(
    #6107,#6115,#6122,#6129,#6136,#6143,#6150,#6157,#6164,#6171,#6178,
    #6185,#6192,#6199,#6206,#6213,#6220,#6227,#6234,#6241,#6248,#6255,
    #6262,#6269,#6276,#6283,#6290,#6297,#6304,#6311,#6318,#6325,#6332,
    #6339,#6346,#6354,#6361,#6368,#6375,#6382,#6389,#6396,#6403,#6410,
    #6417,#6424,#6431,#6438,#6445,#6452,#6459,#6466,#6473,#6480,#6487,
    #6494,#6501,#6508,#6515,#6522,#6529,#6536,#6543,#6550,#6557,#6564,
    #6571,#6578,#6585,#6592,#6599,#6606,#6613,#6620,#6627,#6634,#6641,
    #6648,#6655,#6662,#6669,#6676,#6683,#6690,#6697,#6704,#6711,#6718,
    #6725,#6732,#6739,#6746,#6753,#6760,#6767,#6774,#6781,#6788,#6795,
    #6802,#6809,#6816,#6823,#6830,#6837,#6844,#6851,#6858,#6865,#6872,
    #6879,#6886,#6893,#6900,#6907,#6914,#6921,#6928,#6935,#6942,#6949,
    #6956,#6963,#6970,#6977,#6984,#6991,#6998,#7005,#7012,#7019,#7026,
    #7033,#7040,#7047,#7054,#7061,#7068,#7075,#7082,#7089,#7096,#7103,
    #7110,#7117,#7124,#7131,#7138,#7145,#7152,#7159,#7166,#7173,#7180,
    #7187,#7194,#7201,#7208,#7215,#7222,#7229,#7236,#7243,#7250,#7257,
    #7264,#7271,#7278,#7285,#7292,#7299,#7306,#7313,#7320,#7327,#7334,
    #7341,#7348,#7355,#7362,#7369,#7376,#7383,#7390,#7397,#7404,#7411,
    #7418,#7425,#7432),#5610);
#6107 = STYLED_ITEM('color',(#6108),#62);
#6108 = PRESENTATION_STYLE_ASSIGNMENT((#6109));
#6109 = SURFACE_STYLE_USAGE(.BOTH.,#6110);
#6110 = SURFACE_SIDE_STYLE('',(#6111));
#6111 = SURFACE_STYLE_FILL_AREA(#6112);
#6112 = FILL_AREA_STYLE('',(#6113));
#6113 = FILL_AREA_STYLE_COLOUR('',#6114);
#6114 = COLOUR_RGB('',0.147999998088,0.145000001626,0.145000001626);
#6115 = STYLED_ITEM('color',(#6116),#102);
#6116 = PRESENTATION_STYLE_ASSIGNMENT((#6117));
#6117 = SURFACE_STYLE_USAGE(.BOTH.,#6118);
#6118 = SURFACE_SIDE_STYLE('',(#6119));
#6119 = SURFACE_STYLE_FILL_AREA(#6120);
#6120 = FILL_AREA_STYLE('',(#6121));
#6121 = FILL_AREA_STYLE_COLOUR('',#6114);
#6122 = STYLED_ITEM('color',(#6123),#165);
#6123 = PRESENTATION_STYLE_ASSIGNMENT((#6124));
#6124 = SURFACE_STYLE_USAGE(.BOTH.,#6125);
#6125 = SURFACE_SIDE_STYLE('',(#6126));
#6126 = SURFACE_STYLE_FILL_AREA(#6127);
#6127 = FILL_AREA_STYLE('',(#6128));
#6128 = FILL_AREA_STYLE_COLOUR('',#6114);
#6129 = STYLED_ITEM('color',(#6130),#228);
#6130 = PRESENTATION_STYLE_ASSIGNMENT((#6131));
#6131 = SURFACE_STYLE_USAGE(.BOTH.,#6132);
#6132 = SURFACE_SIDE_STYLE('',(#6133));
#6133 = SURFACE_STYLE_FILL_AREA(#6134);
#6134 = FILL_AREA_STYLE('',(#6135));
#6135 = FILL_AREA_STYLE_COLOUR('',#6114);
#6136 = STYLED_ITEM('color',(#6137),#245);
#6137 = PRESENTATION_STYLE_ASSIGNMENT((#6138));
#6138 = SURFACE_STYLE_USAGE(.BOTH.,#6139);
#6139 = SURFACE_SIDE_STYLE('',(#6140));
#6140 = SURFACE_STYLE_FILL_AREA(#6141);
#6141 = FILL_AREA_STYLE('',(#6142));
#6142 = FILL_AREA_STYLE_COLOUR('',#6114);
#6143 = STYLED_ITEM('color',(#6144),#466);
#6144 = PRESENTATION_STYLE_ASSIGNMENT((#6145));
#6145 = SURFACE_STYLE_USAGE(.BOTH.,#6146);
#6146 = SURFACE_SIDE_STYLE('',(#6147));
#6147 = SURFACE_STYLE_FILL_AREA(#6148);
#6148 = FILL_AREA_STYLE('',(#6149));
#6149 = FILL_AREA_STYLE_COLOUR('',#6114);
#6150 = STYLED_ITEM('color',(#6151),#488);
#6151 = PRESENTATION_STYLE_ASSIGNMENT((#6152));
#6152 = SURFACE_STYLE_USAGE(.BOTH.,#6153);
#6153 = SURFACE_SIDE_STYLE('',(#6154));
#6154 = SURFACE_STYLE_FILL_AREA(#6155);
#6155 = FILL_AREA_STYLE('',(#6156));
#6156 = FILL_AREA_STYLE_COLOUR('',#6114);
#6157 = STYLED_ITEM('color',(#6158),#505);
#6158 = PRESENTATION_STYLE_ASSIGNMENT((#6159));
#6159 = SURFACE_STYLE_USAGE(.BOTH.,#6160);
#6160 = SURFACE_SIDE_STYLE('',(#6161));
#6161 = SURFACE_STYLE_FILL_AREA(#6162);
#6162 = FILL_AREA_STYLE('',(#6163));
#6163 = FILL_AREA_STYLE_COLOUR('',#6114);
#6164 = STYLED_ITEM('color',(#6165),#918);
#6165 = PRESENTATION_STYLE_ASSIGNMENT((#6166));
#6166 = SURFACE_STYLE_USAGE(.BOTH.,#6167);
#6167 = SURFACE_SIDE_STYLE('',(#6168));
#6168 = SURFACE_STYLE_FILL_AREA(#6169);
#6169 = FILL_AREA_STYLE('',(#6170));
#6170 = FILL_AREA_STYLE_COLOUR('',#6114);
#6171 = STYLED_ITEM('color',(#6172),#930);
#6172 = PRESENTATION_STYLE_ASSIGNMENT((#6173));
#6173 = SURFACE_STYLE_USAGE(.BOTH.,#6174);
#6174 = SURFACE_SIDE_STYLE('',(#6175));
#6175 = SURFACE_STYLE_FILL_AREA(#6176);
#6176 = FILL_AREA_STYLE('',(#6177));
#6177 = FILL_AREA_STYLE_COLOUR('',#6114);
#6178 = STYLED_ITEM('color',(#6179),#942);
#6179 = PRESENTATION_STYLE_ASSIGNMENT((#6180));
#6180 = SURFACE_STYLE_USAGE(.BOTH.,#6181);
#6181 = SURFACE_SIDE_STYLE('',(#6182));
#6182 = SURFACE_STYLE_FILL_AREA(#6183);
#6183 = FILL_AREA_STYLE('',(#6184));
#6184 = FILL_AREA_STYLE_COLOUR('',#6114);
#6185 = STYLED_ITEM('color',(#6186),#973);
#6186 = PRESENTATION_STYLE_ASSIGNMENT((#6187));
#6187 = SURFACE_STYLE_USAGE(.BOTH.,#6188);
#6188 = SURFACE_SIDE_STYLE('',(#6189));
#6189 = SURFACE_STYLE_FILL_AREA(#6190);
#6190 = FILL_AREA_STYLE('',(#6191));
#6191 = FILL_AREA_STYLE_COLOUR('',#6114);
#6192 = STYLED_ITEM('color',(#6193),#997);
#6193 = PRESENTATION_STYLE_ASSIGNMENT((#6194));
#6194 = SURFACE_STYLE_USAGE(.BOTH.,#6195);
#6195 = SURFACE_SIDE_STYLE('',(#6196));
#6196 = SURFACE_STYLE_FILL_AREA(#6197);
#6197 = FILL_AREA_STYLE('',(#6198));
#6198 = FILL_AREA_STYLE_COLOUR('',#6114);
#6199 = STYLED_ITEM('color',(#6200),#1021);
#6200 = PRESENTATION_STYLE_ASSIGNMENT((#6201));
#6201 = SURFACE_STYLE_USAGE(.BOTH.,#6202);
#6202 = SURFACE_SIDE_STYLE('',(#6203));
#6203 = SURFACE_STYLE_FILL_AREA(#6204);
#6204 = FILL_AREA_STYLE('',(#6205));
#6205 = FILL_AREA_STYLE_COLOUR('',#6114);
#6206 = STYLED_ITEM('color',(#6207),#1038);
#6207 = PRESENTATION_STYLE_ASSIGNMENT((#6208));
#6208 = SURFACE_STYLE_USAGE(.BOTH.,#6209);
#6209 = SURFACE_SIDE_STYLE('',(#6210));
#6210 = SURFACE_STYLE_FILL_AREA(#6211);
#6211 = FILL_AREA_STYLE('',(#6212));
#6212 = FILL_AREA_STYLE_COLOUR('',#6114);
#6213 = STYLED_ITEM('color',(#6214),#1069);
#6214 = PRESENTATION_STYLE_ASSIGNMENT((#6215));
#6215 = SURFACE_STYLE_USAGE(.BOTH.,#6216);
#6216 = SURFACE_SIDE_STYLE('',(#6217));
#6217 = SURFACE_STYLE_FILL_AREA(#6218);
#6218 = FILL_AREA_STYLE('',(#6219));
#6219 = FILL_AREA_STYLE_COLOUR('',#6114);
#6220 = STYLED_ITEM('color',(#6221),#1093);
#6221 = PRESENTATION_STYLE_ASSIGNMENT((#6222));
#6222 = SURFACE_STYLE_USAGE(.BOTH.,#6223);
#6223 = SURFACE_SIDE_STYLE('',(#6224));
#6224 = SURFACE_STYLE_FILL_AREA(#6225);
#6225 = FILL_AREA_STYLE('',(#6226));
#6226 = FILL_AREA_STYLE_COLOUR('',#6114);
#6227 = STYLED_ITEM('color',(#6228),#1117);
#6228 = PRESENTATION_STYLE_ASSIGNMENT((#6229));
#6229 = SURFACE_STYLE_USAGE(.BOTH.,#6230);
#6230 = SURFACE_SIDE_STYLE('',(#6231));
#6231 = SURFACE_STYLE_FILL_AREA(#6232);
#6232 = FILL_AREA_STYLE('',(#6233));
#6233 = FILL_AREA_STYLE_COLOUR('',#6114);
#6234 = STYLED_ITEM('color',(#6235),#1134);
#6235 = PRESENTATION_STYLE_ASSIGNMENT((#6236));
#6236 = SURFACE_STYLE_USAGE(.BOTH.,#6237);
#6237 = SURFACE_SIDE_STYLE('',(#6238));
#6238 = SURFACE_STYLE_FILL_AREA(#6239);
#6239 = FILL_AREA_STYLE('',(#6240));
#6240 = FILL_AREA_STYLE_COLOUR('',#6114);
#6241 = STYLED_ITEM('color',(#6242),#1165);
#6242 = PRESENTATION_STYLE_ASSIGNMENT((#6243));
#6243 = SURFACE_STYLE_USAGE(.BOTH.,#6244);
#6244 = SURFACE_SIDE_STYLE('',(#6245));
#6245 = SURFACE_STYLE_FILL_AREA(#6246);
#6246 = FILL_AREA_STYLE('',(#6247));
#6247 = FILL_AREA_STYLE_COLOUR('',#6114);
#6248 = STYLED_ITEM('color',(#6249),#1189);
#6249 = PRESENTATION_STYLE_ASSIGNMENT((#6250));
#6250 = SURFACE_STYLE_USAGE(.BOTH.,#6251);
#6251 = SURFACE_SIDE_STYLE('',(#6252));
#6252 = SURFACE_STYLE_FILL_AREA(#6253);
#6253 = FILL_AREA_STYLE('',(#6254));
#6254 = FILL_AREA_STYLE_COLOUR('',#6114);
#6255 = STYLED_ITEM('color',(#6256),#1213);
#6256 = PRESENTATION_STYLE_ASSIGNMENT((#6257));
#6257 = SURFACE_STYLE_USAGE(.BOTH.,#6258);
#6258 = SURFACE_SIDE_STYLE('',(#6259));
#6259 = SURFACE_STYLE_FILL_AREA(#6260);
#6260 = FILL_AREA_STYLE('',(#6261));
#6261 = FILL_AREA_STYLE_COLOUR('',#6114);
#6262 = STYLED_ITEM('color',(#6263),#1230);
#6263 = PRESENTATION_STYLE_ASSIGNMENT((#6264));
#6264 = SURFACE_STYLE_USAGE(.BOTH.,#6265);
#6265 = SURFACE_SIDE_STYLE('',(#6266));
#6266 = SURFACE_STYLE_FILL_AREA(#6267);
#6267 = FILL_AREA_STYLE('',(#6268));
#6268 = FILL_AREA_STYLE_COLOUR('',#6114);
#6269 = STYLED_ITEM('color',(#6270),#1261);
#6270 = PRESENTATION_STYLE_ASSIGNMENT((#6271));
#6271 = SURFACE_STYLE_USAGE(.BOTH.,#6272);
#6272 = SURFACE_SIDE_STYLE('',(#6273));
#6273 = SURFACE_STYLE_FILL_AREA(#6274);
#6274 = FILL_AREA_STYLE('',(#6275));
#6275 = FILL_AREA_STYLE_COLOUR('',#6114);
#6276 = STYLED_ITEM('color',(#6277),#1285);
#6277 = PRESENTATION_STYLE_ASSIGNMENT((#6278));
#6278 = SURFACE_STYLE_USAGE(.BOTH.,#6279);
#6279 = SURFACE_SIDE_STYLE('',(#6280));
#6280 = SURFACE_STYLE_FILL_AREA(#6281);
#6281 = FILL_AREA_STYLE('',(#6282));
#6282 = FILL_AREA_STYLE_COLOUR('',#6114);
#6283 = STYLED_ITEM('color',(#6284),#1309);
#6284 = PRESENTATION_STYLE_ASSIGNMENT((#6285));
#6285 = SURFACE_STYLE_USAGE(.BOTH.,#6286);
#6286 = SURFACE_SIDE_STYLE('',(#6287));
#6287 = SURFACE_STYLE_FILL_AREA(#6288);
#6288 = FILL_AREA_STYLE('',(#6289));
#6289 = FILL_AREA_STYLE_COLOUR('',#6114);
#6290 = STYLED_ITEM('color',(#6291),#1326);
#6291 = PRESENTATION_STYLE_ASSIGNMENT((#6292));
#6292 = SURFACE_STYLE_USAGE(.BOTH.,#6293);
#6293 = SURFACE_SIDE_STYLE('',(#6294));
#6294 = SURFACE_STYLE_FILL_AREA(#6295);
#6295 = FILL_AREA_STYLE('',(#6296));
#6296 = FILL_AREA_STYLE_COLOUR('',#6114);
#6297 = STYLED_ITEM('color',(#6298),#1357);
#6298 = PRESENTATION_STYLE_ASSIGNMENT((#6299));
#6299 = SURFACE_STYLE_USAGE(.BOTH.,#6300);
#6300 = SURFACE_SIDE_STYLE('',(#6301));
#6301 = SURFACE_STYLE_FILL_AREA(#6302);
#6302 = FILL_AREA_STYLE('',(#6303));
#6303 = FILL_AREA_STYLE_COLOUR('',#6114);
#6304 = STYLED_ITEM('color',(#6305),#1381);
#6305 = PRESENTATION_STYLE_ASSIGNMENT((#6306));
#6306 = SURFACE_STYLE_USAGE(.BOTH.,#6307);
#6307 = SURFACE_SIDE_STYLE('',(#6308));
#6308 = SURFACE_STYLE_FILL_AREA(#6309);
#6309 = FILL_AREA_STYLE('',(#6310));
#6310 = FILL_AREA_STYLE_COLOUR('',#6114);
#6311 = STYLED_ITEM('color',(#6312),#1405);
#6312 = PRESENTATION_STYLE_ASSIGNMENT((#6313));
#6313 = SURFACE_STYLE_USAGE(.BOTH.,#6314);
#6314 = SURFACE_SIDE_STYLE('',(#6315));
#6315 = SURFACE_STYLE_FILL_AREA(#6316);
#6316 = FILL_AREA_STYLE('',(#6317));
#6317 = FILL_AREA_STYLE_COLOUR('',#6114);
#6318 = STYLED_ITEM('color',(#6319),#1422);
#6319 = PRESENTATION_STYLE_ASSIGNMENT((#6320));
#6320 = SURFACE_STYLE_USAGE(.BOTH.,#6321);
#6321 = SURFACE_SIDE_STYLE('',(#6322));
#6322 = SURFACE_STYLE_FILL_AREA(#6323);
#6323 = FILL_AREA_STYLE('',(#6324));
#6324 = FILL_AREA_STYLE_COLOUR('',#6114);
#6325 = STYLED_ITEM('color',(#6326),#1453);
#6326 = PRESENTATION_STYLE_ASSIGNMENT((#6327));
#6327 = SURFACE_STYLE_USAGE(.BOTH.,#6328);
#6328 = SURFACE_SIDE_STYLE('',(#6329));
#6329 = SURFACE_STYLE_FILL_AREA(#6330);
#6330 = FILL_AREA_STYLE('',(#6331));
#6331 = FILL_AREA_STYLE_COLOUR('',#6114);
#6332 = STYLED_ITEM('color',(#6333),#1477);
#6333 = PRESENTATION_STYLE_ASSIGNMENT((#6334));
#6334 = SURFACE_STYLE_USAGE(.BOTH.,#6335);
#6335 = SURFACE_SIDE_STYLE('',(#6336));
#6336 = SURFACE_STYLE_FILL_AREA(#6337);
#6337 = FILL_AREA_STYLE('',(#6338));
#6338 = FILL_AREA_STYLE_COLOUR('',#6114);
#6339 = STYLED_ITEM('color',(#6340),#1501);
#6340 = PRESENTATION_STYLE_ASSIGNMENT((#6341));
#6341 = SURFACE_STYLE_USAGE(.BOTH.,#6342);
#6342 = SURFACE_SIDE_STYLE('',(#6343));
#6343 = SURFACE_STYLE_FILL_AREA(#6344);
#6344 = FILL_AREA_STYLE('',(#6345));
#6345 = FILL_AREA_STYLE_COLOUR('',#6114);
#6346 = STYLED_ITEM('color',(#6347),#1518);
#6347 = PRESENTATION_STYLE_ASSIGNMENT((#6348));
#6348 = SURFACE_STYLE_USAGE(.BOTH.,#6349);
#6349 = SURFACE_SIDE_STYLE('',(#6350));
#6350 = SURFACE_STYLE_FILL_AREA(#6351);
#6351 = FILL_AREA_STYLE('',(#6352));
#6352 = FILL_AREA_STYLE_COLOUR('',#6353);
#6353 = COLOUR_RGB('',0.858999988747,0.738000004258,0.496000005009);
#6354 = STYLED_ITEM('color',(#6355),#1535);
#6355 = PRESENTATION_STYLE_ASSIGNMENT((#6356));
#6356 = SURFACE_STYLE_USAGE(.BOTH.,#6357);
#6357 = SURFACE_SIDE_STYLE('',(#6358));
#6358 = SURFACE_STYLE_FILL_AREA(#6359);
#6359 = FILL_AREA_STYLE('',(#6360));
#6360 = FILL_AREA_STYLE_COLOUR('',#6353);
#6361 = STYLED_ITEM('color',(#6362),#1566);
#6362 = PRESENTATION_STYLE_ASSIGNMENT((#6363));
#6363 = SURFACE_STYLE_USAGE(.BOTH.,#6364);
#6364 = SURFACE_SIDE_STYLE('',(#6365));
#6365 = SURFACE_STYLE_FILL_AREA(#6366);
#6366 = FILL_AREA_STYLE('',(#6367));
#6367 = FILL_AREA_STYLE_COLOUR('',#6353);
#6368 = STYLED_ITEM('color',(#6369),#1583);
#6369 = PRESENTATION_STYLE_ASSIGNMENT((#6370));
#6370 = SURFACE_STYLE_USAGE(.BOTH.,#6371);
#6371 = SURFACE_SIDE_STYLE('',(#6372));
#6372 = SURFACE_STYLE_FILL_AREA(#6373);
#6373 = FILL_AREA_STYLE('',(#6374));
#6374 = FILL_AREA_STYLE_COLOUR('',#6353);
#6375 = STYLED_ITEM('color',(#6376),#1614);
#6376 = PRESENTATION_STYLE_ASSIGNMENT((#6377));
#6377 = SURFACE_STYLE_USAGE(.BOTH.,#6378);
#6378 = SURFACE_SIDE_STYLE('',(#6379));
#6379 = SURFACE_STYLE_FILL_AREA(#6380);
#6380 = FILL_AREA_STYLE('',(#6381));
#6381 = FILL_AREA_STYLE_COLOUR('',#6353);
#6382 = STYLED_ITEM('color',(#6383),#1631);
#6383 = PRESENTATION_STYLE_ASSIGNMENT((#6384));
#6384 = SURFACE_STYLE_USAGE(.BOTH.,#6385);
#6385 = SURFACE_SIDE_STYLE('',(#6386));
#6386 = SURFACE_STYLE_FILL_AREA(#6387);
#6387 = FILL_AREA_STYLE('',(#6388));
#6388 = FILL_AREA_STYLE_COLOUR('',#6353);
#6389 = STYLED_ITEM('color',(#6390),#1662);
#6390 = PRESENTATION_STYLE_ASSIGNMENT((#6391));
#6391 = SURFACE_STYLE_USAGE(.BOTH.,#6392);
#6392 = SURFACE_SIDE_STYLE('',(#6393));
#6393 = SURFACE_STYLE_FILL_AREA(#6394);
#6394 = FILL_AREA_STYLE('',(#6395));
#6395 = FILL_AREA_STYLE_COLOUR('',#6353);
#6396 = STYLED_ITEM('color',(#6397),#1679);
#6397 = PRESENTATION_STYLE_ASSIGNMENT((#6398));
#6398 = SURFACE_STYLE_USAGE(.BOTH.,#6399);
#6399 = SURFACE_SIDE_STYLE('',(#6400));
#6400 = SURFACE_STYLE_FILL_AREA(#6401);
#6401 = FILL_AREA_STYLE('',(#6402));
#6402 = FILL_AREA_STYLE_COLOUR('',#6353);
#6403 = STYLED_ITEM('color',(#6404),#1710);
#6404 = PRESENTATION_STYLE_ASSIGNMENT((#6405));
#6405 = SURFACE_STYLE_USAGE(.BOTH.,#6406);
#6406 = SURFACE_SIDE_STYLE('',(#6407));
#6407 = SURFACE_STYLE_FILL_AREA(#6408);
#6408 = FILL_AREA_STYLE('',(#6409));
#6409 = FILL_AREA_STYLE_COLOUR('',#6353);
#6410 = STYLED_ITEM('color',(#6411),#1727);
#6411 = PRESENTATION_STYLE_ASSIGNMENT((#6412));
#6412 = SURFACE_STYLE_USAGE(.BOTH.,#6413);
#6413 = SURFACE_SIDE_STYLE('',(#6414));
#6414 = SURFACE_STYLE_FILL_AREA(#6415);
#6415 = FILL_AREA_STYLE('',(#6416));
#6416 = FILL_AREA_STYLE_COLOUR('',#6353);
#6417 = STYLED_ITEM('color',(#6418),#1758);
#6418 = PRESENTATION_STYLE_ASSIGNMENT((#6419));
#6419 = SURFACE_STYLE_USAGE(.BOTH.,#6420);
#6420 = SURFACE_SIDE_STYLE('',(#6421));
#6421 = SURFACE_STYLE_FILL_AREA(#6422);
#6422 = FILL_AREA_STYLE('',(#6423));
#6423 = FILL_AREA_STYLE_COLOUR('',#6353);
#6424 = STYLED_ITEM('color',(#6425),#1775);
#6425 = PRESENTATION_STYLE_ASSIGNMENT((#6426));
#6426 = SURFACE_STYLE_USAGE(.BOTH.,#6427);
#6427 = SURFACE_SIDE_STYLE('',(#6428));
#6428 = SURFACE_STYLE_FILL_AREA(#6429);
#6429 = FILL_AREA_STYLE('',(#6430));
#6430 = FILL_AREA_STYLE_COLOUR('',#6353);
#6431 = STYLED_ITEM('color',(#6432),#1806);
#6432 = PRESENTATION_STYLE_ASSIGNMENT((#6433));
#6433 = SURFACE_STYLE_USAGE(.BOTH.,#6434);
#6434 = SURFACE_SIDE_STYLE('',(#6435));
#6435 = SURFACE_STYLE_FILL_AREA(#6436);
#6436 = FILL_AREA_STYLE('',(#6437));
#6437 = FILL_AREA_STYLE_COLOUR('',#6353);
#6438 = STYLED_ITEM('color',(#6439),#1823);
#6439 = PRESENTATION_STYLE_ASSIGNMENT((#6440));
#6440 = SURFACE_STYLE_USAGE(.BOTH.,#6441);
#6441 = SURFACE_SIDE_STYLE('',(#6442));
#6442 = SURFACE_STYLE_FILL_AREA(#6443);
#6443 = FILL_AREA_STYLE('',(#6444));
#6444 = FILL_AREA_STYLE_COLOUR('',#6353);
#6445 = STYLED_ITEM('color',(#6446),#1854);
#6446 = PRESENTATION_STYLE_ASSIGNMENT((#6447));
#6447 = SURFACE_STYLE_USAGE(.BOTH.,#6448);
#6448 = SURFACE_SIDE_STYLE('',(#6449));
#6449 = SURFACE_STYLE_FILL_AREA(#6450);
#6450 = FILL_AREA_STYLE('',(#6451));
#6451 = FILL_AREA_STYLE_COLOUR('',#6353);
#6452 = STYLED_ITEM('color',(#6453),#1871);
#6453 = PRESENTATION_STYLE_ASSIGNMENT((#6454));
#6454 = SURFACE_STYLE_USAGE(.BOTH.,#6455);
#6455 = SURFACE_SIDE_STYLE('',(#6456));
#6456 = SURFACE_STYLE_FILL_AREA(#6457);
#6457 = FILL_AREA_STYLE('',(#6458));
#6458 = FILL_AREA_STYLE_COLOUR('',#6353);
#6459 = STYLED_ITEM('color',(#6460),#1902);
#6460 = PRESENTATION_STYLE_ASSIGNMENT((#6461));
#6461 = SURFACE_STYLE_USAGE(.BOTH.,#6462);
#6462 = SURFACE_SIDE_STYLE('',(#6463));
#6463 = SURFACE_STYLE_FILL_AREA(#6464);
#6464 = FILL_AREA_STYLE('',(#6465));
#6465 = FILL_AREA_STYLE_COLOUR('',#6353);
#6466 = STYLED_ITEM('color',(#6467),#1919);
#6467 = PRESENTATION_STYLE_ASSIGNMENT((#6468));
#6468 = SURFACE_STYLE_USAGE(.BOTH.,#6469);
#6469 = SURFACE_SIDE_STYLE('',(#6470));
#6470 = SURFACE_STYLE_FILL_AREA(#6471);
#6471 = FILL_AREA_STYLE('',(#6472));
#6472 = FILL_AREA_STYLE_COLOUR('',#6353);
#6473 = STYLED_ITEM('color',(#6474),#1950);
#6474 = PRESENTATION_STYLE_ASSIGNMENT((#6475));
#6475 = SURFACE_STYLE_USAGE(.BOTH.,#6476);
#6476 = SURFACE_SIDE_STYLE('',(#6477));
#6477 = SURFACE_STYLE_FILL_AREA(#6478);
#6478 = FILL_AREA_STYLE('',(#6479));
#6479 = FILL_AREA_STYLE_COLOUR('',#6353);
#6480 = STYLED_ITEM('color',(#6481),#1967);
#6481 = PRESENTATION_STYLE_ASSIGNMENT((#6482));
#6482 = SURFACE_STYLE_USAGE(.BOTH.,#6483);
#6483 = SURFACE_SIDE_STYLE('',(#6484));
#6484 = SURFACE_STYLE_FILL_AREA(#6485);
#6485 = FILL_AREA_STYLE('',(#6486));
#6486 = FILL_AREA_STYLE_COLOUR('',#6353);
#6487 = STYLED_ITEM('color',(#6488),#1998);
#6488 = PRESENTATION_STYLE_ASSIGNMENT((#6489));
#6489 = SURFACE_STYLE_USAGE(.BOTH.,#6490);
#6490 = SURFACE_SIDE_STYLE('',(#6491));
#6491 = SURFACE_STYLE_FILL_AREA(#6492);
#6492 = FILL_AREA_STYLE('',(#6493));
#6493 = FILL_AREA_STYLE_COLOUR('',#6353);
#6494 = STYLED_ITEM('color',(#6495),#2015);
#6495 = PRESENTATION_STYLE_ASSIGNMENT((#6496));
#6496 = SURFACE_STYLE_USAGE(.BOTH.,#6497);
#6497 = SURFACE_SIDE_STYLE('',(#6498));
#6498 = SURFACE_STYLE_FILL_AREA(#6499);
#6499 = FILL_AREA_STYLE('',(#6500));
#6500 = FILL_AREA_STYLE_COLOUR('',#6353);
#6501 = STYLED_ITEM('color',(#6502),#2046);
#6502 = PRESENTATION_STYLE_ASSIGNMENT((#6503));
#6503 = SURFACE_STYLE_USAGE(.BOTH.,#6504);
#6504 = SURFACE_SIDE_STYLE('',(#6505));
#6505 = SURFACE_STYLE_FILL_AREA(#6506);
#6506 = FILL_AREA_STYLE('',(#6507));
#6507 = FILL_AREA_STYLE_COLOUR('',#6353);
#6508 = STYLED_ITEM('color',(#6509),#2063);
#6509 = PRESENTATION_STYLE_ASSIGNMENT((#6510));
#6510 = SURFACE_STYLE_USAGE(.BOTH.,#6511);
#6511 = SURFACE_SIDE_STYLE('',(#6512));
#6512 = SURFACE_STYLE_FILL_AREA(#6513);
#6513 = FILL_AREA_STYLE('',(#6514));
#6514 = FILL_AREA_STYLE_COLOUR('',#6353);
#6515 = STYLED_ITEM('color',(#6516),#2094);
#6516 = PRESENTATION_STYLE_ASSIGNMENT((#6517));
#6517 = SURFACE_STYLE_USAGE(.BOTH.,#6518);
#6518 = SURFACE_SIDE_STYLE('',(#6519));
#6519 = SURFACE_STYLE_FILL_AREA(#6520);
#6520 = FILL_AREA_STYLE('',(#6521));
#6521 = FILL_AREA_STYLE_COLOUR('',#6114);
#6522 = STYLED_ITEM('color',(#6523),#2125);
#6523 = PRESENTATION_STYLE_ASSIGNMENT((#6524));
#6524 = SURFACE_STYLE_USAGE(.BOTH.,#6525);
#6525 = SURFACE_SIDE_STYLE('',(#6526));
#6526 = SURFACE_STYLE_FILL_AREA(#6527);
#6527 = FILL_AREA_STYLE('',(#6528));
#6528 = FILL_AREA_STYLE_COLOUR('',#6114);
#6529 = STYLED_ITEM('color',(#6530),#2181);
#6530 = PRESENTATION_STYLE_ASSIGNMENT((#6531));
#6531 = SURFACE_STYLE_USAGE(.BOTH.,#6532);
#6532 = SURFACE_SIDE_STYLE('',(#6533));
#6533 = SURFACE_STYLE_FILL_AREA(#6534);
#6534 = FILL_AREA_STYLE('',(#6535));
#6535 = FILL_AREA_STYLE_COLOUR('',#6114);
#6536 = STYLED_ITEM('color',(#6537),#2205);
#6537 = PRESENTATION_STYLE_ASSIGNMENT((#6538));
#6538 = SURFACE_STYLE_USAGE(.BOTH.,#6539);
#6539 = SURFACE_SIDE_STYLE('',(#6540));
#6540 = SURFACE_STYLE_FILL_AREA(#6541);
#6541 = FILL_AREA_STYLE('',(#6542));
#6542 = FILL_AREA_STYLE_COLOUR('',#6114);
#6543 = STYLED_ITEM('color',(#6544),#2254);
#6544 = PRESENTATION_STYLE_ASSIGNMENT((#6545));
#6545 = SURFACE_STYLE_USAGE(.BOTH.,#6546);
#6546 = SURFACE_SIDE_STYLE('',(#6547));
#6547 = SURFACE_STYLE_FILL_AREA(#6548);
#6548 = FILL_AREA_STYLE('',(#6549));
#6549 = FILL_AREA_STYLE_COLOUR('',#6114);
#6550 = STYLED_ITEM('color',(#6551),#2285);
#6551 = PRESENTATION_STYLE_ASSIGNMENT((#6552));
#6552 = SURFACE_STYLE_USAGE(.BOTH.,#6553);
#6553 = SURFACE_SIDE_STYLE('',(#6554));
#6554 = SURFACE_STYLE_FILL_AREA(#6555);
#6555 = FILL_AREA_STYLE('',(#6556));
#6556 = FILL_AREA_STYLE_COLOUR('',#6114);
#6557 = STYLED_ITEM('color',(#6558),#2341);
#6558 = PRESENTATION_STYLE_ASSIGNMENT((#6559));
#6559 = SURFACE_STYLE_USAGE(.BOTH.,#6560);
#6560 = SURFACE_SIDE_STYLE('',(#6561));
#6561 = SURFACE_STYLE_FILL_AREA(#6562);
#6562 = FILL_AREA_STYLE('',(#6563));
#6563 = FILL_AREA_STYLE_COLOUR('',#6114);
#6564 = STYLED_ITEM('color',(#6565),#2365);
#6565 = PRESENTATION_STYLE_ASSIGNMENT((#6566));
#6566 = SURFACE_STYLE_USAGE(.BOTH.,#6567);
#6567 = SURFACE_SIDE_STYLE('',(#6568));
#6568 = SURFACE_STYLE_FILL_AREA(#6569);
#6569 = FILL_AREA_STYLE('',(#6570));
#6570 = FILL_AREA_STYLE_COLOUR('',#6114);
#6571 = STYLED_ITEM('color',(#6572),#2414);
#6572 = PRESENTATION_STYLE_ASSIGNMENT((#6573));
#6573 = SURFACE_STYLE_USAGE(.BOTH.,#6574);
#6574 = SURFACE_SIDE_STYLE('',(#6575));
#6575 = SURFACE_STYLE_FILL_AREA(#6576);
#6576 = FILL_AREA_STYLE('',(#6577));
#6577 = FILL_AREA_STYLE_COLOUR('',#6114);
#6578 = STYLED_ITEM('color',(#6579),#2445);
#6579 = PRESENTATION_STYLE_ASSIGNMENT((#6580));
#6580 = SURFACE_STYLE_USAGE(.BOTH.,#6581);
#6581 = SURFACE_SIDE_STYLE('',(#6582));
#6582 = SURFACE_STYLE_FILL_AREA(#6583);
#6583 = FILL_AREA_STYLE('',(#6584));
#6584 = FILL_AREA_STYLE_COLOUR('',#6114);
#6585 = STYLED_ITEM('color',(#6586),#2501);
#6586 = PRESENTATION_STYLE_ASSIGNMENT((#6587));
#6587 = SURFACE_STYLE_USAGE(.BOTH.,#6588);
#6588 = SURFACE_SIDE_STYLE('',(#6589));
#6589 = SURFACE_STYLE_FILL_AREA(#6590);
#6590 = FILL_AREA_STYLE('',(#6591));
#6591 = FILL_AREA_STYLE_COLOUR('',#6114);
#6592 = STYLED_ITEM('color',(#6593),#2525);
#6593 = PRESENTATION_STYLE_ASSIGNMENT((#6594));
#6594 = SURFACE_STYLE_USAGE(.BOTH.,#6595);
#6595 = SURFACE_SIDE_STYLE('',(#6596));
#6596 = SURFACE_STYLE_FILL_AREA(#6597);
#6597 = FILL_AREA_STYLE('',(#6598));
#6598 = FILL_AREA_STYLE_COLOUR('',#6114);
#6599 = STYLED_ITEM('color',(#6600),#2574);
#6600 = PRESENTATION_STYLE_ASSIGNMENT((#6601));
#6601 = SURFACE_STYLE_USAGE(.BOTH.,#6602);
#6602 = SURFACE_SIDE_STYLE('',(#6603));
#6603 = SURFACE_STYLE_FILL_AREA(#6604);
#6604 = FILL_AREA_STYLE('',(#6605));
#6605 = FILL_AREA_STYLE_COLOUR('',#6114);
#6606 = STYLED_ITEM('color',(#6607),#2605);
#6607 = PRESENTATION_STYLE_ASSIGNMENT((#6608));
#6608 = SURFACE_STYLE_USAGE(.BOTH.,#6609);
#6609 = SURFACE_SIDE_STYLE('',(#6610));
#6610 = SURFACE_STYLE_FILL_AREA(#6611);
#6611 = FILL_AREA_STYLE('',(#6612));
#6612 = FILL_AREA_STYLE_COLOUR('',#6114);
#6613 = STYLED_ITEM('color',(#6614),#2661);
#6614 = PRESENTATION_STYLE_ASSIGNMENT((#6615));
#6615 = SURFACE_STYLE_USAGE(.BOTH.,#6616);
#6616 = SURFACE_SIDE_STYLE('',(#6617));
#6617 = SURFACE_STYLE_FILL_AREA(#6618);
#6618 = FILL_AREA_STYLE('',(#6619));
#6619 = FILL_AREA_STYLE_COLOUR('',#6114);
#6620 = STYLED_ITEM('color',(#6621),#2685);
#6621 = PRESENTATION_STYLE_ASSIGNMENT((#6622));
#6622 = SURFACE_STYLE_USAGE(.BOTH.,#6623);
#6623 = SURFACE_SIDE_STYLE('',(#6624));
#6624 = SURFACE_STYLE_FILL_AREA(#6625);
#6625 = FILL_AREA_STYLE('',(#6626));
#6626 = FILL_AREA_STYLE_COLOUR('',#6114);
#6627 = STYLED_ITEM('color',(#6628),#2734);
#6628 = PRESENTATION_STYLE_ASSIGNMENT((#6629));
#6629 = SURFACE_STYLE_USAGE(.BOTH.,#6630);
#6630 = SURFACE_SIDE_STYLE('',(#6631));
#6631 = SURFACE_STYLE_FILL_AREA(#6632);
#6632 = FILL_AREA_STYLE('',(#6633));
#6633 = FILL_AREA_STYLE_COLOUR('',#6114);
#6634 = STYLED_ITEM('color',(#6635),#2765);
#6635 = PRESENTATION_STYLE_ASSIGNMENT((#6636));
#6636 = SURFACE_STYLE_USAGE(.BOTH.,#6637);
#6637 = SURFACE_SIDE_STYLE('',(#6638));
#6638 = SURFACE_STYLE_FILL_AREA(#6639);
#6639 = FILL_AREA_STYLE('',(#6640));
#6640 = FILL_AREA_STYLE_COLOUR('',#6114);
#6641 = STYLED_ITEM('color',(#6642),#2821);
#6642 = PRESENTATION_STYLE_ASSIGNMENT((#6643));
#6643 = SURFACE_STYLE_USAGE(.BOTH.,#6644);
#6644 = SURFACE_SIDE_STYLE('',(#6645));
#6645 = SURFACE_STYLE_FILL_AREA(#6646);
#6646 = FILL_AREA_STYLE('',(#6647));
#6647 = FILL_AREA_STYLE_COLOUR('',#6114);
#6648 = STYLED_ITEM('color',(#6649),#2845);
#6649 = PRESENTATION_STYLE_ASSIGNMENT((#6650));
#6650 = SURFACE_STYLE_USAGE(.BOTH.,#6651);
#6651 = SURFACE_SIDE_STYLE('',(#6652));
#6652 = SURFACE_STYLE_FILL_AREA(#6653);
#6653 = FILL_AREA_STYLE('',(#6654));
#6654 = FILL_AREA_STYLE_COLOUR('',#6114);
#6655 = STYLED_ITEM('color',(#6656),#2894);
#6656 = PRESENTATION_STYLE_ASSIGNMENT((#6657));
#6657 = SURFACE_STYLE_USAGE(.BOTH.,#6658);
#6658 = SURFACE_SIDE_STYLE('',(#6659));
#6659 = SURFACE_STYLE_FILL_AREA(#6660);
#6660 = FILL_AREA_STYLE('',(#6661));
#6661 = FILL_AREA_STYLE_COLOUR('',#6114);
#6662 = STYLED_ITEM('color',(#6663),#2925);
#6663 = PRESENTATION_STYLE_ASSIGNMENT((#6664));
#6664 = SURFACE_STYLE_USAGE(.BOTH.,#6665);
#6665 = SURFACE_SIDE_STYLE('',(#6666));
#6666 = SURFACE_STYLE_FILL_AREA(#6667);
#6667 = FILL_AREA_STYLE('',(#6668));
#6668 = FILL_AREA_STYLE_COLOUR('',#6114);
#6669 = STYLED_ITEM('color',(#6670),#2981);
#6670 = PRESENTATION_STYLE_ASSIGNMENT((#6671));
#6671 = SURFACE_STYLE_USAGE(.BOTH.,#6672);
#6672 = SURFACE_SIDE_STYLE('',(#6673));
#6673 = SURFACE_STYLE_FILL_AREA(#6674);
#6674 = FILL_AREA_STYLE('',(#6675));
#6675 = FILL_AREA_STYLE_COLOUR('',#6114);
#6676 = STYLED_ITEM('color',(#6677),#3005);
#6677 = PRESENTATION_STYLE_ASSIGNMENT((#6678));
#6678 = SURFACE_STYLE_USAGE(.BOTH.,#6679);
#6679 = SURFACE_SIDE_STYLE('',(#6680));
#6680 = SURFACE_STYLE_FILL_AREA(#6681);
#6681 = FILL_AREA_STYLE('',(#6682));
#6682 = FILL_AREA_STYLE_COLOUR('',#6114);
#6683 = STYLED_ITEM('color',(#6684),#3054);
#6684 = PRESENTATION_STYLE_ASSIGNMENT((#6685));
#6685 = SURFACE_STYLE_USAGE(.BOTH.,#6686);
#6686 = SURFACE_SIDE_STYLE('',(#6687));
#6687 = SURFACE_STYLE_FILL_AREA(#6688);
#6688 = FILL_AREA_STYLE('',(#6689));
#6689 = FILL_AREA_STYLE_COLOUR('',#6353);
#6690 = STYLED_ITEM('color',(#6691),#3089);
#6691 = PRESENTATION_STYLE_ASSIGNMENT((#6692));
#6692 = SURFACE_STYLE_USAGE(.BOTH.,#6693);
#6693 = SURFACE_SIDE_STYLE('',(#6694));
#6694 = SURFACE_STYLE_FILL_AREA(#6695);
#6695 = FILL_AREA_STYLE('',(#6696));
#6696 = FILL_AREA_STYLE_COLOUR('',#6353);
#6697 = STYLED_ITEM('color',(#6698),#3114);
#6698 = PRESENTATION_STYLE_ASSIGNMENT((#6699));
#6699 = SURFACE_STYLE_USAGE(.BOTH.,#6700);
#6700 = SURFACE_SIDE_STYLE('',(#6701));
#6701 = SURFACE_STYLE_FILL_AREA(#6702);
#6702 = FILL_AREA_STYLE('',(#6703));
#6703 = FILL_AREA_STYLE_COLOUR('',#6353);
#6704 = STYLED_ITEM('color',(#6705),#3141);
#6705 = PRESENTATION_STYLE_ASSIGNMENT((#6706));
#6706 = SURFACE_STYLE_USAGE(.BOTH.,#6707);
#6707 = SURFACE_SIDE_STYLE('',(#6708));
#6708 = SURFACE_STYLE_FILL_AREA(#6709);
#6709 = FILL_AREA_STYLE('',(#6710));
#6710 = FILL_AREA_STYLE_COLOUR('',#6353);
#6711 = STYLED_ITEM('color',(#6712),#3158);
#6712 = PRESENTATION_STYLE_ASSIGNMENT((#6713));
#6713 = SURFACE_STYLE_USAGE(.BOTH.,#6714);
#6714 = SURFACE_SIDE_STYLE('',(#6715));
#6715 = SURFACE_STYLE_FILL_AREA(#6716);
#6716 = FILL_AREA_STYLE('',(#6717));
#6717 = FILL_AREA_STYLE_COLOUR('',#6353);
#6718 = STYLED_ITEM('color',(#6719),#3193);
#6719 = PRESENTATION_STYLE_ASSIGNMENT((#6720));
#6720 = SURFACE_STYLE_USAGE(.BOTH.,#6721);
#6721 = SURFACE_SIDE_STYLE('',(#6722));
#6722 = SURFACE_STYLE_FILL_AREA(#6723);
#6723 = FILL_AREA_STYLE('',(#6724));
#6724 = FILL_AREA_STYLE_COLOUR('',#6353);
#6725 = STYLED_ITEM('color',(#6726),#3218);
#6726 = PRESENTATION_STYLE_ASSIGNMENT((#6727));
#6727 = SURFACE_STYLE_USAGE(.BOTH.,#6728);
#6728 = SURFACE_SIDE_STYLE('',(#6729));
#6729 = SURFACE_STYLE_FILL_AREA(#6730);
#6730 = FILL_AREA_STYLE('',(#6731));
#6731 = FILL_AREA_STYLE_COLOUR('',#6353);
#6732 = STYLED_ITEM('color',(#6733),#3245);
#6733 = PRESENTATION_STYLE_ASSIGNMENT((#6734));
#6734 = SURFACE_STYLE_USAGE(.BOTH.,#6735);
#6735 = SURFACE_SIDE_STYLE('',(#6736));
#6736 = SURFACE_STYLE_FILL_AREA(#6737);
#6737 = FILL_AREA_STYLE('',(#6738));
#6738 = FILL_AREA_STYLE_COLOUR('',#6353);
#6739 = STYLED_ITEM('color',(#6740),#3262);
#6740 = PRESENTATION_STYLE_ASSIGNMENT((#6741));
#6741 = SURFACE_STYLE_USAGE(.BOTH.,#6742);
#6742 = SURFACE_SIDE_STYLE('',(#6743));
#6743 = SURFACE_STYLE_FILL_AREA(#6744);
#6744 = FILL_AREA_STYLE('',(#6745));
#6745 = FILL_AREA_STYLE_COLOUR('',#6353);
#6746 = STYLED_ITEM('color',(#6747),#3297);
#6747 = PRESENTATION_STYLE_ASSIGNMENT((#6748));
#6748 = SURFACE_STYLE_USAGE(.BOTH.,#6749);
#6749 = SURFACE_SIDE_STYLE('',(#6750));
#6750 = SURFACE_STYLE_FILL_AREA(#6751);
#6751 = FILL_AREA_STYLE('',(#6752));
#6752 = FILL_AREA_STYLE_COLOUR('',#6353);
#6753 = STYLED_ITEM('color',(#6754),#3322);
#6754 = PRESENTATION_STYLE_ASSIGNMENT((#6755));
#6755 = SURFACE_STYLE_USAGE(.BOTH.,#6756);
#6756 = SURFACE_SIDE_STYLE('',(#6757));
#6757 = SURFACE_STYLE_FILL_AREA(#6758);
#6758 = FILL_AREA_STYLE('',(#6759));
#6759 = FILL_AREA_STYLE_COLOUR('',#6353);
#6760 = STYLED_ITEM('color',(#6761),#3349);
#6761 = PRESENTATION_STYLE_ASSIGNMENT((#6762));
#6762 = SURFACE_STYLE_USAGE(.BOTH.,#6763);
#6763 = SURFACE_SIDE_STYLE('',(#6764));
#6764 = SURFACE_STYLE_FILL_AREA(#6765);
#6765 = FILL_AREA_STYLE('',(#6766));
#6766 = FILL_AREA_STYLE_COLOUR('',#6353);
#6767 = STYLED_ITEM('color',(#6768),#3366);
#6768 = PRESENTATION_STYLE_ASSIGNMENT((#6769));
#6769 = SURFACE_STYLE_USAGE(.BOTH.,#6770);
#6770 = SURFACE_SIDE_STYLE('',(#6771));
#6771 = SURFACE_STYLE_FILL_AREA(#6772);
#6772 = FILL_AREA_STYLE('',(#6773));
#6773 = FILL_AREA_STYLE_COLOUR('',#6353);
#6774 = STYLED_ITEM('color',(#6775),#3401);
#6775 = PRESENTATION_STYLE_ASSIGNMENT((#6776));
#6776 = SURFACE_STYLE_USAGE(.BOTH.,#6777);
#6777 = SURFACE_SIDE_STYLE('',(#6778));
#6778 = SURFACE_STYLE_FILL_AREA(#6779);
#6779 = FILL_AREA_STYLE('',(#6780));
#6780 = FILL_AREA_STYLE_COLOUR('',#6353);
#6781 = STYLED_ITEM('color',(#6782),#3426);
#6782 = PRESENTATION_STYLE_ASSIGNMENT((#6783));
#6783 = SURFACE_STYLE_USAGE(.BOTH.,#6784);
#6784 = SURFACE_SIDE_STYLE('',(#6785));
#6785 = SURFACE_STYLE_FILL_AREA(#6786);
#6786 = FILL_AREA_STYLE('',(#6787));
#6787 = FILL_AREA_STYLE_COLOUR('',#6353);
#6788 = STYLED_ITEM('color',(#6789),#3453);
#6789 = PRESENTATION_STYLE_ASSIGNMENT((#6790));
#6790 = SURFACE_STYLE_USAGE(.BOTH.,#6791);
#6791 = SURFACE_SIDE_STYLE('',(#6792));
#6792 = SURFACE_STYLE_FILL_AREA(#6793);
#6793 = FILL_AREA_STYLE('',(#6794));
#6794 = FILL_AREA_STYLE_COLOUR('',#6353);
#6795 = STYLED_ITEM('color',(#6796),#3470);
#6796 = PRESENTATION_STYLE_ASSIGNMENT((#6797));
#6797 = SURFACE_STYLE_USAGE(.BOTH.,#6798);
#6798 = SURFACE_SIDE_STYLE('',(#6799));
#6799 = SURFACE_STYLE_FILL_AREA(#6800);
#6800 = FILL_AREA_STYLE('',(#6801));
#6801 = FILL_AREA_STYLE_COLOUR('',#6353);
#6802 = STYLED_ITEM('color',(#6803),#3505);
#6803 = PRESENTATION_STYLE_ASSIGNMENT((#6804));
#6804 = SURFACE_STYLE_USAGE(.BOTH.,#6805);
#6805 = SURFACE_SIDE_STYLE('',(#6806));
#6806 = SURFACE_STYLE_FILL_AREA(#6807);
#6807 = FILL_AREA_STYLE('',(#6808));
#6808 = FILL_AREA_STYLE_COLOUR('',#6353);
#6809 = STYLED_ITEM('color',(#6810),#3530);
#6810 = PRESENTATION_STYLE_ASSIGNMENT((#6811));
#6811 = SURFACE_STYLE_USAGE(.BOTH.,#6812);
#6812 = SURFACE_SIDE_STYLE('',(#6813));
#6813 = SURFACE_STYLE_FILL_AREA(#6814);
#6814 = FILL_AREA_STYLE('',(#6815));
#6815 = FILL_AREA_STYLE_COLOUR('',#6353);
#6816 = STYLED_ITEM('color',(#6817),#3557);
#6817 = PRESENTATION_STYLE_ASSIGNMENT((#6818));
#6818 = SURFACE_STYLE_USAGE(.BOTH.,#6819);
#6819 = SURFACE_SIDE_STYLE('',(#6820));
#6820 = SURFACE_STYLE_FILL_AREA(#6821);
#6821 = FILL_AREA_STYLE('',(#6822));
#6822 = FILL_AREA_STYLE_COLOUR('',#6353);
#6823 = STYLED_ITEM('color',(#6824),#3574);
#6824 = PRESENTATION_STYLE_ASSIGNMENT((#6825));
#6825 = SURFACE_STYLE_USAGE(.BOTH.,#6826);
#6826 = SURFACE_SIDE_STYLE('',(#6827));
#6827 = SURFACE_STYLE_FILL_AREA(#6828);
#6828 = FILL_AREA_STYLE('',(#6829));
#6829 = FILL_AREA_STYLE_COLOUR('',#6353);
#6830 = STYLED_ITEM('color',(#6831),#3609);
#6831 = PRESENTATION_STYLE_ASSIGNMENT((#6832));
#6832 = SURFACE_STYLE_USAGE(.BOTH.,#6833);
#6833 = SURFACE_SIDE_STYLE('',(#6834));
#6834 = SURFACE_STYLE_FILL_AREA(#6835);
#6835 = FILL_AREA_STYLE('',(#6836));
#6836 = FILL_AREA_STYLE_COLOUR('',#6353);
#6837 = STYLED_ITEM('color',(#6838),#3634);
#6838 = PRESENTATION_STYLE_ASSIGNMENT((#6839));
#6839 = SURFACE_STYLE_USAGE(.BOTH.,#6840);
#6840 = SURFACE_SIDE_STYLE('',(#6841));
#6841 = SURFACE_STYLE_FILL_AREA(#6842);
#6842 = FILL_AREA_STYLE('',(#6843));
#6843 = FILL_AREA_STYLE_COLOUR('',#6353);
#6844 = STYLED_ITEM('color',(#6845),#3661);
#6845 = PRESENTATION_STYLE_ASSIGNMENT((#6846));
#6846 = SURFACE_STYLE_USAGE(.BOTH.,#6847);
#6847 = SURFACE_SIDE_STYLE('',(#6848));
#6848 = SURFACE_STYLE_FILL_AREA(#6849);
#6849 = FILL_AREA_STYLE('',(#6850));
#6850 = FILL_AREA_STYLE_COLOUR('',#6353);
#6851 = STYLED_ITEM('color',(#6852),#3678);
#6852 = PRESENTATION_STYLE_ASSIGNMENT((#6853));
#6853 = SURFACE_STYLE_USAGE(.BOTH.,#6854);
#6854 = SURFACE_SIDE_STYLE('',(#6855));
#6855 = SURFACE_STYLE_FILL_AREA(#6856);
#6856 = FILL_AREA_STYLE('',(#6857));
#6857 = FILL_AREA_STYLE_COLOUR('',#6114);
#6858 = STYLED_ITEM('color',(#6859),#3695);
#6859 = PRESENTATION_STYLE_ASSIGNMENT((#6860));
#6860 = SURFACE_STYLE_USAGE(.BOTH.,#6861);
#6861 = SURFACE_SIDE_STYLE('',(#6862));
#6862 = SURFACE_STYLE_FILL_AREA(#6863);
#6863 = FILL_AREA_STYLE('',(#6864));
#6864 = FILL_AREA_STYLE_COLOUR('',#6114);
#6865 = STYLED_ITEM('color',(#6866),#3712);
#6866 = PRESENTATION_STYLE_ASSIGNMENT((#6867));
#6867 = SURFACE_STYLE_USAGE(.BOTH.,#6868);
#6868 = SURFACE_SIDE_STYLE('',(#6869));
#6869 = SURFACE_STYLE_FILL_AREA(#6870);
#6870 = FILL_AREA_STYLE('',(#6871));
#6871 = FILL_AREA_STYLE_COLOUR('',#6353);
#6872 = STYLED_ITEM('color',(#6873),#3761);
#6873 = PRESENTATION_STYLE_ASSIGNMENT((#6874));
#6874 = SURFACE_STYLE_USAGE(.BOTH.,#6875);
#6875 = SURFACE_SIDE_STYLE('',(#6876));
#6876 = SURFACE_STYLE_FILL_AREA(#6877);
#6877 = FILL_AREA_STYLE('',(#6878));
#6878 = FILL_AREA_STYLE_COLOUR('',#6353);
#6879 = STYLED_ITEM('color',(#6880),#3785);
#6880 = PRESENTATION_STYLE_ASSIGNMENT((#6881));
#6881 = SURFACE_STYLE_USAGE(.BOTH.,#6882);
#6882 = SURFACE_SIDE_STYLE('',(#6883));
#6883 = SURFACE_STYLE_FILL_AREA(#6884);
#6884 = FILL_AREA_STYLE('',(#6885));
#6885 = FILL_AREA_STYLE_COLOUR('',#6353);
#6886 = STYLED_ITEM('color',(#6887),#3827);
#6887 = PRESENTATION_STYLE_ASSIGNMENT((#6888));
#6888 = SURFACE_STYLE_USAGE(.BOTH.,#6889);
#6889 = SURFACE_SIDE_STYLE('',(#6890));
#6890 = SURFACE_STYLE_FILL_AREA(#6891);
#6891 = FILL_AREA_STYLE('',(#6892));
#6892 = FILL_AREA_STYLE_COLOUR('',#6353);
#6893 = STYLED_ITEM('color',(#6894),#3844);
#6894 = PRESENTATION_STYLE_ASSIGNMENT((#6895));
#6895 = SURFACE_STYLE_USAGE(.BOTH.,#6896);
#6896 = SURFACE_SIDE_STYLE('',(#6897));
#6897 = SURFACE_STYLE_FILL_AREA(#6898);
#6898 = FILL_AREA_STYLE('',(#6899));
#6899 = FILL_AREA_STYLE_COLOUR('',#6114);
#6900 = STYLED_ITEM('color',(#6901),#3861);
#6901 = PRESENTATION_STYLE_ASSIGNMENT((#6902));
#6902 = SURFACE_STYLE_USAGE(.BOTH.,#6903);
#6903 = SURFACE_SIDE_STYLE('',(#6904));
#6904 = SURFACE_STYLE_FILL_AREA(#6905);
#6905 = FILL_AREA_STYLE('',(#6906));
#6906 = FILL_AREA_STYLE_COLOUR('',#6114);
#6907 = STYLED_ITEM('color',(#6908),#3878);
#6908 = PRESENTATION_STYLE_ASSIGNMENT((#6909));
#6909 = SURFACE_STYLE_USAGE(.BOTH.,#6910);
#6910 = SURFACE_SIDE_STYLE('',(#6911));
#6911 = SURFACE_STYLE_FILL_AREA(#6912);
#6912 = FILL_AREA_STYLE('',(#6913));
#6913 = FILL_AREA_STYLE_COLOUR('',#6353);
#6914 = STYLED_ITEM('color',(#6915),#3927);
#6915 = PRESENTATION_STYLE_ASSIGNMENT((#6916));
#6916 = SURFACE_STYLE_USAGE(.BOTH.,#6917);
#6917 = SURFACE_SIDE_STYLE('',(#6918));
#6918 = SURFACE_STYLE_FILL_AREA(#6919);
#6919 = FILL_AREA_STYLE('',(#6920));
#6920 = FILL_AREA_STYLE_COLOUR('',#6353);
#6921 = STYLED_ITEM('color',(#6922),#3951);
#6922 = PRESENTATION_STYLE_ASSIGNMENT((#6923));
#6923 = SURFACE_STYLE_USAGE(.BOTH.,#6924);
#6924 = SURFACE_SIDE_STYLE('',(#6925));
#6925 = SURFACE_STYLE_FILL_AREA(#6926);
#6926 = FILL_AREA_STYLE('',(#6927));
#6927 = FILL_AREA_STYLE_COLOUR('',#6353);
#6928 = STYLED_ITEM('color',(#6929),#3993);
#6929 = PRESENTATION_STYLE_ASSIGNMENT((#6930));
#6930 = SURFACE_STYLE_USAGE(.BOTH.,#6931);
#6931 = SURFACE_SIDE_STYLE('',(#6932));
#6932 = SURFACE_STYLE_FILL_AREA(#6933);
#6933 = FILL_AREA_STYLE('',(#6934));
#6934 = FILL_AREA_STYLE_COLOUR('',#6353);
#6935 = STYLED_ITEM('color',(#6936),#4010);
#6936 = PRESENTATION_STYLE_ASSIGNMENT((#6937));
#6937 = SURFACE_STYLE_USAGE(.BOTH.,#6938);
#6938 = SURFACE_SIDE_STYLE('',(#6939));
#6939 = SURFACE_STYLE_FILL_AREA(#6940);
#6940 = FILL_AREA_STYLE('',(#6941));
#6941 = FILL_AREA_STYLE_COLOUR('',#6114);
#6942 = STYLED_ITEM('color',(#6943),#4027);
#6943 = PRESENTATION_STYLE_ASSIGNMENT((#6944));
#6944 = SURFACE_STYLE_USAGE(.BOTH.,#6945);
#6945 = SURFACE_SIDE_STYLE('',(#6946));
#6946 = SURFACE_STYLE_FILL_AREA(#6947);
#6947 = FILL_AREA_STYLE('',(#6948));
#6948 = FILL_AREA_STYLE_COLOUR('',#6114);
#6949 = STYLED_ITEM('color',(#6950),#4044);
#6950 = PRESENTATION_STYLE_ASSIGNMENT((#6951));
#6951 = SURFACE_STYLE_USAGE(.BOTH.,#6952);
#6952 = SURFACE_SIDE_STYLE('',(#6953));
#6953 = SURFACE_STYLE_FILL_AREA(#6954);
#6954 = FILL_AREA_STYLE('',(#6955));
#6955 = FILL_AREA_STYLE_COLOUR('',#6353);
#6956 = STYLED_ITEM('color',(#6957),#4093);
#6957 = PRESENTATION_STYLE_ASSIGNMENT((#6958));
#6958 = SURFACE_STYLE_USAGE(.BOTH.,#6959);
#6959 = SURFACE_SIDE_STYLE('',(#6960));
#6960 = SURFACE_STYLE_FILL_AREA(#6961);
#6961 = FILL_AREA_STYLE('',(#6962));
#6962 = FILL_AREA_STYLE_COLOUR('',#6353);
#6963 = STYLED_ITEM('color',(#6964),#4117);
#6964 = PRESENTATION_STYLE_ASSIGNMENT((#6965));
#6965 = SURFACE_STYLE_USAGE(.BOTH.,#6966);
#6966 = SURFACE_SIDE_STYLE('',(#6967));
#6967 = SURFACE_STYLE_FILL_AREA(#6968);
#6968 = FILL_AREA_STYLE('',(#6969));
#6969 = FILL_AREA_STYLE_COLOUR('',#6353);
#6970 = STYLED_ITEM('color',(#6971),#4159);
#6971 = PRESENTATION_STYLE_ASSIGNMENT((#6972));
#6972 = SURFACE_STYLE_USAGE(.BOTH.,#6973);
#6973 = SURFACE_SIDE_STYLE('',(#6974));
#6974 = SURFACE_STYLE_FILL_AREA(#6975);
#6975 = FILL_AREA_STYLE('',(#6976));
#6976 = FILL_AREA_STYLE_COLOUR('',#6353);
#6977 = STYLED_ITEM('color',(#6978),#4176);
#6978 = PRESENTATION_STYLE_ASSIGNMENT((#6979));
#6979 = SURFACE_STYLE_USAGE(.BOTH.,#6980);
#6980 = SURFACE_SIDE_STYLE('',(#6981));
#6981 = SURFACE_STYLE_FILL_AREA(#6982);
#6982 = FILL_AREA_STYLE('',(#6983));
#6983 = FILL_AREA_STYLE_COLOUR('',#6114);
#6984 = STYLED_ITEM('color',(#6985),#4193);
#6985 = PRESENTATION_STYLE_ASSIGNMENT((#6986));
#6986 = SURFACE_STYLE_USAGE(.BOTH.,#6987);
#6987 = SURFACE_SIDE_STYLE('',(#6988));
#6988 = SURFACE_STYLE_FILL_AREA(#6989);
#6989 = FILL_AREA_STYLE('',(#6990));
#6990 = FILL_AREA_STYLE_COLOUR('',#6114);
#6991 = STYLED_ITEM('color',(#6992),#4210);
#6992 = PRESENTATION_STYLE_ASSIGNMENT((#6993));
#6993 = SURFACE_STYLE_USAGE(.BOTH.,#6994);
#6994 = SURFACE_SIDE_STYLE('',(#6995));
#6995 = SURFACE_STYLE_FILL_AREA(#6996);
#6996 = FILL_AREA_STYLE('',(#6997));
#6997 = FILL_AREA_STYLE_COLOUR('',#6353);
#6998 = STYLED_ITEM('color',(#6999),#4259);
#6999 = PRESENTATION_STYLE_ASSIGNMENT((#7000));
#7000 = SURFACE_STYLE_USAGE(.BOTH.,#7001);
#7001 = SURFACE_SIDE_STYLE('',(#7002));
#7002 = SURFACE_STYLE_FILL_AREA(#7003);
#7003 = FILL_AREA_STYLE('',(#7004));
#7004 = FILL_AREA_STYLE_COLOUR('',#6353);
#7005 = STYLED_ITEM('color',(#7006),#4283);
#7006 = PRESENTATION_STYLE_ASSIGNMENT((#7007));
#7007 = SURFACE_STYLE_USAGE(.BOTH.,#7008);
#7008 = SURFACE_SIDE_STYLE('',(#7009));
#7009 = SURFACE_STYLE_FILL_AREA(#7010);
#7010 = FILL_AREA_STYLE('',(#7011));
#7011 = FILL_AREA_STYLE_COLOUR('',#6353);
#7012 = STYLED_ITEM('color',(#7013),#4325);
#7013 = PRESENTATION_STYLE_ASSIGNMENT((#7014));
#7014 = SURFACE_STYLE_USAGE(.BOTH.,#7015);
#7015 = SURFACE_SIDE_STYLE('',(#7016));
#7016 = SURFACE_STYLE_FILL_AREA(#7017);
#7017 = FILL_AREA_STYLE('',(#7018));
#7018 = FILL_AREA_STYLE_COLOUR('',#6353);
#7019 = STYLED_ITEM('color',(#7020),#4342);
#7020 = PRESENTATION_STYLE_ASSIGNMENT((#7021));
#7021 = SURFACE_STYLE_USAGE(.BOTH.,#7022);
#7022 = SURFACE_SIDE_STYLE('',(#7023));
#7023 = SURFACE_STYLE_FILL_AREA(#7024);
#7024 = FILL_AREA_STYLE('',(#7025));
#7025 = FILL_AREA_STYLE_COLOUR('',#6114);
#7026 = STYLED_ITEM('color',(#7027),#4359);
#7027 = PRESENTATION_STYLE_ASSIGNMENT((#7028));
#7028 = SURFACE_STYLE_USAGE(.BOTH.,#7029);
#7029 = SURFACE_SIDE_STYLE('',(#7030));
#7030 = SURFACE_STYLE_FILL_AREA(#7031);
#7031 = FILL_AREA_STYLE('',(#7032));
#7032 = FILL_AREA_STYLE_COLOUR('',#6114);
#7033 = STYLED_ITEM('color',(#7034),#4376);
#7034 = PRESENTATION_STYLE_ASSIGNMENT((#7035));
#7035 = SURFACE_STYLE_USAGE(.BOTH.,#7036);
#7036 = SURFACE_SIDE_STYLE('',(#7037));
#7037 = SURFACE_STYLE_FILL_AREA(#7038);
#7038 = FILL_AREA_STYLE('',(#7039));
#7039 = FILL_AREA_STYLE_COLOUR('',#6353);
#7040 = STYLED_ITEM('color',(#7041),#4425);
#7041 = PRESENTATION_STYLE_ASSIGNMENT((#7042));
#7042 = SURFACE_STYLE_USAGE(.BOTH.,#7043);
#7043 = SURFACE_SIDE_STYLE('',(#7044));
#7044 = SURFACE_STYLE_FILL_AREA(#7045);
#7045 = FILL_AREA_STYLE('',(#7046));
#7046 = FILL_AREA_STYLE_COLOUR('',#6353);
#7047 = STYLED_ITEM('color',(#7048),#4449);
#7048 = PRESENTATION_STYLE_ASSIGNMENT((#7049));
#7049 = SURFACE_STYLE_USAGE(.BOTH.,#7050);
#7050 = SURFACE_SIDE_STYLE('',(#7051));
#7051 = SURFACE_STYLE_FILL_AREA(#7052);
#7052 = FILL_AREA_STYLE('',(#7053));
#7053 = FILL_AREA_STYLE_COLOUR('',#6353);
#7054 = STYLED_ITEM('color',(#7055),#4491);
#7055 = PRESENTATION_STYLE_ASSIGNMENT((#7056));
#7056 = SURFACE_STYLE_USAGE(.BOTH.,#7057);
#7057 = SURFACE_SIDE_STYLE('',(#7058));
#7058 = SURFACE_STYLE_FILL_AREA(#7059);
#7059 = FILL_AREA_STYLE('',(#7060));
#7060 = FILL_AREA_STYLE_COLOUR('',#6353);
#7061 = STYLED_ITEM('color',(#7062),#4508);
#7062 = PRESENTATION_STYLE_ASSIGNMENT((#7063));
#7063 = SURFACE_STYLE_USAGE(.BOTH.,#7064);
#7064 = SURFACE_SIDE_STYLE('',(#7065));
#7065 = SURFACE_STYLE_FILL_AREA(#7066);
#7066 = FILL_AREA_STYLE('',(#7067));
#7067 = FILL_AREA_STYLE_COLOUR('',#6114);
#7068 = STYLED_ITEM('color',(#7069),#4525);
#7069 = PRESENTATION_STYLE_ASSIGNMENT((#7070));
#7070 = SURFACE_STYLE_USAGE(.BOTH.,#7071);
#7071 = SURFACE_SIDE_STYLE('',(#7072));
#7072 = SURFACE_STYLE_FILL_AREA(#7073);
#7073 = FILL_AREA_STYLE('',(#7074));
#7074 = FILL_AREA_STYLE_COLOUR('',#6114);
#7075 = STYLED_ITEM('color',(#7076),#4542);
#7076 = PRESENTATION_STYLE_ASSIGNMENT((#7077));
#7077 = SURFACE_STYLE_USAGE(.BOTH.,#7078);
#7078 = SURFACE_SIDE_STYLE('',(#7079));
#7079 = SURFACE_STYLE_FILL_AREA(#7080);
#7080 = FILL_AREA_STYLE('',(#7081));
#7081 = FILL_AREA_STYLE_COLOUR('',#6353);
#7082 = STYLED_ITEM('color',(#7083),#4591);
#7083 = PRESENTATION_STYLE_ASSIGNMENT((#7084));
#7084 = SURFACE_STYLE_USAGE(.BOTH.,#7085);
#7085 = SURFACE_SIDE_STYLE('',(#7086));
#7086 = SURFACE_STYLE_FILL_AREA(#7087);
#7087 = FILL_AREA_STYLE('',(#7088));
#7088 = FILL_AREA_STYLE_COLOUR('',#6353);
#7089 = STYLED_ITEM('color',(#7090),#4615);
#7090 = PRESENTATION_STYLE_ASSIGNMENT((#7091));
#7091 = SURFACE_STYLE_USAGE(.BOTH.,#7092);
#7092 = SURFACE_SIDE_STYLE('',(#7093));
#7093 = SURFACE_STYLE_FILL_AREA(#7094);
#7094 = FILL_AREA_STYLE('',(#7095));
#7095 = FILL_AREA_STYLE_COLOUR('',#6353);
#7096 = STYLED_ITEM('color',(#7097),#4657);
#7097 = PRESENTATION_STYLE_ASSIGNMENT((#7098));
#7098 = SURFACE_STYLE_USAGE(.BOTH.,#7099);
#7099 = SURFACE_SIDE_STYLE('',(#7100));
#7100 = SURFACE_STYLE_FILL_AREA(#7101);
#7101 = FILL_AREA_STYLE('',(#7102));
#7102 = FILL_AREA_STYLE_COLOUR('',#6353);
#7103 = STYLED_ITEM('color',(#7104),#4674);
#7104 = PRESENTATION_STYLE_ASSIGNMENT((#7105));
#7105 = SURFACE_STYLE_USAGE(.BOTH.,#7106);
#7106 = SURFACE_SIDE_STYLE('',(#7107));
#7107 = SURFACE_STYLE_FILL_AREA(#7108);
#7108 = FILL_AREA_STYLE('',(#7109));
#7109 = FILL_AREA_STYLE_COLOUR('',#6353);
#7110 = STYLED_ITEM('color',(#7111),#4705);
#7111 = PRESENTATION_STYLE_ASSIGNMENT((#7112));
#7112 = SURFACE_STYLE_USAGE(.BOTH.,#7113);
#7113 = SURFACE_SIDE_STYLE('',(#7114));
#7114 = SURFACE_STYLE_FILL_AREA(#7115);
#7115 = FILL_AREA_STYLE('',(#7116));
#7116 = FILL_AREA_STYLE_COLOUR('',#6353);
#7117 = STYLED_ITEM('color',(#7118),#4730);
#7118 = PRESENTATION_STYLE_ASSIGNMENT((#7119));
#7119 = SURFACE_STYLE_USAGE(.BOTH.,#7120);
#7120 = SURFACE_SIDE_STYLE('',(#7121));
#7121 = SURFACE_STYLE_FILL_AREA(#7122);
#7122 = FILL_AREA_STYLE('',(#7123));
#7123 = FILL_AREA_STYLE_COLOUR('',#6353);
#7124 = STYLED_ITEM('color',(#7125),#4754);
#7125 = PRESENTATION_STYLE_ASSIGNMENT((#7126));
#7126 = SURFACE_STYLE_USAGE(.BOTH.,#7127);
#7127 = SURFACE_SIDE_STYLE('',(#7128));
#7128 = SURFACE_STYLE_FILL_AREA(#7129);
#7129 = FILL_AREA_STYLE('',(#7130));
#7130 = FILL_AREA_STYLE_COLOUR('',#6353);
#7131 = STYLED_ITEM('color',(#7132),#4772);
#7132 = PRESENTATION_STYLE_ASSIGNMENT((#7133));
#7133 = SURFACE_STYLE_USAGE(.BOTH.,#7134);
#7134 = SURFACE_SIDE_STYLE('',(#7135));
#7135 = SURFACE_STYLE_FILL_AREA(#7136);
#7136 = FILL_AREA_STYLE('',(#7137));
#7137 = FILL_AREA_STYLE_COLOUR('',#6353);
#7138 = STYLED_ITEM('color',(#7139),#4803);
#7139 = PRESENTATION_STYLE_ASSIGNMENT((#7140));
#7140 = SURFACE_STYLE_USAGE(.BOTH.,#7141);
#7141 = SURFACE_SIDE_STYLE('',(#7142));
#7142 = SURFACE_STYLE_FILL_AREA(#7143);
#7143 = FILL_AREA_STYLE('',(#7144));
#7144 = FILL_AREA_STYLE_COLOUR('',#6353);
#7145 = STYLED_ITEM('color',(#7146),#4828);
#7146 = PRESENTATION_STYLE_ASSIGNMENT((#7147));
#7147 = SURFACE_STYLE_USAGE(.BOTH.,#7148);
#7148 = SURFACE_SIDE_STYLE('',(#7149));
#7149 = SURFACE_STYLE_FILL_AREA(#7150);
#7150 = FILL_AREA_STYLE('',(#7151));
#7151 = FILL_AREA_STYLE_COLOUR('',#6353);
#7152 = STYLED_ITEM('color',(#7153),#4852);
#7153 = PRESENTATION_STYLE_ASSIGNMENT((#7154));
#7154 = SURFACE_STYLE_USAGE(.BOTH.,#7155);
#7155 = SURFACE_SIDE_STYLE('',(#7156));
#7156 = SURFACE_STYLE_FILL_AREA(#7157);
#7157 = FILL_AREA_STYLE('',(#7158));
#7158 = FILL_AREA_STYLE_COLOUR('',#6353);
#7159 = STYLED_ITEM('color',(#7160),#4870);
#7160 = PRESENTATION_STYLE_ASSIGNMENT((#7161));
#7161 = SURFACE_STYLE_USAGE(.BOTH.,#7162);
#7162 = SURFACE_SIDE_STYLE('',(#7163));
#7163 = SURFACE_STYLE_FILL_AREA(#7164);
#7164 = FILL_AREA_STYLE('',(#7165));
#7165 = FILL_AREA_STYLE_COLOUR('',#6353);
#7166 = STYLED_ITEM('color',(#7167),#4901);
#7167 = PRESENTATION_STYLE_ASSIGNMENT((#7168));
#7168 = SURFACE_STYLE_USAGE(.BOTH.,#7169);
#7169 = SURFACE_SIDE_STYLE('',(#7170));
#7170 = SURFACE_STYLE_FILL_AREA(#7171);
#7171 = FILL_AREA_STYLE('',(#7172));
#7172 = FILL_AREA_STYLE_COLOUR('',#6353);
#7173 = STYLED_ITEM('color',(#7174),#4926);
#7174 = PRESENTATION_STYLE_ASSIGNMENT((#7175));
#7175 = SURFACE_STYLE_USAGE(.BOTH.,#7176);
#7176 = SURFACE_SIDE_STYLE('',(#7177));
#7177 = SURFACE_STYLE_FILL_AREA(#7178);
#7178 = FILL_AREA_STYLE('',(#7179));
#7179 = FILL_AREA_STYLE_COLOUR('',#6353);
#7180 = STYLED_ITEM('color',(#7181),#4950);
#7181 = PRESENTATION_STYLE_ASSIGNMENT((#7182));
#7182 = SURFACE_STYLE_USAGE(.BOTH.,#7183);
#7183 = SURFACE_SIDE_STYLE('',(#7184));
#7184 = SURFACE_STYLE_FILL_AREA(#7185);
#7185 = FILL_AREA_STYLE('',(#7186));
#7186 = FILL_AREA_STYLE_COLOUR('',#6353);
#7187 = STYLED_ITEM('color',(#7188),#4968);
#7188 = PRESENTATION_STYLE_ASSIGNMENT((#7189));
#7189 = SURFACE_STYLE_USAGE(.BOTH.,#7190);
#7190 = SURFACE_SIDE_STYLE('',(#7191));
#7191 = SURFACE_STYLE_FILL_AREA(#7192);
#7192 = FILL_AREA_STYLE('',(#7193));
#7193 = FILL_AREA_STYLE_COLOUR('',#6353);
#7194 = STYLED_ITEM('color',(#7195),#4999);
#7195 = PRESENTATION_STYLE_ASSIGNMENT((#7196));
#7196 = SURFACE_STYLE_USAGE(.BOTH.,#7197);
#7197 = SURFACE_SIDE_STYLE('',(#7198));
#7198 = SURFACE_STYLE_FILL_AREA(#7199);
#7199 = FILL_AREA_STYLE('',(#7200));
#7200 = FILL_AREA_STYLE_COLOUR('',#6353);
#7201 = STYLED_ITEM('color',(#7202),#5024);
#7202 = PRESENTATION_STYLE_ASSIGNMENT((#7203));
#7203 = SURFACE_STYLE_USAGE(.BOTH.,#7204);
#7204 = SURFACE_SIDE_STYLE('',(#7205));
#7205 = SURFACE_STYLE_FILL_AREA(#7206);
#7206 = FILL_AREA_STYLE('',(#7207));
#7207 = FILL_AREA_STYLE_COLOUR('',#6353);
#7208 = STYLED_ITEM('color',(#7209),#5048);
#7209 = PRESENTATION_STYLE_ASSIGNMENT((#7210));
#7210 = SURFACE_STYLE_USAGE(.BOTH.,#7211);
#7211 = SURFACE_SIDE_STYLE('',(#7212));
#7212 = SURFACE_STYLE_FILL_AREA(#7213);
#7213 = FILL_AREA_STYLE('',(#7214));
#7214 = FILL_AREA_STYLE_COLOUR('',#6353);
#7215 = STYLED_ITEM('color',(#7216),#5066);
#7216 = PRESENTATION_STYLE_ASSIGNMENT((#7217));
#7217 = SURFACE_STYLE_USAGE(.BOTH.,#7218);
#7218 = SURFACE_SIDE_STYLE('',(#7219));
#7219 = SURFACE_STYLE_FILL_AREA(#7220);
#7220 = FILL_AREA_STYLE('',(#7221));
#7221 = FILL_AREA_STYLE_COLOUR('',#6353);
#7222 = STYLED_ITEM('color',(#7223),#5097);
#7223 = PRESENTATION_STYLE_ASSIGNMENT((#7224));
#7224 = SURFACE_STYLE_USAGE(.BOTH.,#7225);
#7225 = SURFACE_SIDE_STYLE('',(#7226));
#7226 = SURFACE_STYLE_FILL_AREA(#7227);
#7227 = FILL_AREA_STYLE('',(#7228));
#7228 = FILL_AREA_STYLE_COLOUR('',#6353);
#7229 = STYLED_ITEM('color',(#7230),#5122);
#7230 = PRESENTATION_STYLE_ASSIGNMENT((#7231));
#7231 = SURFACE_STYLE_USAGE(.BOTH.,#7232);
#7232 = SURFACE_SIDE_STYLE('',(#7233));
#7233 = SURFACE_STYLE_FILL_AREA(#7234);
#7234 = FILL_AREA_STYLE('',(#7235));
#7235 = FILL_AREA_STYLE_COLOUR('',#6353);
#7236 = STYLED_ITEM('color',(#7237),#5146);
#7237 = PRESENTATION_STYLE_ASSIGNMENT((#7238));
#7238 = SURFACE_STYLE_USAGE(.BOTH.,#7239);
#7239 = SURFACE_SIDE_STYLE('',(#7240));
#7240 = SURFACE_STYLE_FILL_AREA(#7241);
#7241 = FILL_AREA_STYLE('',(#7242));
#7242 = FILL_AREA_STYLE_COLOUR('',#6353);
#7243 = STYLED_ITEM('color',(#7244),#5164);
#7244 = PRESENTATION_STYLE_ASSIGNMENT((#7245));
#7245 = SURFACE_STYLE_USAGE(.BOTH.,#7246);
#7246 = SURFACE_SIDE_STYLE('',(#7247));
#7247 = SURFACE_STYLE_FILL_AREA(#7248);
#7248 = FILL_AREA_STYLE('',(#7249));
#7249 = FILL_AREA_STYLE_COLOUR('',#6353);
#7250 = STYLED_ITEM('color',(#7251),#5195);
#7251 = PRESENTATION_STYLE_ASSIGNMENT((#7252));
#7252 = SURFACE_STYLE_USAGE(.BOTH.,#7253);
#7253 = SURFACE_SIDE_STYLE('',(#7254));
#7254 = SURFACE_STYLE_FILL_AREA(#7255);
#7255 = FILL_AREA_STYLE('',(#7256));
#7256 = FILL_AREA_STYLE_COLOUR('',#6353);
#7257 = STYLED_ITEM('color',(#7258),#5220);
#7258 = PRESENTATION_STYLE_ASSIGNMENT((#7259));
#7259 = SURFACE_STYLE_USAGE(.BOTH.,#7260);
#7260 = SURFACE_SIDE_STYLE('',(#7261));
#7261 = SURFACE_STYLE_FILL_AREA(#7262);
#7262 = FILL_AREA_STYLE('',(#7263));
#7263 = FILL_AREA_STYLE_COLOUR('',#6353);
#7264 = STYLED_ITEM('color',(#7265),#5244);
#7265 = PRESENTATION_STYLE_ASSIGNMENT((#7266));
#7266 = SURFACE_STYLE_USAGE(.BOTH.,#7267);
#7267 = SURFACE_SIDE_STYLE('',(#7268));
#7268 = SURFACE_STYLE_FILL_AREA(#7269);
#7269 = FILL_AREA_STYLE('',(#7270));
#7270 = FILL_AREA_STYLE_COLOUR('',#6353);
#7271 = STYLED_ITEM('color',(#7272),#5262);
#7272 = PRESENTATION_STYLE_ASSIGNMENT((#7273));
#7273 = SURFACE_STYLE_USAGE(.BOTH.,#7274);
#7274 = SURFACE_SIDE_STYLE('',(#7275));
#7275 = SURFACE_STYLE_FILL_AREA(#7276);
#7276 = FILL_AREA_STYLE('',(#7277));
#7277 = FILL_AREA_STYLE_COLOUR('',#6353);
#7278 = STYLED_ITEM('color',(#7279),#5279);
#7279 = PRESENTATION_STYLE_ASSIGNMENT((#7280));
#7280 = SURFACE_STYLE_USAGE(.BOTH.,#7281);
#7281 = SURFACE_SIDE_STYLE('',(#7282));
#7282 = SURFACE_STYLE_FILL_AREA(#7283);
#7283 = FILL_AREA_STYLE('',(#7284));
#7284 = FILL_AREA_STYLE_COLOUR('',#6353);
#7285 = STYLED_ITEM('color',(#7286),#5296);
#7286 = PRESENTATION_STYLE_ASSIGNMENT((#7287));
#7287 = SURFACE_STYLE_USAGE(.BOTH.,#7288);
#7288 = SURFACE_SIDE_STYLE('',(#7289));
#7289 = SURFACE_STYLE_FILL_AREA(#7290);
#7290 = FILL_AREA_STYLE('',(#7291));
#7291 = FILL_AREA_STYLE_COLOUR('',#6353);
#7292 = STYLED_ITEM('color',(#7293),#5308);
#7293 = PRESENTATION_STYLE_ASSIGNMENT((#7294));
#7294 = SURFACE_STYLE_USAGE(.BOTH.,#7295);
#7295 = SURFACE_SIDE_STYLE('',(#7296));
#7296 = SURFACE_STYLE_FILL_AREA(#7297);
#7297 = FILL_AREA_STYLE('',(#7298));
#7298 = FILL_AREA_STYLE_COLOUR('',#6353);
#7299 = STYLED_ITEM('color',(#7300),#5325);
#7300 = PRESENTATION_STYLE_ASSIGNMENT((#7301));
#7301 = SURFACE_STYLE_USAGE(.BOTH.,#7302);
#7302 = SURFACE_SIDE_STYLE('',(#7303));
#7303 = SURFACE_STYLE_FILL_AREA(#7304);
#7304 = FILL_AREA_STYLE('',(#7305));
#7305 = FILL_AREA_STYLE_COLOUR('',#6353);
#7306 = STYLED_ITEM('color',(#7307),#5342);
#7307 = PRESENTATION_STYLE_ASSIGNMENT((#7308));
#7308 = SURFACE_STYLE_USAGE(.BOTH.,#7309);
#7309 = SURFACE_SIDE_STYLE('',(#7310));
#7310 = SURFACE_STYLE_FILL_AREA(#7311);
#7311 = FILL_AREA_STYLE('',(#7312));
#7312 = FILL_AREA_STYLE_COLOUR('',#6353);
#7313 = STYLED_ITEM('color',(#7314),#5354);
#7314 = PRESENTATION_STYLE_ASSIGNMENT((#7315));
#7315 = SURFACE_STYLE_USAGE(.BOTH.,#7316);
#7316 = SURFACE_SIDE_STYLE('',(#7317));
#7317 = SURFACE_STYLE_FILL_AREA(#7318);
#7318 = FILL_AREA_STYLE('',(#7319));
#7319 = FILL_AREA_STYLE_COLOUR('',#6353);
#7320 = STYLED_ITEM('color',(#7321),#5371);
#7321 = PRESENTATION_STYLE_ASSIGNMENT((#7322));
#7322 = SURFACE_STYLE_USAGE(.BOTH.,#7323);
#7323 = SURFACE_SIDE_STYLE('',(#7324));
#7324 = SURFACE_STYLE_FILL_AREA(#7325);
#7325 = FILL_AREA_STYLE('',(#7326));
#7326 = FILL_AREA_STYLE_COLOUR('',#6353);
#7327 = STYLED_ITEM('color',(#7328),#5388);
#7328 = PRESENTATION_STYLE_ASSIGNMENT((#7329));
#7329 = SURFACE_STYLE_USAGE(.BOTH.,#7330);
#7330 = SURFACE_SIDE_STYLE('',(#7331));
#7331 = SURFACE_STYLE_FILL_AREA(#7332);
#7332 = FILL_AREA_STYLE('',(#7333));
#7333 = FILL_AREA_STYLE_COLOUR('',#6353);
#7334 = STYLED_ITEM('color',(#7335),#5400);
#7335 = PRESENTATION_STYLE_ASSIGNMENT((#7336));
#7336 = SURFACE_STYLE_USAGE(.BOTH.,#7337);
#7337 = SURFACE_SIDE_STYLE('',(#7338));
#7338 = SURFACE_STYLE_FILL_AREA(#7339);
#7339 = FILL_AREA_STYLE('',(#7340));
#7340 = FILL_AREA_STYLE_COLOUR('',#6353);
#7341 = STYLED_ITEM('color',(#7342),#5417);
#7342 = PRESENTATION_STYLE_ASSIGNMENT((#7343));
#7343 = SURFACE_STYLE_USAGE(.BOTH.,#7344);
#7344 = SURFACE_SIDE_STYLE('',(#7345));
#7345 = SURFACE_STYLE_FILL_AREA(#7346);
#7346 = FILL_AREA_STYLE('',(#7347));
#7347 = FILL_AREA_STYLE_COLOUR('',#6353);
#7348 = STYLED_ITEM('color',(#7349),#5434);
#7349 = PRESENTATION_STYLE_ASSIGNMENT((#7350));
#7350 = SURFACE_STYLE_USAGE(.BOTH.,#7351);
#7351 = SURFACE_SIDE_STYLE('',(#7352));
#7352 = SURFACE_STYLE_FILL_AREA(#7353);
#7353 = FILL_AREA_STYLE('',(#7354));
#7354 = FILL_AREA_STYLE_COLOUR('',#6353);
#7355 = STYLED_ITEM('color',(#7356),#5446);
#7356 = PRESENTATION_STYLE_ASSIGNMENT((#7357));
#7357 = SURFACE_STYLE_USAGE(.BOTH.,#7358);
#7358 = SURFACE_SIDE_STYLE('',(#7359));
#7359 = SURFACE_STYLE_FILL_AREA(#7360);
#7360 = FILL_AREA_STYLE('',(#7361));
#7361 = FILL_AREA_STYLE_COLOUR('',#6353);
#7362 = STYLED_ITEM('color',(#7363),#5463);
#7363 = PRESENTATION_STYLE_ASSIGNMENT((#7364));
#7364 = SURFACE_STYLE_USAGE(.BOTH.,#7365);
#7365 = SURFACE_SIDE_STYLE('',(#7366));
#7366 = SURFACE_STYLE_FILL_AREA(#7367);
#7367 = FILL_AREA_STYLE('',(#7368));
#7368 = FILL_AREA_STYLE_COLOUR('',#6353);
#7369 = STYLED_ITEM('color',(#7370),#5480);
#7370 = PRESENTATION_STYLE_ASSIGNMENT((#7371));
#7371 = SURFACE_STYLE_USAGE(.BOTH.,#7372);
#7372 = SURFACE_SIDE_STYLE('',(#7373));
#7373 = SURFACE_STYLE_FILL_AREA(#7374);
#7374 = FILL_AREA_STYLE('',(#7375));
#7375 = FILL_AREA_STYLE_COLOUR('',#6353);
#7376 = STYLED_ITEM('color',(#7377),#5492);
#7377 = PRESENTATION_STYLE_ASSIGNMENT((#7378));
#7378 = SURFACE_STYLE_USAGE(.BOTH.,#7379);
#7379 = SURFACE_SIDE_STYLE('',(#7380));
#7380 = SURFACE_STYLE_FILL_AREA(#7381);
#7381 = FILL_AREA_STYLE('',(#7382));
#7382 = FILL_AREA_STYLE_COLOUR('',#6353);
#7383 = STYLED_ITEM('color',(#7384),#5509);
#7384 = PRESENTATION_STYLE_ASSIGNMENT((#7385));
#7385 = SURFACE_STYLE_USAGE(.BOTH.,#7386);
#7386 = SURFACE_SIDE_STYLE('',(#7387));
#7387 = SURFACE_STYLE_FILL_AREA(#7388);
#7388 = FILL_AREA_STYLE('',(#7389));
#7389 = FILL_AREA_STYLE_COLOUR('',#6353);
#7390 = STYLED_ITEM('color',(#7391),#5526);
#7391 = PRESENTATION_STYLE_ASSIGNMENT((#7392));
#7392 = SURFACE_STYLE_USAGE(.BOTH.,#7393);
#7393 = SURFACE_SIDE_STYLE('',(#7394));
#7394 = SURFACE_STYLE_FILL_AREA(#7395);
#7395 = FILL_AREA_STYLE('',(#7396));
#7396 = FILL_AREA_STYLE_COLOUR('',#6353);
#7397 = STYLED_ITEM('color',(#7398),#5538);
#7398 = PRESENTATION_STYLE_ASSIGNMENT((#7399));
#7399 = SURFACE_STYLE_USAGE(.BOTH.,#7400);
#7400 = SURFACE_SIDE_STYLE('',(#7401));
#7401 = SURFACE_STYLE_FILL_AREA(#7402);
#7402 = FILL_AREA_STYLE('',(#7403));
#7403 = FILL_AREA_STYLE_COLOUR('',#6353);
#7404 = STYLED_ITEM('color',(#7405),#5550);
#7405 = PRESENTATION_STYLE_ASSIGNMENT((#7406));
#7406 = SURFACE_STYLE_USAGE(.BOTH.,#7407);
#7407 = SURFACE_SIDE_STYLE('',(#7408));
#7408 = SURFACE_STYLE_FILL_AREA(#7409);
#7409 = FILL_AREA_STYLE('',(#7410));
#7410 = FILL_AREA_STYLE_COLOUR('',#6353);
#7411 = STYLED_ITEM('color',(#7412),#5562);
#7412 = PRESENTATION_STYLE_ASSIGNMENT((#7413));
#7413 = SURFACE_STYLE_USAGE(.BOTH.,#7414);
#7414 = SURFACE_SIDE_STYLE('',(#7415));
#7415 = SURFACE_STYLE_FILL_AREA(#7416);
#7416 = FILL_AREA_STYLE('',(#7417));
#7417 = FILL_AREA_STYLE_COLOUR('',#6353);
#7418 = STYLED_ITEM('color',(#7419),#5574);
#7419 = PRESENTATION_STYLE_ASSIGNMENT((#7420));
#7420 = SURFACE_STYLE_USAGE(.BOTH.,#7421);
#7421 = SURFACE_SIDE_STYLE('',(#7422));
#7422 = SURFACE_STYLE_FILL_AREA(#7423);
#7423 = FILL_AREA_STYLE('',(#7424));
#7424 = FILL_AREA_STYLE_COLOUR('',#6353);
#7425 = STYLED_ITEM('color',(#7426),#5586);
#7426 = PRESENTATION_STYLE_ASSIGNMENT((#7427));
#7427 = SURFACE_STYLE_USAGE(.BOTH.,#7428);
#7428 = SURFACE_SIDE_STYLE('',(#7429));
#7429 = SURFACE_STYLE_FILL_AREA(#7430);
#7430 = FILL_AREA_STYLE('',(#7431));
#7431 = FILL_AREA_STYLE_COLOUR('',#6353);
#7432 = STYLED_ITEM('color',(#7433),#5598);
#7433 = PRESENTATION_STYLE_ASSIGNMENT((#7434));
#7434 = SURFACE_STYLE_USAGE(.BOTH.,#7435);
#7435 = SURFACE_SIDE_STYLE('',(#7436));
#7436 = SURFACE_STYLE_FILL_AREA(#7437);
#7437 = FILL_AREA_STYLE('',(#7438));
#7438 = FILL_AREA_STYLE_COLOUR('',#6353);
#7439 = MECHANICAL_DESIGN_GEOMETRIC_PRESENTATION_REPRESENTATION('',(
    #7440),#6095);
#7440 = STYLED_ITEM('color',(#7441),#5629);
#7441 = PRESENTATION_STYLE_ASSIGNMENT((#7442));
#7442 = SURFACE_STYLE_USAGE(.BOTH.,#7443);
#7443 = SURFACE_SIDE_STYLE('',(#7444));
#7444 = SURFACE_STYLE_FILL_AREA(#7445);
#7445 = FILL_AREA_STYLE('',(#7446));
#7446 = FILL_AREA_STYLE_COLOUR('',#7447);
#7447 = COLOUR_RGB('',0.313304153717,0.484529207832,0.410020903123);
ENDSEC;
END-ISO-10303-21;
